2025-10-10T07:01:57,914 INFO  [main] [org.nuxeo.osgi.application.loader.FrameworkLoader] 
======================================================================
= Starting Nuxeo Framework
======================================================================
  * Server home = /opt/nuxeo/server
  * Runtime home = /opt/nuxeo/server/nxserver
  * Data Directory = /var/lib/nuxeo/data
  * Log Directory = /var/log/nuxeo
  * Configuration Directory = /opt/nuxeo/server/nxserver/config
  * Temp Directory = /opt/nuxeo/server/tmp
======================================================================
2025-10-10T07:02:04,508 WARN  [main] [org.nuxeo.ecm.platform.commandline.executor.service.CommandLineExecutorComponent] Command not available: videoClosedCaptionsExtractor (command ccextractor not found in system path (descriptor CommandLineDescriptor[name=videoClosedCaptionsExtractor,enabled=true,available=false,command=ccextractor,parameterString=#{sourceFilePath} -out=#{outFormat} -trim -o #{outFilePath},testParameterString=,winParameterString=<null>,winTestParameterString=,winCommand=<null>,tester=<null>,readOutput=true,installationDirective=You need to install ccextractor.,installErrorMessage=<null>]). You need to install ccextractor.)
2025-10-10T07:02:04,519 WARN  [main] [org.nuxeo.ecm.platform.commandline.executor.service.CommandLineExecutorComponent] Command not available: videoPartClosedCaptionsExtractor (command ccextractor not found in system path (descriptor CommandLineDescriptor[name=videoPartClosedCaptionsExtractor,enabled=true,available=false,command=ccextractor,parameterString=#{sourceFilePath} -out=#{outFormat} -startat #{startAt} -endat #{endAt} -trim -o #{outFilePath},testParameterString=,winParameterString=<null>,winTestParameterString=,winCommand=<null>,tester=<null>,readOutput=true,installationDirective=You need to install ccextractor.,installErrorMessage=<null>]). You need to install ccextractor.)
2025-10-10T07:02:09,634 WARN  [main] [org.nuxeo.elasticsearch.core.ElasticSearchEmbeddedNode] Elasticsearch embedded configuration is ONLY for testing purpose. You need to create a dedicated Elasticsearch cluster for production.
2025-10-10T07:02:17,979 WARN  [main] [org.nuxeo.ecm.core.io.impl.AbstractDocumentModelWriter] The document Summer in the USA with id=2f33e13b-70e1-446c-a053-128bddc77af1 and type=BCContract contains the facet 'BCTrashMgt', which is not registered as available in the schemaManager. This facet will be ignored.
2025-10-10T07:02:17,980 WARN  [main] [org.nuxeo.ecm.core.io.impl.AbstractDocumentModelWriter] The document Summer in the USA with id=2f33e13b-70e1-446c-a053-128bddc77af1 and type=DocumentTypeImpl(BCContract) contains the schema 'bctrashmgt', which is not registered as available in the schemaManager. This schema will be ignored.
2025-10-10T07:02:18,011 WARN  [main] [org.nuxeo.ecm.core.io.impl.AbstractDocumentModelWriter] The document To the Moon and back with id=b0f3da9a-9b84-4b19-b7af-ccef24203c73 and type=BCContract contains the facet 'BCTrashMgt', which is not registered as available in the schemaManager. This facet will be ignored.
2025-10-10T07:02:18,012 WARN  [main] [org.nuxeo.ecm.core.io.impl.AbstractDocumentModelWriter] The document To the Moon and back with id=b0f3da9a-9b84-4b19-b7af-ccef24203c73 and type=DocumentTypeImpl(BCContract) contains the schema 'bctrashmgt', which is not registered as available in the schemaManager. This schema will be ignored.
2025-10-10T07:02:18,048 WARN  [main] [org.nuxeo.ecm.core.io.impl.AbstractDocumentModelWriter] The document Winter in the USA with id=12f574b8-39ff-4bfd-9e3f-b40da61423f4 and type=BCContract contains the facet 'BCTrashMgt', which is not registered as available in the schemaManager. This facet will be ignored.
2025-10-10T07:02:18,050 WARN  [main] [org.nuxeo.ecm.core.io.impl.AbstractDocumentModelWriter] The document Winter in the USA with id=12f574b8-39ff-4bfd-9e3f-b40da61423f4 and type=DocumentTypeImpl(BCContract) contains the schema 'bctrashmgt', which is not registered as available in the schemaManager. This schema will be ignored.
2025-10-10T07:02:18,201 WARN  [main] [org.nuxeo.ecm.core.io.impl.AbstractDocumentModelWriter] The document 2015 Annual Conference with id=d13018b2-0467-4d74-9536-cfa7c529b717 and type=BCContract contains the facet 'BCTrashMgt', which is not registered as available in the schemaManager. This facet will be ignored.
2025-10-10T07:02:18,202 WARN  [main] [org.nuxeo.ecm.core.io.impl.AbstractDocumentModelWriter] The document 2015 Annual Conference with id=d13018b2-0467-4d74-9536-cfa7c529b717 and type=DocumentTypeImpl(BCContract) contains the schema 'bctrashmgt', which is not registered as available in the schemaManager. This schema will be ignored.
2025-10-10T07:02:18,237 WARN  [main] [org.nuxeo.ecm.core.io.impl.AbstractDocumentModelWriter] The document 2016 Annual Conference with id=baf61ced-78e5-42d0-bef1-e6197b3e7ba2 and type=BCContract contains the facet 'BCTrashMgt', which is not registered as available in the schemaManager. This facet will be ignored.
2025-10-10T07:02:18,238 WARN  [main] [org.nuxeo.ecm.core.io.impl.AbstractDocumentModelWriter] The document 2016 Annual Conference with id=baf61ced-78e5-42d0-bef1-e6197b3e7ba2 and type=DocumentTypeImpl(BCContract) contains the schema 'bctrashmgt', which is not registered as available in the schemaManager. This schema will be ignored.
2025-10-10T07:02:18,273 WARN  [main] [org.nuxeo.ecm.core.io.impl.AbstractDocumentModelWriter] The document Geller-Bing Wedding with id=3605528e-1bd6-42ff-8f45-96be7ec91fd9 and type=BCContract contains the facet 'BCTrashMgt', which is not registered as available in the schemaManager. This facet will be ignored.
2025-10-10T07:02:18,274 WARN  [main] [org.nuxeo.ecm.core.io.impl.AbstractDocumentModelWriter] The document Geller-Bing Wedding with id=3605528e-1bd6-42ff-8f45-96be7ec91fd9 and type=DocumentTypeImpl(BCContract) contains the schema 'bctrashmgt', which is not registered as available in the schemaManager. This schema will be ignored.
2025-10-10T07:02:18,478 WARN  [main] [org.nuxeo.ecm.core.io.impl.AbstractDocumentModelWriter] The document Money Bank Auto Loan Con with id=50b4f04a-a028-43c8-b7b8-5e3b12b46cbc and type=BCContract contains the facet 'BCTrashMgt', which is not registered as available in the schemaManager. This facet will be ignored.
2025-10-10T07:02:18,480 WARN  [main] [org.nuxeo.ecm.core.io.impl.AbstractDocumentModelWriter] The document Money Bank Auto Loan Con with id=50b4f04a-a028-43c8-b7b8-5e3b12b46cbc and type=DocumentTypeImpl(BCContract) contains the schema 'bctrashmgt', which is not registered as available in the schemaManager. This schema will be ignored.
2025-10-10T07:02:18,513 WARN  [main] [org.nuxeo.ecm.core.io.impl.AbstractDocumentModelWriter] The document Money Bank Credit Card C with id=5ead2937-878d-4e7d-bcf9-ddc0989e3e1f and type=BCContract contains the facet 'BCTrashMgt', which is not registered as available in the schemaManager. This facet will be ignored.
2025-10-10T07:02:18,514 WARN  [main] [org.nuxeo.ecm.core.io.impl.AbstractDocumentModelWriter] The document Money Bank Credit Card C with id=5ead2937-878d-4e7d-bcf9-ddc0989e3e1f and type=DocumentTypeImpl(BCContract) contains the schema 'bctrashmgt', which is not registered as available in the schemaManager. This schema will be ignored.
2025-10-10T07:02:18,558 WARN  [main] [org.nuxeo.ecm.core.io.impl.AbstractDocumentModelWriter] The document Money Bank Mortgage Cont with id=2833aae9-4153-4d89-abb8-d3608decbf99 and type=BCContract contains the facet 'BCTrashMgt', which is not registered as available in the schemaManager. This facet will be ignored.
2025-10-10T07:02:18,561 WARN  [main] [org.nuxeo.ecm.core.io.impl.AbstractDocumentModelWriter] The document Money Bank Mortgage Cont with id=2833aae9-4153-4d89-abb8-d3608decbf99 and type=DocumentTypeImpl(BCContract) contains the schema 'bctrashmgt', which is not registered as available in the schemaManager. This schema will be ignored.
2025-10-10T07:02:18,606 WARN  [main] [org.nuxeo.ecm.core.io.impl.AbstractDocumentModelWriter] The document Money Bank Student Loan with id=a2e62823-c6c8-4eb3-9500-0b2ef392f9b7 and type=BCContract contains the facet 'BCTrashMgt', which is not registered as available in the schemaManager. This facet will be ignored.
2025-10-10T07:02:18,607 WARN  [main] [org.nuxeo.ecm.core.io.impl.AbstractDocumentModelWriter] The document Money Bank Student Loan with id=a2e62823-c6c8-4eb3-9500-0b2ef392f9b7 and type=DocumentTypeImpl(BCContract) contains the schema 'bctrashmgt', which is not registered as available in the schemaManager. This schema will be ignored.
2025-10-10T07:02:18,743 WARN  [main] [org.nuxeo.ecm.core.io.impl.AbstractDocumentModelWriter] The document Beyond Space - Website S with id=ce72e75e-9a67-4cd3-bdd5-dfb9a499735c and type=BCContract contains the facet 'BCTrashMgt', which is not registered as available in the schemaManager. This facet will be ignored.
2025-10-10T07:02:18,744 WARN  [main] [org.nuxeo.ecm.core.io.impl.AbstractDocumentModelWriter] The document Beyond Space - Website S with id=ce72e75e-9a67-4cd3-bdd5-dfb9a499735c and type=DocumentTypeImpl(BCContract) contains the schema 'bctrashmgt', which is not registered as available in the schemaManager. This schema will be ignored.
2025-10-10T07:02:20,541 WARN  [main] [org.nuxeo.ecm.core.io.impl.AbstractDocumentModelWriter] The document Beyond Space - Website c with id=51b4733f-fe56-4137-89da-92307043c73e and type=BCContract contains the facet 'BCTrashMgt', which is not registered as available in the schemaManager. This facet will be ignored.
2025-10-10T07:02:20,542 WARN  [main] [org.nuxeo.ecm.core.io.impl.AbstractDocumentModelWriter] The document Beyond Space - Website c with id=51b4733f-fe56-4137-89da-92307043c73e and type=DocumentTypeImpl(BCContract) contains the schema 'bctrashmgt', which is not registered as available in the schemaManager. This schema will be ignored.
2025-10-10T07:02:20,855 WARN  [main] [org.nuxeo.ecm.core.io.impl.AbstractDocumentModelWriter] The document Empty Venue Location with id=a884e3b6-1a5b-401a-b0c0-fca20ae5c74a and type=BCContract contains the facet 'BCTrashMgt', which is not registered as available in the schemaManager. This facet will be ignored.
2025-10-10T07:02:20,856 WARN  [main] [org.nuxeo.ecm.core.io.impl.AbstractDocumentModelWriter] The document Empty Venue Location with id=a884e3b6-1a5b-401a-b0c0-fca20ae5c74a and type=DocumentTypeImpl(BCContract) contains the schema 'bctrashmgt', which is not registered as available in the schemaManager. This schema will be ignored.
2025-10-10T07:02:20,928 WARN  [main] [org.nuxeo.ecm.core.io.impl.AbstractDocumentModelWriter] The document Venue, Equipment and Per with id=e8bf192a-1e30-4fe1-929e-e23894f43911 and type=BCContract contains the facet 'BCTrashMgt', which is not registered as available in the schemaManager. This facet will be ignored.
2025-10-10T07:02:20,930 WARN  [main] [org.nuxeo.ecm.core.io.impl.AbstractDocumentModelWriter] The document Venue, Equipment and Per with id=e8bf192a-1e30-4fe1-929e-e23894f43911 and type=DocumentTypeImpl(BCContract) contains the schema 'bctrashmgt', which is not registered as available in the schemaManager. This schema will be ignored.
2025-10-10T07:02:21,836 INFO  [main] [org.nuxeo.runtime.osgi.OSGiRuntimeService] Nuxeo Platform Started
======================================================================
= Component Loading Status: Pending: 0 / Missing: 0 / Unstarted: 0 / Total: 772
======================================================================
2025-10-10T07:02:26,796 INFO  [main] [javax.enterprise.resource.webcontainer.jsf.application] jsf.core.injection.provider_generic_web_configured
2025-10-10T07:04:22,268 WARN  [http-nio-0.0.0.0-8080-exec-4] [org.nuxeo.ecm.user.center.profile.localeProvider.UserLocaleSelectorListener] Locale Startup not available. Can't set locale
2025-10-10T07:04:31,743 WARN  [http-nio-0.0.0.0-8080-exec-4] [org.nuxeo.ecm.automation.core.trace.Trace] 

****** chain ******
Name: RunInputScript
Exception: OperationException
Caught error: Failed to invoke operation RunInputScript with aliases [Context.RunInputScript]
Caused by: org.nuxeo.ecm.automation.OperationException: Failed to invoke operation RunInputScript with aliases [Context.RunInputScript]
****** Hierarchy calls ******
	org.nuxeo.ecm.automation.core.operations.RunInputScript

2025-10-10T07:04:31,750 ERROR [http-nio-0.0.0.0-8080-exec-4] [org.nuxeo.ecm.webengine.app.WebEngineExceptionMapper] org.nuxeo.ecm.core.api.NuxeoException: Failed to invoke operation: RunInputScript
org.nuxeo.ecm.core.api.NuxeoException: Failed to invoke operation: RunInputScript
	at org.nuxeo.ecm.automation.server.jaxrs.ExecutableResource.doPost(ExecutableResource.java:87) ~[nuxeo-automation-server-10.10.jar:?]
	at sun.reflect.NativeMethodAccessorImpl.invoke0(Native Method) ~[?:1.8.0_302]
	at sun.reflect.NativeMethodAccessorImpl.invoke(NativeMethodAccessorImpl.java:62) ~[?:1.8.0_302]
	at sun.reflect.DelegatingMethodAccessorImpl.invoke(DelegatingMethodAccessorImpl.java:43) ~[?:1.8.0_302]
	at java.lang.reflect.Method.invoke(Method.java:498) ~[?:1.8.0_302]
	at com.sun.jersey.spi.container.JavaMethodInvokerFactory$1.invoke(JavaMethodInvokerFactory.java:60) ~[jersey-server-1.19.4.jar:1.19.4]
	at com.sun.jersey.server.impl.model.method.dispatch.AbstractResourceMethodDispatchProvider$ObjectOutInvoker._dispatch(AbstractResourceMethodDispatchProvider.java:258) ~[jersey-server-1.19.4.jar:1.19.4]
	at com.sun.jersey.server.impl.model.method.dispatch.ResourceJavaMethodDispatcher.dispatch(ResourceJavaMethodDispatcher.java:75) ~[jersey-server-1.19.4.jar:1.19.4]
	at com.sun.jersey.server.impl.uri.rules.HttpMethodRule.accept(HttpMethodRule.java:302) ~[jersey-server-1.19.4.jar:1.19.4]
	at com.sun.jersey.server.impl.uri.rules.SubLocatorRule.accept(SubLocatorRule.java:137) ~[jersey-server-1.19.4.jar:1.19.4]
	at com.sun.jersey.server.impl.uri.rules.RightHandPathRule.accept(RightHandPathRule.java:147) ~[jersey-server-1.19.4.jar:1.19.4]
	at com.sun.jersey.server.impl.uri.rules.SubLocatorRule.accept(SubLocatorRule.java:137) ~[jersey-server-1.19.4.jar:1.19.4]
	at com.sun.jersey.server.impl.uri.rules.RightHandPathRule.accept(RightHandPathRule.java:147) ~[jersey-server-1.19.4.jar:1.19.4]
	at com.sun.jersey.server.impl.uri.rules.ResourceClassRule.accept(ResourceClassRule.java:108) ~[jersey-server-1.19.4.jar:1.19.4]
	at com.sun.jersey.server.impl.uri.rules.RightHandPathRule.accept(RightHandPathRule.java:147) ~[jersey-server-1.19.4.jar:1.19.4]
	at com.sun.jersey.server.impl.uri.rules.RootResourceClassesRule.accept(RootResourceClassesRule.java:84) ~[jersey-server-1.19.4.jar:1.19.4]
	at com.sun.jersey.server.impl.application.WebApplicationImpl._handleRequest(WebApplicationImpl.java:1542) ~[jersey-server-1.19.4.jar:1.19.4]
	at com.sun.jersey.server.impl.application.WebApplicationImpl._handleRequest(WebApplicationImpl.java:1473) [jersey-server-1.19.4.jar:1.19.4]
	at com.sun.jersey.server.impl.application.WebApplicationImpl.handleRequest(WebApplicationImpl.java:1419) [jersey-server-1.19.4.jar:1.19.4]
	at com.sun.jersey.server.impl.application.WebApplicationImpl.handleRequest(WebApplicationImpl.java:1409) [jersey-server-1.19.4.jar:1.19.4]
	at com.sun.jersey.spi.container.servlet.WebComponent.service(WebComponent.java:409) [jersey-servlet-1.19.4.jar:1.19.4]
	at com.sun.jersey.spi.container.servlet.ServletContainer.service(ServletContainer.java:558) [jersey-servlet-1.19.4.jar:1.19.4]
	at com.sun.jersey.spi.container.servlet.ServletContainer.service(ServletContainer.java:733) [jersey-servlet-1.19.4.jar:1.19.4]
	at org.nuxeo.ecm.webengine.app.jersey.WebEngineServlet.containerService(WebEngineServlet.java:72) [nuxeo-webengine-core-10.10.jar:?]
	at org.nuxeo.ecm.webengine.app.jersey.WebEngineServlet.service(WebEngineServlet.java:56) [nuxeo-webengine-core-10.10.jar:?]
	at javax.servlet.http.HttpServlet.service(HttpServlet.java:741) [servlet-api.jar:?]
	at org.apache.catalina.core.ApplicationFilterChain.internalDoFilter(ApplicationFilterChain.java:231) [catalina.jar:9.0.14]
	at org.apache.catalina.core.ApplicationFilterChain.doFilter(ApplicationFilterChain.java:166) [catalina.jar:9.0.14]
	at org.apache.tomcat.websocket.server.WsFilter.doFilter(WsFilter.java:53) [tomcat-websocket.jar:9.0.14]
	at org.apache.catalina.core.ApplicationFilterChain.internalDoFilter(ApplicationFilterChain.java:193) [catalina.jar:9.0.14]
	at org.apache.catalina.core.ApplicationFilterChain.doFilter(ApplicationFilterChain.java:166) [catalina.jar:9.0.14]
	at org.nuxeo.elasticsearch.ElasticSearchFilter.doFilter(ElasticSearchFilter.java:55) [nuxeo-elasticsearch-core-10.10.jar:?]
	at org.apache.catalina.core.ApplicationFilterChain.internalDoFilter(ApplicationFilterChain.java:193) [catalina.jar:9.0.14]
	at org.apache.catalina.core.ApplicationFilterChain.doFilter(ApplicationFilterChain.java:166) [catalina.jar:9.0.14]
	at org.nuxeo.ecm.webengine.jaxrs.session.SessionCleanupFilter.run(SessionCleanupFilter.java:50) [nuxeo-webengine-jaxrs-10.10.jar:?]
	at org.nuxeo.ecm.webengine.jaxrs.HttpFilter.doFilter(HttpFilter.java:49) [nuxeo-webengine-jaxrs-10.10.jar:?]
	at org.apache.catalina.core.ApplicationFilterChain.internalDoFilter(ApplicationFilterChain.java:193) [catalina.jar:9.0.14]
	at org.apache.catalina.core.ApplicationFilterChain.doFilter(ApplicationFilterChain.java:166) [catalina.jar:9.0.14]
	at org.nuxeo.ecm.webengine.app.WebContextFilter.doFilter(WebContextFilter.java:56) [nuxeo-webengine-core-10.10.jar:?]
	at org.apache.catalina.core.ApplicationFilterChain.internalDoFilter(ApplicationFilterChain.java:193) [catalina.jar:9.0.14]
	at org.apache.catalina.core.ApplicationFilterChain.doFilter(ApplicationFilterChain.java:166) [catalina.jar:9.0.14]
	at org.nuxeo.ecm.webengine.jaxrs.context.RequestContextFilter.run(RequestContextFilter.java:48) [nuxeo-webengine-jaxrs-10.10.jar:?]
	at org.nuxeo.ecm.webengine.jaxrs.HttpFilter.doFilter(HttpFilter.java:49) [nuxeo-webengine-jaxrs-10.10.jar:?]
	at org.apache.catalina.core.ApplicationFilterChain.internalDoFilter(ApplicationFilterChain.java:193) [catalina.jar:9.0.14]
	at org.apache.catalina.core.ApplicationFilterChain.doFilter(ApplicationFilterChain.java:166) [catalina.jar:9.0.14]
	at org.nuxeo.ecm.webengine.app.HeaderFixFilter.run(HeaderFixFilter.java:62) [nuxeo-webengine-core-10.10.jar:?]
	at org.nuxeo.ecm.webengine.jaxrs.HttpFilter.doFilter(HttpFilter.java:49) [nuxeo-webengine-jaxrs-10.10.jar:?]
	at org.apache.catalina.core.ApplicationFilterChain.internalDoFilter(ApplicationFilterChain.java:193) [catalina.jar:9.0.14]
	at org.apache.catalina.core.ApplicationFilterChain.doFilter(ApplicationFilterChain.java:166) [catalina.jar:9.0.14]
	at org.nuxeo.ecm.core.management.jtajca.internal.Log4jWebFilter.doFilter(Log4jWebFilter.java:69) [nuxeo-core-management-jtajca-10.10.jar:?]
	at org.apache.catalina.core.ApplicationFilterChain.internalDoFilter(ApplicationFilterChain.java:193) [catalina.jar:9.0.14]
	at org.apache.catalina.core.ApplicationFilterChain.doFilter(ApplicationFilterChain.java:166) [catalina.jar:9.0.14]
	at org.nuxeo.ecm.platform.web.common.requestcontroller.filter.NuxeoRequestControllerFilter.doFilter(NuxeoRequestControllerFilter.java:134) [nuxeo-platform-web-common-10.10.jar:?]
	at org.apache.catalina.core.ApplicationFilterChain.internalDoFilter(ApplicationFilterChain.java:193) [catalina.jar:9.0.14]
	at org.apache.catalina.core.ApplicationFilterChain.doFilter(ApplicationFilterChain.java:166) [catalina.jar:9.0.14]
	at org.nuxeo.ecm.platform.ui.web.auth.NuxeoAuthenticationFilter.doFilterInternal(NuxeoAuthenticationFilter.java:633) [nuxeo-platform-web-common-10.10.jar:?]
	at org.nuxeo.ecm.platform.ui.web.auth.NuxeoAuthenticationFilter.doFilter(NuxeoAuthenticationFilter.java:429) [nuxeo-platform-web-common-10.10.jar:?]
	at org.apache.catalina.core.ApplicationFilterChain.internalDoFilter(ApplicationFilterChain.java:193) [catalina.jar:9.0.14]
	at org.apache.catalina.core.ApplicationFilterChain.doFilter(ApplicationFilterChain.java:166) [catalina.jar:9.0.14]
	at org.nuxeo.ecm.platform.web.common.exceptionhandling.NuxeoExceptionFilter.doFilter(NuxeoExceptionFilter.java:67) [nuxeo-platform-web-common-10.10.jar:?]
	at org.apache.catalina.core.ApplicationFilterChain.internalDoFilter(ApplicationFilterChain.java:193) [catalina.jar:9.0.14]
	at org.apache.catalina.core.ApplicationFilterChain.doFilter(ApplicationFilterChain.java:166) [catalina.jar:9.0.14]
	at org.nuxeo.ecm.platform.web.common.encoding.NuxeoEncodingFilter.doFilter(NuxeoEncodingFilter.java:64) [nuxeo-platform-web-common-10.10.jar:?]
	at org.apache.catalina.core.ApplicationFilterChain.internalDoFilter(ApplicationFilterChain.java:193) [catalina.jar:9.0.14]
	at org.apache.catalina.core.ApplicationFilterChain.doFilter(ApplicationFilterChain.java:166) [catalina.jar:9.0.14]
	at org.apache.catalina.core.ApplicationDispatcher.invoke(ApplicationDispatcher.java:712) [catalina.jar:9.0.14]
	at org.apache.catalina.core.ApplicationDispatcher.processRequest(ApplicationDispatcher.java:459) [catalina.jar:9.0.14]
	at org.apache.catalina.core.ApplicationDispatcher.doForward(ApplicationDispatcher.java:384) [catalina.jar:9.0.14]
	at org.apache.catalina.core.ApplicationDispatcher.forward(ApplicationDispatcher.java:312) [catalina.jar:9.0.14]
	at org.nuxeo.ecm.restapi.server.APIServlet.service(APIServlet.java:50) [nuxeo-rest-api-server-10.10.jar:?]
	at javax.servlet.http.HttpServlet.service(HttpServlet.java:741) [servlet-api.jar:?]
	at org.apache.catalina.core.ApplicationFilterChain.internalDoFilter(ApplicationFilterChain.java:231) [catalina.jar:9.0.14]
	at org.apache.catalina.core.ApplicationFilterChain.doFilter(ApplicationFilterChain.java:166) [catalina.jar:9.0.14]
	at org.apache.tomcat.websocket.server.WsFilter.doFilter(WsFilter.java:53) [tomcat-websocket.jar:9.0.14]
	at org.apache.catalina.core.ApplicationFilterChain.internalDoFilter(ApplicationFilterChain.java:193) [catalina.jar:9.0.14]
	at org.apache.catalina.core.ApplicationFilterChain.doFilter(ApplicationFilterChain.java:166) [catalina.jar:9.0.14]
	at org.nuxeo.elasticsearch.ElasticSearchFilter.doFilter(ElasticSearchFilter.java:55) [nuxeo-elasticsearch-core-10.10.jar:?]
	at org.apache.catalina.core.ApplicationFilterChain.internalDoFilter(ApplicationFilterChain.java:193) [catalina.jar:9.0.14]
	at org.apache.catalina.core.ApplicationFilterChain.doFilter(ApplicationFilterChain.java:166) [catalina.jar:9.0.14]
	at org.nuxeo.ecm.platform.web.common.requestcontroller.filter.NuxeoThreadTrackerFilter.doFilter(NuxeoThreadTrackerFilter.java:43) [nuxeo-platform-web-common-10.10.jar:?]
	at org.apache.catalina.core.ApplicationFilterChain.internalDoFilter(ApplicationFilterChain.java:193) [catalina.jar:9.0.14]
	at org.apache.catalina.core.ApplicationFilterChain.doFilter(ApplicationFilterChain.java:166) [catalina.jar:9.0.14]
	at org.nuxeo.ecm.platform.web.common.requestcontroller.filter.NuxeoStandbyFilter.doFilter(NuxeoStandbyFilter.java:67) [nuxeo-platform-web-common-10.10.jar:?]
	at org.apache.catalina.core.ApplicationFilterChain.internalDoFilter(ApplicationFilterChain.java:193) [catalina.jar:9.0.14]
	at org.apache.catalina.core.ApplicationFilterChain.doFilter(ApplicationFilterChain.java:166) [catalina.jar:9.0.14]
	at org.nuxeo.ecm.core.management.jtajca.internal.Log4jWebFilter.doFilter(Log4jWebFilter.java:69) [nuxeo-core-management-jtajca-10.10.jar:?]
	at org.apache.catalina.core.ApplicationFilterChain.internalDoFilter(ApplicationFilterChain.java:193) [catalina.jar:9.0.14]
	at org.apache.catalina.core.ApplicationFilterChain.doFilter(ApplicationFilterChain.java:166) [catalina.jar:9.0.14]
	at org.nuxeo.ecm.platform.ui.web.rest.FancyURLFilter.doFilter(FancyURLFilter.java:120) [nuxeo-platform-ui-web-10.10.jar:?]
	at org.apache.catalina.core.ApplicationFilterChain.internalDoFilter(ApplicationFilterChain.java:193) [catalina.jar:9.0.14]
	at org.apache.catalina.core.ApplicationFilterChain.doFilter(ApplicationFilterChain.java:166) [catalina.jar:9.0.14]
	at org.nuxeo.ecm.platform.web.common.requestcontroller.filter.NuxeoRequestControllerFilter.doFilter(NuxeoRequestControllerFilter.java:134) [nuxeo-platform-web-common-10.10.jar:?]
	at org.apache.catalina.core.ApplicationFilterChain.internalDoFilter(ApplicationFilterChain.java:193) [catalina.jar:9.0.14]
	at org.apache.catalina.core.ApplicationFilterChain.doFilter(ApplicationFilterChain.java:166) [catalina.jar:9.0.14]
	at com.thetransactioncompany.cors.CORSFilter.doFilter(CORSFilter.java:209) [cors-filter-2.6.jar:2.6]
	at com.thetransactioncompany.cors.CORSFilter.doFilter(CORSFilter.java:244) [cors-filter-2.6.jar:2.6]
	at org.nuxeo.ecm.platform.web.common.requestcontroller.filter.NuxeoCorsCsrfFilter.doFilter(NuxeoCorsCsrfFilter.java:258) [nuxeo-platform-web-common-10.10.jar:?]
	at org.apache.catalina.core.ApplicationFilterChain.internalDoFilter(ApplicationFilterChain.java:193) [catalina.jar:9.0.14]
	at org.apache.catalina.core.ApplicationFilterChain.doFilter(ApplicationFilterChain.java:166) [catalina.jar:9.0.14]
	at org.nuxeo.ecm.platform.web.common.exceptionhandling.NuxeoExceptionFilter.doFilter(NuxeoExceptionFilter.java:67) [nuxeo-platform-web-common-10.10.jar:?]
	at org.apache.catalina.core.ApplicationFilterChain.internalDoFilter(ApplicationFilterChain.java:193) [catalina.jar:9.0.14]
	at org.apache.catalina.core.ApplicationFilterChain.doFilter(ApplicationFilterChain.java:166) [catalina.jar:9.0.14]
	at org.nuxeo.ecm.platform.web.common.encoding.NuxeoEncodingFilter.doFilter(NuxeoEncodingFilter.java:64) [nuxeo-platform-web-common-10.10.jar:?]
	at org.apache.catalina.core.ApplicationFilterChain.internalDoFilter(ApplicationFilterChain.java:193) [catalina.jar:9.0.14]
	at org.apache.catalina.core.ApplicationFilterChain.doFilter(ApplicationFilterChain.java:166) [catalina.jar:9.0.14]
	at org.apache.catalina.core.StandardWrapperValve.invoke(StandardWrapperValve.java:199) [catalina.jar:9.0.14]
	at org.apache.catalina.core.StandardContextValve.invoke(StandardContextValve.java:96) [catalina.jar:9.0.14]
	at org.apache.catalina.authenticator.AuthenticatorBase.invoke(AuthenticatorBase.java:490) [catalina.jar:9.0.14]
	at org.apache.catalina.valves.rewrite.RewriteValve.invoke(RewriteValve.java:276) [catalina.jar:9.0.14]
	at org.apache.catalina.core.StandardHostValve.invoke(StandardHostValve.java:139) [catalina.jar:9.0.14]
	at org.apache.catalina.valves.ErrorReportValve.invoke(ErrorReportValve.java:92) [catalina.jar:9.0.14]
	at org.apache.catalina.valves.AbstractAccessLogValve.invoke(AbstractAccessLogValve.java:668) [catalina.jar:9.0.14]
	at org.apache.catalina.core.StandardEngineValve.invoke(StandardEngineValve.java:74) [catalina.jar:9.0.14]
	at org.apache.catalina.connector.CoyoteAdapter.service(CoyoteAdapter.java:343) [catalina.jar:9.0.14]
	at org.apache.coyote.http11.Http11Processor.service(Http11Processor.java:408) [tomcat-coyote.jar:9.0.14]
	at org.apache.coyote.AbstractProcessorLight.process(AbstractProcessorLight.java:66) [tomcat-coyote.jar:9.0.14]
	at org.apache.coyote.AbstractProtocol$ConnectionHandler.process(AbstractProtocol.java:834) [tomcat-coyote.jar:9.0.14]
	at org.apache.tomcat.util.net.NioEndpoint$SocketProcessor.doRun(NioEndpoint.java:1417) [tomcat-coyote.jar:9.0.14]
	at org.apache.tomcat.util.net.SocketProcessorBase.run(SocketProcessorBase.java:49) [tomcat-coyote.jar:9.0.14]
	at java.util.concurrent.ThreadPoolExecutor.runWorker(ThreadPoolExecutor.java:1149) [?:1.8.0_302]
	at java.util.concurrent.ThreadPoolExecutor$Worker.run(ThreadPoolExecutor.java:624) [?:1.8.0_302]
	at org.apache.tomcat.util.threads.TaskThread$WrappingRunnable.run(TaskThread.java:61) [tomcat-util.jar:9.0.14]
	at java.lang.Thread.run(Thread.java:748) [?:1.8.0_302]
Caused by: org.nuxeo.ecm.automation.OperationException: Failed to invoke operation RunInputScript with aliases [Context.RunInputScript]
	at org.nuxeo.ecm.automation.core.impl.InvokableMethod.invoke(InvokableMethod.java:189) ~[nuxeo-automation-core-10.10.jar:?]
	at org.nuxeo.ecm.automation.core.impl.OperationChainCompiler$OperationMethod.invoke(OperationChainCompiler.java:151) ~[nuxeo-automation-core-10.10.jar:?]
	at org.nuxeo.ecm.automation.core.impl.OperationChainCompiler$CompiledChainImpl.lambda$invoke$0(OperationChainCompiler.java:218) ~[nuxeo-automation-core-10.10.jar:?]
	at org.nuxeo.ecm.automation.OperationContext.call(OperationContext.java:326) ~[nuxeo-automation-core-10.10.jar:?]
	at org.nuxeo.ecm.automation.OperationContext.callWithChainParameters(OperationContext.java:291) ~[nuxeo-automation-core-10.10.jar:?]
	at org.nuxeo.ecm.automation.core.impl.OperationChainCompiler$CompiledChainImpl.invoke(OperationChainCompiler.java:215) ~[nuxeo-automation-core-10.10.jar:?]
	at org.nuxeo.ecm.automation.core.impl.OperationServiceImpl.run(OperationServiceImpl.java:115) ~[nuxeo-automation-core-10.10.jar:?]
	at org.nuxeo.ecm.automation.core.impl.OperationServiceImpl.lambda$run$0(OperationServiceImpl.java:105) ~[nuxeo-automation-core-10.10.jar:?]
	at org.nuxeo.ecm.automation.OperationContext.call(OperationContext.java:326) ~[nuxeo-automation-core-10.10.jar:?]
	at org.nuxeo.ecm.automation.OperationContext.callWithChainParameters(OperationContext.java:291) ~[nuxeo-automation-core-10.10.jar:?]
	at org.nuxeo.ecm.automation.core.impl.OperationServiceImpl.run(OperationServiceImpl.java:105) ~[nuxeo-automation-core-10.10.jar:?]
	at org.nuxeo.ecm.automation.server.jaxrs.OperationResource.execute(OperationResource.java:58) ~[nuxeo-automation-server-10.10.jar:?]
	at org.nuxeo.ecm.automation.server.jaxrs.ExecutableResource.doPost(ExecutableResource.java:70) ~[nuxeo-automation-server-10.10.jar:?]
	... 122 more
	Suppressed: java.lang.Throwable: 

****** chain ******
Name: RunInputScript
Exception: OperationException
Caught error: Failed to invoke operation RunInputScript with aliases [Context.RunInputScript]
Caused by: org.nuxeo.ecm.automation.OperationException: Failed to invoke operation RunInputScript with aliases [Context.RunInputScript]
****** Hierarchy calls ******
	org.nuxeo.ecm.automation.core.operations.RunInputScript

		at org.nuxeo.ecm.automation.core.trace.TracerFactory.onTrace(TracerFactory.java:198) ~[nuxeo-automation-core-10.10.jar:?]
		at org.nuxeo.ecm.automation.core.trace.Tracer.popContext(Tracer.java:73) ~[nuxeo-automation-core-10.10.jar:?]
		at org.nuxeo.ecm.automation.core.trace.Tracer.onChainExit(Tracer.java:86) ~[nuxeo-automation-core-10.10.jar:?]
		at org.nuxeo.ecm.automation.core.impl.OperationChainCompiler$CompiledChainImpl.lambda$invoke$0(OperationChainCompiler.java:227) ~[nuxeo-automation-core-10.10.jar:?]
		at org.nuxeo.ecm.automation.OperationContext.call(OperationContext.java:326) ~[nuxeo-automation-core-10.10.jar:?]
		at org.nuxeo.ecm.automation.OperationContext.callWithChainParameters(OperationContext.java:291) ~[nuxeo-automation-core-10.10.jar:?]
		at org.nuxeo.ecm.automation.core.impl.OperationChainCompiler$CompiledChainImpl.invoke(OperationChainCompiler.java:215) ~[nuxeo-automation-core-10.10.jar:?]
		at org.nuxeo.ecm.automation.core.impl.OperationServiceImpl.run(OperationServiceImpl.java:115) ~[nuxeo-automation-core-10.10.jar:?]
		at org.nuxeo.ecm.automation.core.impl.OperationServiceImpl.lambda$run$0(OperationServiceImpl.java:105) ~[nuxeo-automation-core-10.10.jar:?]
		at org.nuxeo.ecm.automation.OperationContext.call(OperationContext.java:326) ~[nuxeo-automation-core-10.10.jar:?]
		at org.nuxeo.ecm.automation.OperationContext.callWithChainParameters(OperationContext.java:291) ~[nuxeo-automation-core-10.10.jar:?]
		at org.nuxeo.ecm.automation.core.impl.OperationServiceImpl.run(OperationServiceImpl.java:105) ~[nuxeo-automation-core-10.10.jar:?]
		at org.nuxeo.ecm.automation.server.jaxrs.OperationResource.execute(OperationResource.java:58) ~[nuxeo-automation-server-10.10.jar:?]
		at org.nuxeo.ecm.automation.server.jaxrs.ExecutableResource.doPost(ExecutableResource.java:70) ~[nuxeo-automation-server-10.10.jar:?]
		at sun.reflect.NativeMethodAccessorImpl.invoke0(Native Method) ~[?:1.8.0_302]
		at sun.reflect.NativeMethodAccessorImpl.invoke(NativeMethodAccessorImpl.java:62) ~[?:1.8.0_302]
		at sun.reflect.DelegatingMethodAccessorImpl.invoke(DelegatingMethodAccessorImpl.java:43) ~[?:1.8.0_302]
		at java.lang.reflect.Method.invoke(Method.java:498) ~[?:1.8.0_302]
		at com.sun.jersey.spi.container.JavaMethodInvokerFactory$1.invoke(JavaMethodInvokerFactory.java:60) ~[jersey-server-1.19.4.jar:1.19.4]
		at com.sun.jersey.server.impl.model.method.dispatch.AbstractResourceMethodDispatchProvider$ObjectOutInvoker._dispatch(AbstractResourceMethodDispatchProvider.java:258) ~[jersey-server-1.19.4.jar:1.19.4]
		at com.sun.jersey.server.impl.model.method.dispatch.ResourceJavaMethodDispatcher.dispatch(ResourceJavaMethodDispatcher.java:75) ~[jersey-server-1.19.4.jar:1.19.4]
		at com.sun.jersey.server.impl.uri.rules.HttpMethodRule.accept(HttpMethodRule.java:302) ~[jersey-server-1.19.4.jar:1.19.4]
		at com.sun.jersey.server.impl.uri.rules.SubLocatorRule.accept(SubLocatorRule.java:137) ~[jersey-server-1.19.4.jar:1.19.4]
		at com.sun.jersey.server.impl.uri.rules.RightHandPathRule.accept(RightHandPathRule.java:147) ~[jersey-server-1.19.4.jar:1.19.4]
		at com.sun.jersey.server.impl.uri.rules.SubLocatorRule.accept(SubLocatorRule.java:137) ~[jersey-server-1.19.4.jar:1.19.4]
		at com.sun.jersey.server.impl.uri.rules.RightHandPathRule.accept(RightHandPathRule.java:147) ~[jersey-server-1.19.4.jar:1.19.4]
		at com.sun.jersey.server.impl.uri.rules.ResourceClassRule.accept(ResourceClassRule.java:108) ~[jersey-server-1.19.4.jar:1.19.4]
		at com.sun.jersey.server.impl.uri.rules.RightHandPathRule.accept(RightHandPathRule.java:147) ~[jersey-server-1.19.4.jar:1.19.4]
		at com.sun.jersey.server.impl.uri.rules.RootResourceClassesRule.accept(RootResourceClassesRule.java:84) ~[jersey-server-1.19.4.jar:1.19.4]
		at com.sun.jersey.server.impl.application.WebApplicationImpl._handleRequest(WebApplicationImpl.java:1542) ~[jersey-server-1.19.4.jar:1.19.4]
		at com.sun.jersey.server.impl.application.WebApplicationImpl._handleRequest(WebApplicationImpl.java:1473) [jersey-server-1.19.4.jar:1.19.4]
		at com.sun.jersey.server.impl.application.WebApplicationImpl.handleRequest(WebApplicationImpl.java:1419) [jersey-server-1.19.4.jar:1.19.4]
		at com.sun.jersey.server.impl.application.WebApplicationImpl.handleRequest(WebApplicationImpl.java:1409) [jersey-server-1.19.4.jar:1.19.4]
		at com.sun.jersey.spi.container.servlet.WebComponent.service(WebComponent.java:409) [jersey-servlet-1.19.4.jar:1.19.4]
		at com.sun.jersey.spi.container.servlet.ServletContainer.service(ServletContainer.java:558) [jersey-servlet-1.19.4.jar:1.19.4]
		at com.sun.jersey.spi.container.servlet.ServletContainer.service(ServletContainer.java:733) [jersey-servlet-1.19.4.jar:1.19.4]
		at org.nuxeo.ecm.webengine.app.jersey.WebEngineServlet.containerService(WebEngineServlet.java:72) [nuxeo-webengine-core-10.10.jar:?]
		at org.nuxeo.ecm.webengine.app.jersey.WebEngineServlet.service(WebEngineServlet.java:56) [nuxeo-webengine-core-10.10.jar:?]
		at javax.servlet.http.HttpServlet.service(HttpServlet.java:741) [servlet-api.jar:?]
		at org.apache.catalina.core.ApplicationFilterChain.internalDoFilter(ApplicationFilterChain.java:231) [catalina.jar:9.0.14]
		at org.apache.catalina.core.ApplicationFilterChain.doFilter(ApplicationFilterChain.java:166) [catalina.jar:9.0.14]
		at org.apache.tomcat.websocket.server.WsFilter.doFilter(WsFilter.java:53) [tomcat-websocket.jar:9.0.14]
		at org.apache.catalina.core.ApplicationFilterChain.internalDoFilter(ApplicationFilterChain.java:193) [catalina.jar:9.0.14]
		at org.apache.catalina.core.ApplicationFilterChain.doFilter(ApplicationFilterChain.java:166) [catalina.jar:9.0.14]
		at org.nuxeo.elasticsearch.ElasticSearchFilter.doFilter(ElasticSearchFilter.java:55) [nuxeo-elasticsearch-core-10.10.jar:?]
		at org.apache.catalina.core.ApplicationFilterChain.internalDoFilter(ApplicationFilterChain.java:193) [catalina.jar:9.0.14]
		at org.apache.catalina.core.ApplicationFilterChain.doFilter(ApplicationFilterChain.java:166) [catalina.jar:9.0.14]
		at org.nuxeo.ecm.webengine.jaxrs.session.SessionCleanupFilter.run(SessionCleanupFilter.java:50) [nuxeo-webengine-jaxrs-10.10.jar:?]
		at org.nuxeo.ecm.webengine.jaxrs.HttpFilter.doFilter(HttpFilter.java:49) [nuxeo-webengine-jaxrs-10.10.jar:?]
		at org.apache.catalina.core.ApplicationFilterChain.internalDoFilter(ApplicationFilterChain.java:193) [catalina.jar:9.0.14]
		at org.apache.catalina.core.ApplicationFilterChain.doFilter(ApplicationFilterChain.java:166) [catalina.jar:9.0.14]
		at org.nuxeo.ecm.webengine.app.WebContextFilter.doFilter(WebContextFilter.java:56) [nuxeo-webengine-core-10.10.jar:?]
		at org.apache.catalina.core.ApplicationFilterChain.internalDoFilter(ApplicationFilterChain.java:193) [catalina.jar:9.0.14]
		at org.apache.catalina.core.ApplicationFilterChain.doFilter(ApplicationFilterChain.java:166) [catalina.jar:9.0.14]
		at org.nuxeo.ecm.webengine.jaxrs.context.RequestContextFilter.run(RequestContextFilter.java:48) [nuxeo-webengine-jaxrs-10.10.jar:?]
		at org.nuxeo.ecm.webengine.jaxrs.HttpFilter.doFilter(HttpFilter.java:49) [nuxeo-webengine-jaxrs-10.10.jar:?]
		at org.apache.catalina.core.ApplicationFilterChain.internalDoFilter(ApplicationFilterChain.java:193) [catalina.jar:9.0.14]
		at org.apache.catalina.core.ApplicationFilterChain.doFilter(ApplicationFilterChain.java:166) [catalina.jar:9.0.14]
		at org.nuxeo.ecm.webengine.app.HeaderFixFilter.run(HeaderFixFilter.java:62) [nuxeo-webengine-core-10.10.jar:?]
		at org.nuxeo.ecm.webengine.jaxrs.HttpFilter.doFilter(HttpFilter.java:49) [nuxeo-webengine-jaxrs-10.10.jar:?]
		at org.apache.catalina.core.ApplicationFilterChain.internalDoFilter(ApplicationFilterChain.java:193) [catalina.jar:9.0.14]
		at org.apache.catalina.core.ApplicationFilterChain.doFilter(ApplicationFilterChain.java:166) [catalina.jar:9.0.14]
		at org.nuxeo.ecm.core.management.jtajca.internal.Log4jWebFilter.doFilter(Log4jWebFilter.java:69) [nuxeo-core-management-jtajca-10.10.jar:?]
		at org.apache.catalina.core.ApplicationFilterChain.internalDoFilter(ApplicationFilterChain.java:193) [catalina.jar:9.0.14]
		at org.apache.catalina.core.ApplicationFilterChain.doFilter(ApplicationFilterChain.java:166) [catalina.jar:9.0.14]
		at org.nuxeo.ecm.platform.web.common.requestcontroller.filter.NuxeoRequestControllerFilter.doFilter(NuxeoRequestControllerFilter.java:134) [nuxeo-platform-web-common-10.10.jar:?]
		at org.apache.catalina.core.ApplicationFilterChain.internalDoFilter(ApplicationFilterChain.java:193) [catalina.jar:9.0.14]
		at org.apache.catalina.core.ApplicationFilterChain.doFilter(ApplicationFilterChain.java:166) [catalina.jar:9.0.14]
		at org.nuxeo.ecm.platform.ui.web.auth.NuxeoAuthenticationFilter.doFilterInternal(NuxeoAuthenticationFilter.java:633) [nuxeo-platform-web-common-10.10.jar:?]
		at org.nuxeo.ecm.platform.ui.web.auth.NuxeoAuthenticationFilter.doFilter(NuxeoAuthenticationFilter.java:429) [nuxeo-platform-web-common-10.10.jar:?]
		at org.apache.catalina.core.ApplicationFilterChain.internalDoFilter(ApplicationFilterChain.java:193) [catalina.jar:9.0.14]
		at org.apache.catalina.core.ApplicationFilterChain.doFilter(ApplicationFilterChain.java:166) [catalina.jar:9.0.14]
		at org.nuxeo.ecm.platform.web.common.exceptionhandling.NuxeoExceptionFilter.doFilter(NuxeoExceptionFilter.java:67) [nuxeo-platform-web-common-10.10.jar:?]
		at org.apache.catalina.core.ApplicationFilterChain.internalDoFilter(ApplicationFilterChain.java:193) [catalina.jar:9.0.14]
		at org.apache.catalina.core.ApplicationFilterChain.doFilter(ApplicationFilterChain.java:166) [catalina.jar:9.0.14]
		at org.nuxeo.ecm.platform.web.common.encoding.NuxeoEncodingFilter.doFilter(NuxeoEncodingFilter.java:64) [nuxeo-platform-web-common-10.10.jar:?]
		at org.apache.catalina.core.ApplicationFilterChain.internalDoFilter(ApplicationFilterChain.java:193) [catalina.jar:9.0.14]
		at org.apache.catalina.core.ApplicationFilterChain.doFilter(ApplicationFilterChain.java:166) [catalina.jar:9.0.14]
		at org.apache.catalina.core.ApplicationDispatcher.invoke(ApplicationDispatcher.java:712) [catalina.jar:9.0.14]
		at org.apache.catalina.core.ApplicationDispatcher.processRequest(ApplicationDispatcher.java:459) [catalina.jar:9.0.14]
		at org.apache.catalina.core.ApplicationDispatcher.doForward(ApplicationDispatcher.java:384) [catalina.jar:9.0.14]
		at org.apache.catalina.core.ApplicationDispatcher.forward(ApplicationDispatcher.java:312) [catalina.jar:9.0.14]
		at org.nuxeo.ecm.restapi.server.APIServlet.service(APIServlet.java:50) [nuxeo-rest-api-server-10.10.jar:?]
		at javax.servlet.http.HttpServlet.service(HttpServlet.java:741) [servlet-api.jar:?]
		at org.apache.catalina.core.ApplicationFilterChain.internalDoFilter(ApplicationFilterChain.java:231) [catalina.jar:9.0.14]
		at org.apache.catalina.core.ApplicationFilterChain.doFilter(ApplicationFilterChain.java:166) [catalina.jar:9.0.14]
		at org.apache.tomcat.websocket.server.WsFilter.doFilter(WsFilter.java:53) [tomcat-websocket.jar:9.0.14]
		at org.apache.catalina.core.ApplicationFilterChain.internalDoFilter(ApplicationFilterChain.java:193) [catalina.jar:9.0.14]
		at org.apache.catalina.core.ApplicationFilterChain.doFilter(ApplicationFilterChain.java:166) [catalina.jar:9.0.14]
		at org.nuxeo.elasticsearch.ElasticSearchFilter.doFilter(ElasticSearchFilter.java:55) [nuxeo-elasticsearch-core-10.10.jar:?]
		at org.apache.catalina.core.ApplicationFilterChain.internalDoFilter(ApplicationFilterChain.java:193) [catalina.jar:9.0.14]
		at org.apache.catalina.core.ApplicationFilterChain.doFilter(ApplicationFilterChain.java:166) [catalina.jar:9.0.14]
		at org.nuxeo.ecm.platform.web.common.requestcontroller.filter.NuxeoThreadTrackerFilter.doFilter(NuxeoThreadTrackerFilter.java:43) [nuxeo-platform-web-common-10.10.jar:?]
		at org.apache.catalina.core.ApplicationFilterChain.internalDoFilter(ApplicationFilterChain.java:193) [catalina.jar:9.0.14]
		at org.apache.catalina.core.ApplicationFilterChain.doFilter(ApplicationFilterChain.java:166) [catalina.jar:9.0.14]
		at org.nuxeo.ecm.platform.web.common.requestcontroller.filter.NuxeoStandbyFilter.doFilter(NuxeoStandbyFilter.java:67) [nuxeo-platform-web-common-10.10.jar:?]
		at org.apache.catalina.core.ApplicationFilterChain.internalDoFilter(ApplicationFilterChain.java:193) [catalina.jar:9.0.14]
		at org.apache.catalina.core.ApplicationFilterChain.doFilter(ApplicationFilterChain.java:166) [catalina.jar:9.0.14]
		at org.nuxeo.ecm.core.management.jtajca.internal.Log4jWebFilter.doFilter(Log4jWebFilter.java:69) [nuxeo-core-management-jtajca-10.10.jar:?]
		at org.apache.catalina.core.ApplicationFilterChain.internalDoFilter(ApplicationFilterChain.java:193) [catalina.jar:9.0.14]
		at org.apache.catalina.core.ApplicationFilterChain.doFilter(ApplicationFilterChain.java:166) [catalina.jar:9.0.14]
		at org.nuxeo.ecm.platform.ui.web.rest.FancyURLFilter.doFilter(FancyURLFilter.java:120) [nuxeo-platform-ui-web-10.10.jar:?]
		at org.apache.catalina.core.ApplicationFilterChain.internalDoFilter(ApplicationFilterChain.java:193) [catalina.jar:9.0.14]
		at org.apache.catalina.core.ApplicationFilterChain.doFilter(ApplicationFilterChain.java:166) [catalina.jar:9.0.14]
		at org.nuxeo.ecm.platform.web.common.requestcontroller.filter.NuxeoRequestControllerFilter.doFilter(NuxeoRequestControllerFilter.java:134) [nuxeo-platform-web-common-10.10.jar:?]
		at org.apache.catalina.core.ApplicationFilterChain.internalDoFilter(ApplicationFilterChain.java:193) [catalina.jar:9.0.14]
		at org.apache.catalina.core.ApplicationFilterChain.doFilter(ApplicationFilterChain.java:166) [catalina.jar:9.0.14]
		at com.thetransactioncompany.cors.CORSFilter.doFilter(CORSFilter.java:209) [cors-filter-2.6.jar:2.6]
		at com.thetransactioncompany.cors.CORSFilter.doFilter(CORSFilter.java:244) [cors-filter-2.6.jar:2.6]
		at org.nuxeo.ecm.platform.web.common.requestcontroller.filter.NuxeoCorsCsrfFilter.doFilter(NuxeoCorsCsrfFilter.java:258) [nuxeo-platform-web-common-10.10.jar:?]
		at org.apache.catalina.core.ApplicationFilterChain.internalDoFilter(ApplicationFilterChain.java:193) [catalina.jar:9.0.14]
		at org.apache.catalina.core.ApplicationFilterChain.doFilter(ApplicationFilterChain.java:166) [catalina.jar:9.0.14]
		at org.nuxeo.ecm.platform.web.common.exceptionhandling.NuxeoExceptionFilter.doFilter(NuxeoExceptionFilter.java:67) [nuxeo-platform-web-common-10.10.jar:?]
		at org.apache.catalina.core.ApplicationFilterChain.internalDoFilter(ApplicationFilterChain.java:193) [catalina.jar:9.0.14]
		at org.apache.catalina.core.ApplicationFilterChain.doFilter(ApplicationFilterChain.java:166) [catalina.jar:9.0.14]
		at org.nuxeo.ecm.platform.web.common.encoding.NuxeoEncodingFilter.doFilter(NuxeoEncodingFilter.java:64) [nuxeo-platform-web-common-10.10.jar:?]
		at org.apache.catalina.core.ApplicationFilterChain.internalDoFilter(ApplicationFilterChain.java:193) [catalina.jar:9.0.14]
		at org.apache.catalina.core.ApplicationFilterChain.doFilter(ApplicationFilterChain.java:166) [catalina.jar:9.0.14]
		at org.apache.catalina.core.StandardWrapperValve.invoke(StandardWrapperValve.java:199) [catalina.jar:9.0.14]
		at org.apache.catalina.core.StandardContextValve.invoke(StandardContextValve.java:96) [catalina.jar:9.0.14]
		at org.apache.catalina.authenticator.AuthenticatorBase.invoke(AuthenticatorBase.java:490) [catalina.jar:9.0.14]
		at org.apache.catalina.valves.rewrite.RewriteValve.invoke(RewriteValve.java:276) [catalina.jar:9.0.14]
		at org.apache.catalina.core.StandardHostValve.invoke(StandardHostValve.java:139) [catalina.jar:9.0.14]
		at org.apache.catalina.valves.ErrorReportValve.invoke(ErrorReportValve.java:92) [catalina.jar:9.0.14]
		at org.apache.catalina.valves.AbstractAccessLogValve.invoke(AbstractAccessLogValve.java:668) [catalina.jar:9.0.14]
		at org.apache.catalina.core.StandardEngineValve.invoke(StandardEngineValve.java:74) [catalina.jar:9.0.14]
		at org.apache.catalina.connector.CoyoteAdapter.service(CoyoteAdapter.java:343) [catalina.jar:9.0.14]
		at org.apache.coyote.http11.Http11Processor.service(Http11Processor.java:408) [tomcat-coyote.jar:9.0.14]
		at org.apache.coyote.AbstractProcessorLight.process(AbstractProcessorLight.java:66) [tomcat-coyote.jar:9.0.14]
		at org.apache.coyote.AbstractProtocol$ConnectionHandler.process(AbstractProtocol.java:834) [tomcat-coyote.jar:9.0.14]
		at org.apache.tomcat.util.net.NioEndpoint$SocketProcessor.doRun(NioEndpoint.java:1417) [tomcat-coyote.jar:9.0.14]
		at org.apache.tomcat.util.net.SocketProcessorBase.run(SocketProcessorBase.java:49) [tomcat-coyote.jar:9.0.14]
		at java.util.concurrent.ThreadPoolExecutor.runWorker(ThreadPoolExecutor.java:1149) [?:1.8.0_302]
		at java.util.concurrent.ThreadPoolExecutor$Worker.run(ThreadPoolExecutor.java:624) [?:1.8.0_302]
		at org.apache.tomcat.util.threads.TaskThread$WrappingRunnable.run(TaskThread.java:61) [tomcat-util.jar:9.0.14]
		at java.lang.Thread.run(Thread.java:748) [?:1.8.0_302]
Caused by: org.codehaus.groovy.control.MultipleCompilationErrorsException: startup failed:
script17600798713512086860178.groovy: 15: unable to resolve class org.nuxeo.connect.platform.PlatformId
 @ line 15, column 5.
       import org.nuxeo.connect.platform.PlatformId
       ^

1 error

	at org.codehaus.groovy.control.ErrorCollector.failIfErrors(ErrorCollector.java:310) ~[groovy-all-2.4.12.jar:2.4.12]
	at org.codehaus.groovy.control.CompilationUnit.applyToSourceUnits(CompilationUnit.java:958) ~[groovy-all-2.4.12.jar:2.4.12]
	at org.codehaus.groovy.control.CompilationUnit.doPhaseOperation(CompilationUnit.java:605) ~[groovy-all-2.4.12.jar:2.4.12]
	at org.codehaus.groovy.control.CompilationUnit.compile(CompilationUnit.java:554) ~[groovy-all-2.4.12.jar:2.4.12]
	at groovy.lang.GroovyClassLoader.doParseClass(GroovyClassLoader.java:298) ~[groovy-all-2.4.12.jar:2.4.12]
	at groovy.lang.GroovyClassLoader.parseClass(GroovyClassLoader.java:268) ~[groovy-all-2.4.12.jar:2.4.12]
	at groovy.lang.GroovyClassLoader.parseClass(GroovyClassLoader.java:254) ~[groovy-all-2.4.12.jar:2.4.12]
	at groovy.lang.GroovyClassLoader.parseClass(GroovyClassLoader.java:211) ~[groovy-all-2.4.12.jar:2.4.12]
	at groovy.lang.GroovyClassLoader.parseClass(GroovyClassLoader.java:221) ~[groovy-all-2.4.12.jar:2.4.12]
	at org.nuxeo.ecm.automation.core.scripting.GroovyScripting.getScript(GroovyScripting.java:129) ~[nuxeo-automation-core-10.10.jar:?]
	at org.nuxeo.ecm.automation.core.scripting.Scripting$GroovyScript.<init>(Scripting.java:159) ~[nuxeo-automation-core-10.10.jar:?]
	at org.nuxeo.ecm.automation.core.operations.RunInputScript.run(RunInputScript.java:61) ~[nuxeo-automation-core-10.10.jar:?]
	at sun.reflect.NativeMethodAccessorImpl.invoke0(Native Method) ~[?:1.8.0_302]
	at sun.reflect.NativeMethodAccessorImpl.invoke(NativeMethodAccessorImpl.java:62) ~[?:1.8.0_302]
	at sun.reflect.DelegatingMethodAccessorImpl.invoke(DelegatingMethodAccessorImpl.java:43) ~[?:1.8.0_302]
	at java.lang.reflect.Method.invoke(Method.java:498) ~[?:1.8.0_302]
	at org.nuxeo.ecm.automation.core.impl.InvokableMethod.doInvoke(InvokableMethod.java:174) ~[nuxeo-automation-core-10.10.jar:?]
	at org.nuxeo.ecm.automation.core.impl.InvokableMethod.invoke(InvokableMethod.java:179) ~[nuxeo-automation-core-10.10.jar:?]
	at org.nuxeo.ecm.automation.core.impl.OperationChainCompiler$OperationMethod.invoke(OperationChainCompiler.java:151) ~[nuxeo-automation-core-10.10.jar:?]
	at org.nuxeo.ecm.automation.core.impl.OperationChainCompiler$CompiledChainImpl.lambda$invoke$0(OperationChainCompiler.java:218) ~[nuxeo-automation-core-10.10.jar:?]
	at org.nuxeo.ecm.automation.OperationContext.call(OperationContext.java:326) ~[nuxeo-automation-core-10.10.jar:?]
	at org.nuxeo.ecm.automation.OperationContext.callWithChainParameters(OperationContext.java:291) ~[nuxeo-automation-core-10.10.jar:?]
	at org.nuxeo.ecm.automation.core.impl.OperationChainCompiler$CompiledChainImpl.invoke(OperationChainCompiler.java:215) ~[nuxeo-automation-core-10.10.jar:?]
	at org.nuxeo.ecm.automation.core.impl.OperationServiceImpl.run(OperationServiceImpl.java:115) ~[nuxeo-automation-core-10.10.jar:?]
	at org.nuxeo.ecm.automation.core.impl.OperationServiceImpl.lambda$run$0(OperationServiceImpl.java:105) ~[nuxeo-automation-core-10.10.jar:?]
	at org.nuxeo.ecm.automation.OperationContext.call(OperationContext.java:326) ~[nuxeo-automation-core-10.10.jar:?]
	at org.nuxeo.ecm.automation.OperationContext.callWithChainParameters(OperationContext.java:291) ~[nuxeo-automation-core-10.10.jar:?]
	at org.nuxeo.ecm.automation.core.impl.OperationServiceImpl.run(OperationServiceImpl.java:105) ~[nuxeo-automation-core-10.10.jar:?]
	at org.nuxeo.ecm.automation.server.jaxrs.OperationResource.execute(OperationResource.java:58) ~[nuxeo-automation-server-10.10.jar:?]
	at org.nuxeo.ecm.automation.server.jaxrs.ExecutableResource.doPost(ExecutableResource.java:70) ~[nuxeo-automation-server-10.10.jar:?]
	... 122 more
2025-10-10T07:04:32,220 WARN  [http-nio-0.0.0.0-8080-exec-3] [org.nuxeo.ecm.automation.core.trace.Trace] 

****** chain ******
Name: RunInputScript
Exception: OperationException
Caught error: Failed to invoke operation RunInputScript with aliases [Context.RunInputScript]
Caused by: org.nuxeo.ecm.automation.OperationException: Failed to invoke operation RunInputScript with aliases [Context.RunInputScript]
****** Hierarchy calls ******
	org.nuxeo.ecm.automation.core.operations.RunInputScript

2025-10-10T07:04:32,221 ERROR [http-nio-0.0.0.0-8080-exec-3] [org.nuxeo.ecm.webengine.app.WebEngineExceptionMapper] org.nuxeo.ecm.core.api.NuxeoException: Failed to invoke operation: RunInputScript
org.nuxeo.ecm.core.api.NuxeoException: Failed to invoke operation: RunInputScript
	at org.nuxeo.ecm.automation.server.jaxrs.ExecutableResource.doPost(ExecutableResource.java:87) ~[nuxeo-automation-server-10.10.jar:?]
	at sun.reflect.NativeMethodAccessorImpl.invoke0(Native Method) ~[?:1.8.0_302]
	at sun.reflect.NativeMethodAccessorImpl.invoke(NativeMethodAccessorImpl.java:62) ~[?:1.8.0_302]
	at sun.reflect.DelegatingMethodAccessorImpl.invoke(DelegatingMethodAccessorImpl.java:43) ~[?:1.8.0_302]
	at java.lang.reflect.Method.invoke(Method.java:498) ~[?:1.8.0_302]
	at com.sun.jersey.spi.container.JavaMethodInvokerFactory$1.invoke(JavaMethodInvokerFactory.java:60) ~[jersey-server-1.19.4.jar:1.19.4]
	at com.sun.jersey.server.impl.model.method.dispatch.AbstractResourceMethodDispatchProvider$ObjectOutInvoker._dispatch(AbstractResourceMethodDispatchProvider.java:258) ~[jersey-server-1.19.4.jar:1.19.4]
	at com.sun.jersey.server.impl.model.method.dispatch.ResourceJavaMethodDispatcher.dispatch(ResourceJavaMethodDispatcher.java:75) ~[jersey-server-1.19.4.jar:1.19.4]
	at com.sun.jersey.server.impl.uri.rules.HttpMethodRule.accept(HttpMethodRule.java:302) ~[jersey-server-1.19.4.jar:1.19.4]
	at com.sun.jersey.server.impl.uri.rules.SubLocatorRule.accept(SubLocatorRule.java:137) ~[jersey-server-1.19.4.jar:1.19.4]
	at com.sun.jersey.server.impl.uri.rules.RightHandPathRule.accept(RightHandPathRule.java:147) ~[jersey-server-1.19.4.jar:1.19.4]
	at com.sun.jersey.server.impl.uri.rules.SubLocatorRule.accept(SubLocatorRule.java:137) ~[jersey-server-1.19.4.jar:1.19.4]
	at com.sun.jersey.server.impl.uri.rules.RightHandPathRule.accept(RightHandPathRule.java:147) ~[jersey-server-1.19.4.jar:1.19.4]
	at com.sun.jersey.server.impl.uri.rules.ResourceClassRule.accept(ResourceClassRule.java:108) ~[jersey-server-1.19.4.jar:1.19.4]
	at com.sun.jersey.server.impl.uri.rules.RightHandPathRule.accept(RightHandPathRule.java:147) ~[jersey-server-1.19.4.jar:1.19.4]
	at com.sun.jersey.server.impl.uri.rules.RootResourceClassesRule.accept(RootResourceClassesRule.java:84) ~[jersey-server-1.19.4.jar:1.19.4]
	at com.sun.jersey.server.impl.application.WebApplicationImpl._handleRequest(WebApplicationImpl.java:1542) ~[jersey-server-1.19.4.jar:1.19.4]
	at com.sun.jersey.server.impl.application.WebApplicationImpl._handleRequest(WebApplicationImpl.java:1473) [jersey-server-1.19.4.jar:1.19.4]
	at com.sun.jersey.server.impl.application.WebApplicationImpl.handleRequest(WebApplicationImpl.java:1419) [jersey-server-1.19.4.jar:1.19.4]
	at com.sun.jersey.server.impl.application.WebApplicationImpl.handleRequest(WebApplicationImpl.java:1409) [jersey-server-1.19.4.jar:1.19.4]
	at com.sun.jersey.spi.container.servlet.WebComponent.service(WebComponent.java:409) [jersey-servlet-1.19.4.jar:1.19.4]
	at com.sun.jersey.spi.container.servlet.ServletContainer.service(ServletContainer.java:558) [jersey-servlet-1.19.4.jar:1.19.4]
	at com.sun.jersey.spi.container.servlet.ServletContainer.service(ServletContainer.java:733) [jersey-servlet-1.19.4.jar:1.19.4]
	at org.nuxeo.ecm.webengine.app.jersey.WebEngineServlet.containerService(WebEngineServlet.java:72) [nuxeo-webengine-core-10.10.jar:?]
	at org.nuxeo.ecm.webengine.app.jersey.WebEngineServlet.service(WebEngineServlet.java:56) [nuxeo-webengine-core-10.10.jar:?]
	at javax.servlet.http.HttpServlet.service(HttpServlet.java:741) [servlet-api.jar:?]
	at org.apache.catalina.core.ApplicationFilterChain.internalDoFilter(ApplicationFilterChain.java:231) [catalina.jar:9.0.14]
	at org.apache.catalina.core.ApplicationFilterChain.doFilter(ApplicationFilterChain.java:166) [catalina.jar:9.0.14]
	at org.apache.tomcat.websocket.server.WsFilter.doFilter(WsFilter.java:53) [tomcat-websocket.jar:9.0.14]
	at org.apache.catalina.core.ApplicationFilterChain.internalDoFilter(ApplicationFilterChain.java:193) [catalina.jar:9.0.14]
	at org.apache.catalina.core.ApplicationFilterChain.doFilter(ApplicationFilterChain.java:166) [catalina.jar:9.0.14]
	at org.nuxeo.elasticsearch.ElasticSearchFilter.doFilter(ElasticSearchFilter.java:55) [nuxeo-elasticsearch-core-10.10.jar:?]
	at org.apache.catalina.core.ApplicationFilterChain.internalDoFilter(ApplicationFilterChain.java:193) [catalina.jar:9.0.14]
	at org.apache.catalina.core.ApplicationFilterChain.doFilter(ApplicationFilterChain.java:166) [catalina.jar:9.0.14]
	at org.nuxeo.ecm.webengine.jaxrs.session.SessionCleanupFilter.run(SessionCleanupFilter.java:50) [nuxeo-webengine-jaxrs-10.10.jar:?]
	at org.nuxeo.ecm.webengine.jaxrs.HttpFilter.doFilter(HttpFilter.java:49) [nuxeo-webengine-jaxrs-10.10.jar:?]
	at org.apache.catalina.core.ApplicationFilterChain.internalDoFilter(ApplicationFilterChain.java:193) [catalina.jar:9.0.14]
	at org.apache.catalina.core.ApplicationFilterChain.doFilter(ApplicationFilterChain.java:166) [catalina.jar:9.0.14]
	at org.nuxeo.ecm.webengine.app.WebContextFilter.doFilter(WebContextFilter.java:56) [nuxeo-webengine-core-10.10.jar:?]
	at org.apache.catalina.core.ApplicationFilterChain.internalDoFilter(ApplicationFilterChain.java:193) [catalina.jar:9.0.14]
	at org.apache.catalina.core.ApplicationFilterChain.doFilter(ApplicationFilterChain.java:166) [catalina.jar:9.0.14]
	at org.nuxeo.ecm.webengine.jaxrs.context.RequestContextFilter.run(RequestContextFilter.java:48) [nuxeo-webengine-jaxrs-10.10.jar:?]
	at org.nuxeo.ecm.webengine.jaxrs.HttpFilter.doFilter(HttpFilter.java:49) [nuxeo-webengine-jaxrs-10.10.jar:?]
	at org.apache.catalina.core.ApplicationFilterChain.internalDoFilter(ApplicationFilterChain.java:193) [catalina.jar:9.0.14]
	at org.apache.catalina.core.ApplicationFilterChain.doFilter(ApplicationFilterChain.java:166) [catalina.jar:9.0.14]
	at org.nuxeo.ecm.webengine.app.HeaderFixFilter.run(HeaderFixFilter.java:62) [nuxeo-webengine-core-10.10.jar:?]
	at org.nuxeo.ecm.webengine.jaxrs.HttpFilter.doFilter(HttpFilter.java:49) [nuxeo-webengine-jaxrs-10.10.jar:?]
	at org.apache.catalina.core.ApplicationFilterChain.internalDoFilter(ApplicationFilterChain.java:193) [catalina.jar:9.0.14]
	at org.apache.catalina.core.ApplicationFilterChain.doFilter(ApplicationFilterChain.java:166) [catalina.jar:9.0.14]
	at org.nuxeo.ecm.core.management.jtajca.internal.Log4jWebFilter.doFilter(Log4jWebFilter.java:69) [nuxeo-core-management-jtajca-10.10.jar:?]
	at org.apache.catalina.core.ApplicationFilterChain.internalDoFilter(ApplicationFilterChain.java:193) [catalina.jar:9.0.14]
	at org.apache.catalina.core.ApplicationFilterChain.doFilter(ApplicationFilterChain.java:166) [catalina.jar:9.0.14]
	at org.nuxeo.ecm.platform.web.common.requestcontroller.filter.NuxeoRequestControllerFilter.doFilter(NuxeoRequestControllerFilter.java:134) [nuxeo-platform-web-common-10.10.jar:?]
	at org.apache.catalina.core.ApplicationFilterChain.internalDoFilter(ApplicationFilterChain.java:193) [catalina.jar:9.0.14]
	at org.apache.catalina.core.ApplicationFilterChain.doFilter(ApplicationFilterChain.java:166) [catalina.jar:9.0.14]
	at org.nuxeo.ecm.platform.ui.web.auth.NuxeoAuthenticationFilter.doFilterInternal(NuxeoAuthenticationFilter.java:633) [nuxeo-platform-web-common-10.10.jar:?]
	at org.nuxeo.ecm.platform.ui.web.auth.NuxeoAuthenticationFilter.doFilter(NuxeoAuthenticationFilter.java:429) [nuxeo-platform-web-common-10.10.jar:?]
	at org.apache.catalina.core.ApplicationFilterChain.internalDoFilter(ApplicationFilterChain.java:193) [catalina.jar:9.0.14]
	at org.apache.catalina.core.ApplicationFilterChain.doFilter(ApplicationFilterChain.java:166) [catalina.jar:9.0.14]
	at org.nuxeo.ecm.platform.web.common.exceptionhandling.NuxeoExceptionFilter.doFilter(NuxeoExceptionFilter.java:67) [nuxeo-platform-web-common-10.10.jar:?]
	at org.apache.catalina.core.ApplicationFilterChain.internalDoFilter(ApplicationFilterChain.java:193) [catalina.jar:9.0.14]
	at org.apache.catalina.core.ApplicationFilterChain.doFilter(ApplicationFilterChain.java:166) [catalina.jar:9.0.14]
	at org.nuxeo.ecm.platform.web.common.encoding.NuxeoEncodingFilter.doFilter(NuxeoEncodingFilter.java:64) [nuxeo-platform-web-common-10.10.jar:?]
	at org.apache.catalina.core.ApplicationFilterChain.internalDoFilter(ApplicationFilterChain.java:193) [catalina.jar:9.0.14]
	at org.apache.catalina.core.ApplicationFilterChain.doFilter(ApplicationFilterChain.java:166) [catalina.jar:9.0.14]
	at org.apache.catalina.core.ApplicationDispatcher.invoke(ApplicationDispatcher.java:712) [catalina.jar:9.0.14]
	at org.apache.catalina.core.ApplicationDispatcher.processRequest(ApplicationDispatcher.java:459) [catalina.jar:9.0.14]
	at org.apache.catalina.core.ApplicationDispatcher.doForward(ApplicationDispatcher.java:384) [catalina.jar:9.0.14]
	at org.apache.catalina.core.ApplicationDispatcher.forward(ApplicationDispatcher.java:312) [catalina.jar:9.0.14]
	at org.nuxeo.ecm.restapi.server.APIServlet.service(APIServlet.java:50) [nuxeo-rest-api-server-10.10.jar:?]
	at javax.servlet.http.HttpServlet.service(HttpServlet.java:741) [servlet-api.jar:?]
	at org.apache.catalina.core.ApplicationFilterChain.internalDoFilter(ApplicationFilterChain.java:231) [catalina.jar:9.0.14]
	at org.apache.catalina.core.ApplicationFilterChain.doFilter(ApplicationFilterChain.java:166) [catalina.jar:9.0.14]
	at org.apache.tomcat.websocket.server.WsFilter.doFilter(WsFilter.java:53) [tomcat-websocket.jar:9.0.14]
	at org.apache.catalina.core.ApplicationFilterChain.internalDoFilter(ApplicationFilterChain.java:193) [catalina.jar:9.0.14]
	at org.apache.catalina.core.ApplicationFilterChain.doFilter(ApplicationFilterChain.java:166) [catalina.jar:9.0.14]
	at org.nuxeo.elasticsearch.ElasticSearchFilter.doFilter(ElasticSearchFilter.java:55) [nuxeo-elasticsearch-core-10.10.jar:?]
	at org.apache.catalina.core.ApplicationFilterChain.internalDoFilter(ApplicationFilterChain.java:193) [catalina.jar:9.0.14]
	at org.apache.catalina.core.ApplicationFilterChain.doFilter(ApplicationFilterChain.java:166) [catalina.jar:9.0.14]
	at org.nuxeo.ecm.platform.web.common.requestcontroller.filter.NuxeoThreadTrackerFilter.doFilter(NuxeoThreadTrackerFilter.java:43) [nuxeo-platform-web-common-10.10.jar:?]
	at org.apache.catalina.core.ApplicationFilterChain.internalDoFilter(ApplicationFilterChain.java:193) [catalina.jar:9.0.14]
	at org.apache.catalina.core.ApplicationFilterChain.doFilter(ApplicationFilterChain.java:166) [catalina.jar:9.0.14]
	at org.nuxeo.ecm.platform.web.common.requestcontroller.filter.NuxeoStandbyFilter.doFilter(NuxeoStandbyFilter.java:67) [nuxeo-platform-web-common-10.10.jar:?]
	at org.apache.catalina.core.ApplicationFilterChain.internalDoFilter(ApplicationFilterChain.java:193) [catalina.jar:9.0.14]
	at org.apache.catalina.core.ApplicationFilterChain.doFilter(ApplicationFilterChain.java:166) [catalina.jar:9.0.14]
	at org.nuxeo.ecm.core.management.jtajca.internal.Log4jWebFilter.doFilter(Log4jWebFilter.java:69) [nuxeo-core-management-jtajca-10.10.jar:?]
	at org.apache.catalina.core.ApplicationFilterChain.internalDoFilter(ApplicationFilterChain.java:193) [catalina.jar:9.0.14]
	at org.apache.catalina.core.ApplicationFilterChain.doFilter(ApplicationFilterChain.java:166) [catalina.jar:9.0.14]
	at org.nuxeo.ecm.platform.ui.web.rest.FancyURLFilter.doFilter(FancyURLFilter.java:120) [nuxeo-platform-ui-web-10.10.jar:?]
	at org.apache.catalina.core.ApplicationFilterChain.internalDoFilter(ApplicationFilterChain.java:193) [catalina.jar:9.0.14]
	at org.apache.catalina.core.ApplicationFilterChain.doFilter(ApplicationFilterChain.java:166) [catalina.jar:9.0.14]
	at org.nuxeo.ecm.platform.web.common.requestcontroller.filter.NuxeoRequestControllerFilter.doFilter(NuxeoRequestControllerFilter.java:134) [nuxeo-platform-web-common-10.10.jar:?]
	at org.apache.catalina.core.ApplicationFilterChain.internalDoFilter(ApplicationFilterChain.java:193) [catalina.jar:9.0.14]
	at org.apache.catalina.core.ApplicationFilterChain.doFilter(ApplicationFilterChain.java:166) [catalina.jar:9.0.14]
	at com.thetransactioncompany.cors.CORSFilter.doFilter(CORSFilter.java:209) [cors-filter-2.6.jar:2.6]
	at com.thetransactioncompany.cors.CORSFilter.doFilter(CORSFilter.java:244) [cors-filter-2.6.jar:2.6]
	at org.nuxeo.ecm.platform.web.common.requestcontroller.filter.NuxeoCorsCsrfFilter.doFilter(NuxeoCorsCsrfFilter.java:258) [nuxeo-platform-web-common-10.10.jar:?]
	at org.apache.catalina.core.ApplicationFilterChain.internalDoFilter(ApplicationFilterChain.java:193) [catalina.jar:9.0.14]
	at org.apache.catalina.core.ApplicationFilterChain.doFilter(ApplicationFilterChain.java:166) [catalina.jar:9.0.14]
	at org.nuxeo.ecm.platform.web.common.exceptionhandling.NuxeoExceptionFilter.doFilter(NuxeoExceptionFilter.java:67) [nuxeo-platform-web-common-10.10.jar:?]
	at org.apache.catalina.core.ApplicationFilterChain.internalDoFilter(ApplicationFilterChain.java:193) [catalina.jar:9.0.14]
	at org.apache.catalina.core.ApplicationFilterChain.doFilter(ApplicationFilterChain.java:166) [catalina.jar:9.0.14]
	at org.nuxeo.ecm.platform.web.common.encoding.NuxeoEncodingFilter.doFilter(NuxeoEncodingFilter.java:64) [nuxeo-platform-web-common-10.10.jar:?]
	at org.apache.catalina.core.ApplicationFilterChain.internalDoFilter(ApplicationFilterChain.java:193) [catalina.jar:9.0.14]
	at org.apache.catalina.core.ApplicationFilterChain.doFilter(ApplicationFilterChain.java:166) [catalina.jar:9.0.14]
	at org.apache.catalina.core.StandardWrapperValve.invoke(StandardWrapperValve.java:199) [catalina.jar:9.0.14]
	at org.apache.catalina.core.StandardContextValve.invoke(StandardContextValve.java:96) [catalina.jar:9.0.14]
	at org.apache.catalina.authenticator.AuthenticatorBase.invoke(AuthenticatorBase.java:490) [catalina.jar:9.0.14]
	at org.apache.catalina.valves.rewrite.RewriteValve.invoke(RewriteValve.java:276) [catalina.jar:9.0.14]
	at org.apache.catalina.core.StandardHostValve.invoke(StandardHostValve.java:139) [catalina.jar:9.0.14]
	at org.apache.catalina.valves.ErrorReportValve.invoke(ErrorReportValve.java:92) [catalina.jar:9.0.14]
	at org.apache.catalina.valves.AbstractAccessLogValve.invoke(AbstractAccessLogValve.java:668) [catalina.jar:9.0.14]
	at org.apache.catalina.core.StandardEngineValve.invoke(StandardEngineValve.java:74) [catalina.jar:9.0.14]
	at org.apache.catalina.connector.CoyoteAdapter.service(CoyoteAdapter.java:343) [catalina.jar:9.0.14]
	at org.apache.coyote.http11.Http11Processor.service(Http11Processor.java:408) [tomcat-coyote.jar:9.0.14]
	at org.apache.coyote.AbstractProcessorLight.process(AbstractProcessorLight.java:66) [tomcat-coyote.jar:9.0.14]
	at org.apache.coyote.AbstractProtocol$ConnectionHandler.process(AbstractProtocol.java:834) [tomcat-coyote.jar:9.0.14]
	at org.apache.tomcat.util.net.NioEndpoint$SocketProcessor.doRun(NioEndpoint.java:1417) [tomcat-coyote.jar:9.0.14]
	at org.apache.tomcat.util.net.SocketProcessorBase.run(SocketProcessorBase.java:49) [tomcat-coyote.jar:9.0.14]
	at java.util.concurrent.ThreadPoolExecutor.runWorker(ThreadPoolExecutor.java:1149) [?:1.8.0_302]
	at java.util.concurrent.ThreadPoolExecutor$Worker.run(ThreadPoolExecutor.java:624) [?:1.8.0_302]
	at org.apache.tomcat.util.threads.TaskThread$WrappingRunnable.run(TaskThread.java:61) [tomcat-util.jar:9.0.14]
	at java.lang.Thread.run(Thread.java:748) [?:1.8.0_302]
Caused by: org.nuxeo.ecm.automation.OperationException: Failed to invoke operation RunInputScript with aliases [Context.RunInputScript]
	at org.nuxeo.ecm.automation.core.impl.InvokableMethod.invoke(InvokableMethod.java:189) ~[nuxeo-automation-core-10.10.jar:?]
	at org.nuxeo.ecm.automation.core.impl.OperationChainCompiler$OperationMethod.invoke(OperationChainCompiler.java:151) ~[nuxeo-automation-core-10.10.jar:?]
	at org.nuxeo.ecm.automation.core.impl.OperationChainCompiler$CompiledChainImpl.lambda$invoke$0(OperationChainCompiler.java:218) ~[nuxeo-automation-core-10.10.jar:?]
	at org.nuxeo.ecm.automation.OperationContext.call(OperationContext.java:326) ~[nuxeo-automation-core-10.10.jar:?]
	at org.nuxeo.ecm.automation.OperationContext.callWithChainParameters(OperationContext.java:291) ~[nuxeo-automation-core-10.10.jar:?]
	at org.nuxeo.ecm.automation.core.impl.OperationChainCompiler$CompiledChainImpl.invoke(OperationChainCompiler.java:215) ~[nuxeo-automation-core-10.10.jar:?]
	at org.nuxeo.ecm.automation.core.impl.OperationServiceImpl.run(OperationServiceImpl.java:115) ~[nuxeo-automation-core-10.10.jar:?]
	at org.nuxeo.ecm.automation.core.impl.OperationServiceImpl.lambda$run$0(OperationServiceImpl.java:105) ~[nuxeo-automation-core-10.10.jar:?]
	at org.nuxeo.ecm.automation.OperationContext.call(OperationContext.java:326) ~[nuxeo-automation-core-10.10.jar:?]
	at org.nuxeo.ecm.automation.OperationContext.callWithChainParameters(OperationContext.java:291) ~[nuxeo-automation-core-10.10.jar:?]
	at org.nuxeo.ecm.automation.core.impl.OperationServiceImpl.run(OperationServiceImpl.java:105) ~[nuxeo-automation-core-10.10.jar:?]
	at org.nuxeo.ecm.automation.server.jaxrs.OperationResource.execute(OperationResource.java:58) ~[nuxeo-automation-server-10.10.jar:?]
	at org.nuxeo.ecm.automation.server.jaxrs.ExecutableResource.doPost(ExecutableResource.java:70) ~[nuxeo-automation-server-10.10.jar:?]
	... 122 more
	Suppressed: java.lang.Throwable: 

****** chain ******
Name: RunInputScript
Exception: OperationException
Caught error: Failed to invoke operation RunInputScript with aliases [Context.RunInputScript]
Caused by: org.nuxeo.ecm.automation.OperationException: Failed to invoke operation RunInputScript with aliases [Context.RunInputScript]
****** Hierarchy calls ******
	org.nuxeo.ecm.automation.core.operations.RunInputScript

		at org.nuxeo.ecm.automation.core.trace.TracerFactory.onTrace(TracerFactory.java:198) ~[nuxeo-automation-core-10.10.jar:?]
		at org.nuxeo.ecm.automation.core.trace.Tracer.popContext(Tracer.java:73) ~[nuxeo-automation-core-10.10.jar:?]
		at org.nuxeo.ecm.automation.core.trace.Tracer.onChainExit(Tracer.java:86) ~[nuxeo-automation-core-10.10.jar:?]
		at org.nuxeo.ecm.automation.core.impl.OperationChainCompiler$CompiledChainImpl.lambda$invoke$0(OperationChainCompiler.java:227) ~[nuxeo-automation-core-10.10.jar:?]
		at org.nuxeo.ecm.automation.OperationContext.call(OperationContext.java:326) ~[nuxeo-automation-core-10.10.jar:?]
		at org.nuxeo.ecm.automation.OperationContext.callWithChainParameters(OperationContext.java:291) ~[nuxeo-automation-core-10.10.jar:?]
		at org.nuxeo.ecm.automation.core.impl.OperationChainCompiler$CompiledChainImpl.invoke(OperationChainCompiler.java:215) ~[nuxeo-automation-core-10.10.jar:?]
		at org.nuxeo.ecm.automation.core.impl.OperationServiceImpl.run(OperationServiceImpl.java:115) ~[nuxeo-automation-core-10.10.jar:?]
		at org.nuxeo.ecm.automation.core.impl.OperationServiceImpl.lambda$run$0(OperationServiceImpl.java:105) ~[nuxeo-automation-core-10.10.jar:?]
		at org.nuxeo.ecm.automation.OperationContext.call(OperationContext.java:326) ~[nuxeo-automation-core-10.10.jar:?]
		at org.nuxeo.ecm.automation.OperationContext.callWithChainParameters(OperationContext.java:291) ~[nuxeo-automation-core-10.10.jar:?]
		at org.nuxeo.ecm.automation.core.impl.OperationServiceImpl.run(OperationServiceImpl.java:105) ~[nuxeo-automation-core-10.10.jar:?]
		at org.nuxeo.ecm.automation.server.jaxrs.OperationResource.execute(OperationResource.java:58) ~[nuxeo-automation-server-10.10.jar:?]
		at org.nuxeo.ecm.automation.server.jaxrs.ExecutableResource.doPost(ExecutableResource.java:70) ~[nuxeo-automation-server-10.10.jar:?]
		at sun.reflect.NativeMethodAccessorImpl.invoke0(Native Method) ~[?:1.8.0_302]
		at sun.reflect.NativeMethodAccessorImpl.invoke(NativeMethodAccessorImpl.java:62) ~[?:1.8.0_302]
		at sun.reflect.DelegatingMethodAccessorImpl.invoke(DelegatingMethodAccessorImpl.java:43) ~[?:1.8.0_302]
		at java.lang.reflect.Method.invoke(Method.java:498) ~[?:1.8.0_302]
		at com.sun.jersey.spi.container.JavaMethodInvokerFactory$1.invoke(JavaMethodInvokerFactory.java:60) ~[jersey-server-1.19.4.jar:1.19.4]
		at com.sun.jersey.server.impl.model.method.dispatch.AbstractResourceMethodDispatchProvider$ObjectOutInvoker._dispatch(AbstractResourceMethodDispatchProvider.java:258) ~[jersey-server-1.19.4.jar:1.19.4]
		at com.sun.jersey.server.impl.model.method.dispatch.ResourceJavaMethodDispatcher.dispatch(ResourceJavaMethodDispatcher.java:75) ~[jersey-server-1.19.4.jar:1.19.4]
		at com.sun.jersey.server.impl.uri.rules.HttpMethodRule.accept(HttpMethodRule.java:302) ~[jersey-server-1.19.4.jar:1.19.4]
		at com.sun.jersey.server.impl.uri.rules.SubLocatorRule.accept(SubLocatorRule.java:137) ~[jersey-server-1.19.4.jar:1.19.4]
		at com.sun.jersey.server.impl.uri.rules.RightHandPathRule.accept(RightHandPathRule.java:147) ~[jersey-server-1.19.4.jar:1.19.4]
		at com.sun.jersey.server.impl.uri.rules.SubLocatorRule.accept(SubLocatorRule.java:137) ~[jersey-server-1.19.4.jar:1.19.4]
		at com.sun.jersey.server.impl.uri.rules.RightHandPathRule.accept(RightHandPathRule.java:147) ~[jersey-server-1.19.4.jar:1.19.4]
		at com.sun.jersey.server.impl.uri.rules.ResourceClassRule.accept(ResourceClassRule.java:108) ~[jersey-server-1.19.4.jar:1.19.4]
		at com.sun.jersey.server.impl.uri.rules.RightHandPathRule.accept(RightHandPathRule.java:147) ~[jersey-server-1.19.4.jar:1.19.4]
		at com.sun.jersey.server.impl.uri.rules.RootResourceClassesRule.accept(RootResourceClassesRule.java:84) ~[jersey-server-1.19.4.jar:1.19.4]
		at com.sun.jersey.server.impl.application.WebApplicationImpl._handleRequest(WebApplicationImpl.java:1542) ~[jersey-server-1.19.4.jar:1.19.4]
		at com.sun.jersey.server.impl.application.WebApplicationImpl._handleRequest(WebApplicationImpl.java:1473) [jersey-server-1.19.4.jar:1.19.4]
		at com.sun.jersey.server.impl.application.WebApplicationImpl.handleRequest(WebApplicationImpl.java:1419) [jersey-server-1.19.4.jar:1.19.4]
		at com.sun.jersey.server.impl.application.WebApplicationImpl.handleRequest(WebApplicationImpl.java:1409) [jersey-server-1.19.4.jar:1.19.4]
		at com.sun.jersey.spi.container.servlet.WebComponent.service(WebComponent.java:409) [jersey-servlet-1.19.4.jar:1.19.4]
		at com.sun.jersey.spi.container.servlet.ServletContainer.service(ServletContainer.java:558) [jersey-servlet-1.19.4.jar:1.19.4]
		at com.sun.jersey.spi.container.servlet.ServletContainer.service(ServletContainer.java:733) [jersey-servlet-1.19.4.jar:1.19.4]
		at org.nuxeo.ecm.webengine.app.jersey.WebEngineServlet.containerService(WebEngineServlet.java:72) [nuxeo-webengine-core-10.10.jar:?]
		at org.nuxeo.ecm.webengine.app.jersey.WebEngineServlet.service(WebEngineServlet.java:56) [nuxeo-webengine-core-10.10.jar:?]
		at javax.servlet.http.HttpServlet.service(HttpServlet.java:741) [servlet-api.jar:?]
		at org.apache.catalina.core.ApplicationFilterChain.internalDoFilter(ApplicationFilterChain.java:231) [catalina.jar:9.0.14]
		at org.apache.catalina.core.ApplicationFilterChain.doFilter(ApplicationFilterChain.java:166) [catalina.jar:9.0.14]
		at org.apache.tomcat.websocket.server.WsFilter.doFilter(WsFilter.java:53) [tomcat-websocket.jar:9.0.14]
		at org.apache.catalina.core.ApplicationFilterChain.internalDoFilter(ApplicationFilterChain.java:193) [catalina.jar:9.0.14]
		at org.apache.catalina.core.ApplicationFilterChain.doFilter(ApplicationFilterChain.java:166) [catalina.jar:9.0.14]
		at org.nuxeo.elasticsearch.ElasticSearchFilter.doFilter(ElasticSearchFilter.java:55) [nuxeo-elasticsearch-core-10.10.jar:?]
		at org.apache.catalina.core.ApplicationFilterChain.internalDoFilter(ApplicationFilterChain.java:193) [catalina.jar:9.0.14]
		at org.apache.catalina.core.ApplicationFilterChain.doFilter(ApplicationFilterChain.java:166) [catalina.jar:9.0.14]
		at org.nuxeo.ecm.webengine.jaxrs.session.SessionCleanupFilter.run(SessionCleanupFilter.java:50) [nuxeo-webengine-jaxrs-10.10.jar:?]
		at org.nuxeo.ecm.webengine.jaxrs.HttpFilter.doFilter(HttpFilter.java:49) [nuxeo-webengine-jaxrs-10.10.jar:?]
		at org.apache.catalina.core.ApplicationFilterChain.internalDoFilter(ApplicationFilterChain.java:193) [catalina.jar:9.0.14]
		at org.apache.catalina.core.ApplicationFilterChain.doFilter(ApplicationFilterChain.java:166) [catalina.jar:9.0.14]
		at org.nuxeo.ecm.webengine.app.WebContextFilter.doFilter(WebContextFilter.java:56) [nuxeo-webengine-core-10.10.jar:?]
		at org.apache.catalina.core.ApplicationFilterChain.internalDoFilter(ApplicationFilterChain.java:193) [catalina.jar:9.0.14]
		at org.apache.catalina.core.ApplicationFilterChain.doFilter(ApplicationFilterChain.java:166) [catalina.jar:9.0.14]
		at org.nuxeo.ecm.webengine.jaxrs.context.RequestContextFilter.run(RequestContextFilter.java:48) [nuxeo-webengine-jaxrs-10.10.jar:?]
		at org.nuxeo.ecm.webengine.jaxrs.HttpFilter.doFilter(HttpFilter.java:49) [nuxeo-webengine-jaxrs-10.10.jar:?]
		at org.apache.catalina.core.ApplicationFilterChain.internalDoFilter(ApplicationFilterChain.java:193) [catalina.jar:9.0.14]
		at org.apache.catalina.core.ApplicationFilterChain.doFilter(ApplicationFilterChain.java:166) [catalina.jar:9.0.14]
		at org.nuxeo.ecm.webengine.app.HeaderFixFilter.run(HeaderFixFilter.java:62) [nuxeo-webengine-core-10.10.jar:?]
		at org.nuxeo.ecm.webengine.jaxrs.HttpFilter.doFilter(HttpFilter.java:49) [nuxeo-webengine-jaxrs-10.10.jar:?]
		at org.apache.catalina.core.ApplicationFilterChain.internalDoFilter(ApplicationFilterChain.java:193) [catalina.jar:9.0.14]
		at org.apache.catalina.core.ApplicationFilterChain.doFilter(ApplicationFilterChain.java:166) [catalina.jar:9.0.14]
		at org.nuxeo.ecm.core.management.jtajca.internal.Log4jWebFilter.doFilter(Log4jWebFilter.java:69) [nuxeo-core-management-jtajca-10.10.jar:?]
		at org.apache.catalina.core.ApplicationFilterChain.internalDoFilter(ApplicationFilterChain.java:193) [catalina.jar:9.0.14]
		at org.apache.catalina.core.ApplicationFilterChain.doFilter(ApplicationFilterChain.java:166) [catalina.jar:9.0.14]
		at org.nuxeo.ecm.platform.web.common.requestcontroller.filter.NuxeoRequestControllerFilter.doFilter(NuxeoRequestControllerFilter.java:134) [nuxeo-platform-web-common-10.10.jar:?]
		at org.apache.catalina.core.ApplicationFilterChain.internalDoFilter(ApplicationFilterChain.java:193) [catalina.jar:9.0.14]
		at org.apache.catalina.core.ApplicationFilterChain.doFilter(ApplicationFilterChain.java:166) [catalina.jar:9.0.14]
		at org.nuxeo.ecm.platform.ui.web.auth.NuxeoAuthenticationFilter.doFilterInternal(NuxeoAuthenticationFilter.java:633) [nuxeo-platform-web-common-10.10.jar:?]
		at org.nuxeo.ecm.platform.ui.web.auth.NuxeoAuthenticationFilter.doFilter(NuxeoAuthenticationFilter.java:429) [nuxeo-platform-web-common-10.10.jar:?]
		at org.apache.catalina.core.ApplicationFilterChain.internalDoFilter(ApplicationFilterChain.java:193) [catalina.jar:9.0.14]
		at org.apache.catalina.core.ApplicationFilterChain.doFilter(ApplicationFilterChain.java:166) [catalina.jar:9.0.14]
		at org.nuxeo.ecm.platform.web.common.exceptionhandling.NuxeoExceptionFilter.doFilter(NuxeoExceptionFilter.java:67) [nuxeo-platform-web-common-10.10.jar:?]
		at org.apache.catalina.core.ApplicationFilterChain.internalDoFilter(ApplicationFilterChain.java:193) [catalina.jar:9.0.14]
		at org.apache.catalina.core.ApplicationFilterChain.doFilter(ApplicationFilterChain.java:166) [catalina.jar:9.0.14]
		at org.nuxeo.ecm.platform.web.common.encoding.NuxeoEncodingFilter.doFilter(NuxeoEncodingFilter.java:64) [nuxeo-platform-web-common-10.10.jar:?]
		at org.apache.catalina.core.ApplicationFilterChain.internalDoFilter(ApplicationFilterChain.java:193) [catalina.jar:9.0.14]
		at org.apache.catalina.core.ApplicationFilterChain.doFilter(ApplicationFilterChain.java:166) [catalina.jar:9.0.14]
		at org.apache.catalina.core.ApplicationDispatcher.invoke(ApplicationDispatcher.java:712) [catalina.jar:9.0.14]
		at org.apache.catalina.core.ApplicationDispatcher.processRequest(ApplicationDispatcher.java:459) [catalina.jar:9.0.14]
		at org.apache.catalina.core.ApplicationDispatcher.doForward(ApplicationDispatcher.java:384) [catalina.jar:9.0.14]
		at org.apache.catalina.core.ApplicationDispatcher.forward(ApplicationDispatcher.java:312) [catalina.jar:9.0.14]
		at org.nuxeo.ecm.restapi.server.APIServlet.service(APIServlet.java:50) [nuxeo-rest-api-server-10.10.jar:?]
		at javax.servlet.http.HttpServlet.service(HttpServlet.java:741) [servlet-api.jar:?]
		at org.apache.catalina.core.ApplicationFilterChain.internalDoFilter(ApplicationFilterChain.java:231) [catalina.jar:9.0.14]
		at org.apache.catalina.core.ApplicationFilterChain.doFilter(ApplicationFilterChain.java:166) [catalina.jar:9.0.14]
		at org.apache.tomcat.websocket.server.WsFilter.doFilter(WsFilter.java:53) [tomcat-websocket.jar:9.0.14]
		at org.apache.catalina.core.ApplicationFilterChain.internalDoFilter(ApplicationFilterChain.java:193) [catalina.jar:9.0.14]
		at org.apache.catalina.core.ApplicationFilterChain.doFilter(ApplicationFilterChain.java:166) [catalina.jar:9.0.14]
		at org.nuxeo.elasticsearch.ElasticSearchFilter.doFilter(ElasticSearchFilter.java:55) [nuxeo-elasticsearch-core-10.10.jar:?]
		at org.apache.catalina.core.ApplicationFilterChain.internalDoFilter(ApplicationFilterChain.java:193) [catalina.jar:9.0.14]
		at org.apache.catalina.core.ApplicationFilterChain.doFilter(ApplicationFilterChain.java:166) [catalina.jar:9.0.14]
		at org.nuxeo.ecm.platform.web.common.requestcontroller.filter.NuxeoThreadTrackerFilter.doFilter(NuxeoThreadTrackerFilter.java:43) [nuxeo-platform-web-common-10.10.jar:?]
		at org.apache.catalina.core.ApplicationFilterChain.internalDoFilter(ApplicationFilterChain.java:193) [catalina.jar:9.0.14]
		at org.apache.catalina.core.ApplicationFilterChain.doFilter(ApplicationFilterChain.java:166) [catalina.jar:9.0.14]
		at org.nuxeo.ecm.platform.web.common.requestcontroller.filter.NuxeoStandbyFilter.doFilter(NuxeoStandbyFilter.java:67) [nuxeo-platform-web-common-10.10.jar:?]
		at org.apache.catalina.core.ApplicationFilterChain.internalDoFilter(ApplicationFilterChain.java:193) [catalina.jar:9.0.14]
		at org.apache.catalina.core.ApplicationFilterChain.doFilter(ApplicationFilterChain.java:166) [catalina.jar:9.0.14]
		at org.nuxeo.ecm.core.management.jtajca.internal.Log4jWebFilter.doFilter(Log4jWebFilter.java:69) [nuxeo-core-management-jtajca-10.10.jar:?]
		at org.apache.catalina.core.ApplicationFilterChain.internalDoFilter(ApplicationFilterChain.java:193) [catalina.jar:9.0.14]
		at org.apache.catalina.core.ApplicationFilterChain.doFilter(ApplicationFilterChain.java:166) [catalina.jar:9.0.14]
		at org.nuxeo.ecm.platform.ui.web.rest.FancyURLFilter.doFilter(FancyURLFilter.java:120) [nuxeo-platform-ui-web-10.10.jar:?]
		at org.apache.catalina.core.ApplicationFilterChain.internalDoFilter(ApplicationFilterChain.java:193) [catalina.jar:9.0.14]
		at org.apache.catalina.core.ApplicationFilterChain.doFilter(ApplicationFilterChain.java:166) [catalina.jar:9.0.14]
		at org.nuxeo.ecm.platform.web.common.requestcontroller.filter.NuxeoRequestControllerFilter.doFilter(NuxeoRequestControllerFilter.java:134) [nuxeo-platform-web-common-10.10.jar:?]
		at org.apache.catalina.core.ApplicationFilterChain.internalDoFilter(ApplicationFilterChain.java:193) [catalina.jar:9.0.14]
		at org.apache.catalina.core.ApplicationFilterChain.doFilter(ApplicationFilterChain.java:166) [catalina.jar:9.0.14]
		at com.thetransactioncompany.cors.CORSFilter.doFilter(CORSFilter.java:209) [cors-filter-2.6.jar:2.6]
		at com.thetransactioncompany.cors.CORSFilter.doFilter(CORSFilter.java:244) [cors-filter-2.6.jar:2.6]
		at org.nuxeo.ecm.platform.web.common.requestcontroller.filter.NuxeoCorsCsrfFilter.doFilter(NuxeoCorsCsrfFilter.java:258) [nuxeo-platform-web-common-10.10.jar:?]
		at org.apache.catalina.core.ApplicationFilterChain.internalDoFilter(ApplicationFilterChain.java:193) [catalina.jar:9.0.14]
		at org.apache.catalina.core.ApplicationFilterChain.doFilter(ApplicationFilterChain.java:166) [catalina.jar:9.0.14]
		at org.nuxeo.ecm.platform.web.common.exceptionhandling.NuxeoExceptionFilter.doFilter(NuxeoExceptionFilter.java:67) [nuxeo-platform-web-common-10.10.jar:?]
		at org.apache.catalina.core.ApplicationFilterChain.internalDoFilter(ApplicationFilterChain.java:193) [catalina.jar:9.0.14]
		at org.apache.catalina.core.ApplicationFilterChain.doFilter(ApplicationFilterChain.java:166) [catalina.jar:9.0.14]
		at org.nuxeo.ecm.platform.web.common.encoding.NuxeoEncodingFilter.doFilter(NuxeoEncodingFilter.java:64) [nuxeo-platform-web-common-10.10.jar:?]
		at org.apache.catalina.core.ApplicationFilterChain.internalDoFilter(ApplicationFilterChain.java:193) [catalina.jar:9.0.14]
		at org.apache.catalina.core.ApplicationFilterChain.doFilter(ApplicationFilterChain.java:166) [catalina.jar:9.0.14]
		at org.apache.catalina.core.StandardWrapperValve.invoke(StandardWrapperValve.java:199) [catalina.jar:9.0.14]
		at org.apache.catalina.core.StandardContextValve.invoke(StandardContextValve.java:96) [catalina.jar:9.0.14]
		at org.apache.catalina.authenticator.AuthenticatorBase.invoke(AuthenticatorBase.java:490) [catalina.jar:9.0.14]
		at org.apache.catalina.valves.rewrite.RewriteValve.invoke(RewriteValve.java:276) [catalina.jar:9.0.14]
		at org.apache.catalina.core.StandardHostValve.invoke(StandardHostValve.java:139) [catalina.jar:9.0.14]
		at org.apache.catalina.valves.ErrorReportValve.invoke(ErrorReportValve.java:92) [catalina.jar:9.0.14]
		at org.apache.catalina.valves.AbstractAccessLogValve.invoke(AbstractAccessLogValve.java:668) [catalina.jar:9.0.14]
		at org.apache.catalina.core.StandardEngineValve.invoke(StandardEngineValve.java:74) [catalina.jar:9.0.14]
		at org.apache.catalina.connector.CoyoteAdapter.service(CoyoteAdapter.java:343) [catalina.jar:9.0.14]
		at org.apache.coyote.http11.Http11Processor.service(Http11Processor.java:408) [tomcat-coyote.jar:9.0.14]
		at org.apache.coyote.AbstractProcessorLight.process(AbstractProcessorLight.java:66) [tomcat-coyote.jar:9.0.14]
		at org.apache.coyote.AbstractProtocol$ConnectionHandler.process(AbstractProtocol.java:834) [tomcat-coyote.jar:9.0.14]
		at org.apache.tomcat.util.net.NioEndpoint$SocketProcessor.doRun(NioEndpoint.java:1417) [tomcat-coyote.jar:9.0.14]
		at org.apache.tomcat.util.net.SocketProcessorBase.run(SocketProcessorBase.java:49) [tomcat-coyote.jar:9.0.14]
		at java.util.concurrent.ThreadPoolExecutor.runWorker(ThreadPoolExecutor.java:1149) [?:1.8.0_302]
		at java.util.concurrent.ThreadPoolExecutor$Worker.run(ThreadPoolExecutor.java:624) [?:1.8.0_302]
		at org.apache.tomcat.util.threads.TaskThread$WrappingRunnable.run(TaskThread.java:61) [tomcat-util.jar:9.0.14]
		at java.lang.Thread.run(Thread.java:748) [?:1.8.0_302]
Caused by: org.codehaus.groovy.control.MultipleCompilationErrorsException: startup failed:
script17600798718682086860178.groovy: 15: unable to resolve class org.nuxeo.connect.platform.PlatformId
 @ line 15, column 5.
       import org.nuxeo.connect.platform.PlatformId
       ^

1 error

	at org.codehaus.groovy.control.ErrorCollector.failIfErrors(ErrorCollector.java:310) ~[groovy-all-2.4.12.jar:2.4.12]
	at org.codehaus.groovy.control.CompilationUnit.applyToSourceUnits(CompilationUnit.java:958) ~[groovy-all-2.4.12.jar:2.4.12]
	at org.codehaus.groovy.control.CompilationUnit.doPhaseOperation(CompilationUnit.java:605) ~[groovy-all-2.4.12.jar:2.4.12]
	at org.codehaus.groovy.control.CompilationUnit.compile(CompilationUnit.java:554) ~[groovy-all-2.4.12.jar:2.4.12]
	at groovy.lang.GroovyClassLoader.doParseClass(GroovyClassLoader.java:298) ~[groovy-all-2.4.12.jar:2.4.12]
	at groovy.lang.GroovyClassLoader.parseClass(GroovyClassLoader.java:268) ~[groovy-all-2.4.12.jar:2.4.12]
	at groovy.lang.GroovyClassLoader.parseClass(GroovyClassLoader.java:254) ~[groovy-all-2.4.12.jar:2.4.12]
	at groovy.lang.GroovyClassLoader.parseClass(GroovyClassLoader.java:211) ~[groovy-all-2.4.12.jar:2.4.12]
	at groovy.lang.GroovyClassLoader.parseClass(GroovyClassLoader.java:221) ~[groovy-all-2.4.12.jar:2.4.12]
	at org.nuxeo.ecm.automation.core.scripting.GroovyScripting.getScript(GroovyScripting.java:129) ~[nuxeo-automation-core-10.10.jar:?]
	at org.nuxeo.ecm.automation.core.scripting.Scripting$GroovyScript.<init>(Scripting.java:159) ~[nuxeo-automation-core-10.10.jar:?]
	at org.nuxeo.ecm.automation.core.operations.RunInputScript.run(RunInputScript.java:61) ~[nuxeo-automation-core-10.10.jar:?]
	at sun.reflect.NativeMethodAccessorImpl.invoke0(Native Method) ~[?:1.8.0_302]
	at sun.reflect.NativeMethodAccessorImpl.invoke(NativeMethodAccessorImpl.java:62) ~[?:1.8.0_302]
	at sun.reflect.DelegatingMethodAccessorImpl.invoke(DelegatingMethodAccessorImpl.java:43) ~[?:1.8.0_302]
	at java.lang.reflect.Method.invoke(Method.java:498) ~[?:1.8.0_302]
	at org.nuxeo.ecm.automation.core.impl.InvokableMethod.doInvoke(InvokableMethod.java:174) ~[nuxeo-automation-core-10.10.jar:?]
	at org.nuxeo.ecm.automation.core.impl.InvokableMethod.invoke(InvokableMethod.java:179) ~[nuxeo-automation-core-10.10.jar:?]
	at org.nuxeo.ecm.automation.core.impl.OperationChainCompiler$OperationMethod.invoke(OperationChainCompiler.java:151) ~[nuxeo-automation-core-10.10.jar:?]
	at org.nuxeo.ecm.automation.core.impl.OperationChainCompiler$CompiledChainImpl.lambda$invoke$0(OperationChainCompiler.java:218) ~[nuxeo-automation-core-10.10.jar:?]
	at org.nuxeo.ecm.automation.OperationContext.call(OperationContext.java:326) ~[nuxeo-automation-core-10.10.jar:?]
	at org.nuxeo.ecm.automation.OperationContext.callWithChainParameters(OperationContext.java:291) ~[nuxeo-automation-core-10.10.jar:?]
	at org.nuxeo.ecm.automation.core.impl.OperationChainCompiler$CompiledChainImpl.invoke(OperationChainCompiler.java:215) ~[nuxeo-automation-core-10.10.jar:?]
	at org.nuxeo.ecm.automation.core.impl.OperationServiceImpl.run(OperationServiceImpl.java:115) ~[nuxeo-automation-core-10.10.jar:?]
	at org.nuxeo.ecm.automation.core.impl.OperationServiceImpl.lambda$run$0(OperationServiceImpl.java:105) ~[nuxeo-automation-core-10.10.jar:?]
	at org.nuxeo.ecm.automation.OperationContext.call(OperationContext.java:326) ~[nuxeo-automation-core-10.10.jar:?]
	at org.nuxeo.ecm.automation.OperationContext.callWithChainParameters(OperationContext.java:291) ~[nuxeo-automation-core-10.10.jar:?]
	at org.nuxeo.ecm.automation.core.impl.OperationServiceImpl.run(OperationServiceImpl.java:105) ~[nuxeo-automation-core-10.10.jar:?]
	at org.nuxeo.ecm.automation.server.jaxrs.OperationResource.execute(OperationResource.java:58) ~[nuxeo-automation-server-10.10.jar:?]
	at org.nuxeo.ecm.automation.server.jaxrs.ExecutableResource.doPost(ExecutableResource.java:70) ~[nuxeo-automation-server-10.10.jar:?]
	... 122 more
2025-10-10T07:04:33,752 WARN  [http-nio-0.0.0.0-8080-exec-10] [org.apache.http.client.protocol.ResponseProcessCookies] Invalid cookie header: "Set-Cookie: AWSALB=VHxclX0EQi0sppdJ/Fq3pbgTMmNVt2lsJvZJ24FTxLx0j+pPIwWzWHHDmnJlhE/ol+n+/WglJ+htaNHovkyiXJJgW5vC/oEl56RQEmCuNRJmC5Am4Gk6cggQOxO+; Expires=Fri, 17 Oct 2025 07:04:33 GMT; Path=/". Invalid 'expires' attribute: Fri, 17 Oct 2025 07:04:33 GMT
2025-10-10T07:04:33,754 WARN  [http-nio-0.0.0.0-8080-exec-10] [org.apache.http.client.protocol.ResponseProcessCookies] Invalid cookie header: "Set-Cookie: AWSALBCORS=VHxclX0EQi0sppdJ/Fq3pbgTMmNVt2lsJvZJ24FTxLx0j+pPIwWzWHHDmnJlhE/ol+n+/WglJ+htaNHovkyiXJJgW5vC/oEl56RQEmCuNRJmC5Am4Gk6cggQOxO+; Expires=Fri, 17 Oct 2025 07:04:33 GMT; Path=/; SameSite=None; Secure". Invalid 'expires' attribute: Fri, 17 Oct 2025 07:04:33 GMT
2025-10-10T08:57:14,092 WARN  [elasticsearch[nuxeoNode][scheduler][T#1]] [org.elasticsearch.monitor.jvm.JvmGcMonitorService] [gc][4168] overhead, spent [914ms] collecting in the last [1.4s]
2025-10-10T11:57:36,264 INFO  [main] [org.nuxeo.osgi.application.loader.FrameworkLoader] 
======================================================================
= Starting Nuxeo Framework
======================================================================
  * Server home = /opt/nuxeo/server
  * Runtime home = /opt/nuxeo/server/nxserver
  * Data Directory = /var/lib/nuxeo/data
  * Log Directory = /var/log/nuxeo
  * Configuration Directory = /opt/nuxeo/server/nxserver/config
  * Temp Directory = /opt/nuxeo/server/tmp
======================================================================
2025-10-10T11:57:46,505 WARN  [main] [org.nuxeo.ecm.platform.commandline.executor.service.CommandLineExecutorComponent] Command not available: videoClosedCaptionsExtractor (command ccextractor not found in system path (descriptor CommandLineDescriptor[name=videoClosedCaptionsExtractor,enabled=true,available=false,command=ccextractor,parameterString=#{sourceFilePath} -out=#{outFormat} -trim -o #{outFilePath},testParameterString=,winParameterString=<null>,winTestParameterString=,winCommand=<null>,tester=<null>,readOutput=true,installationDirective=You need to install ccextractor.,installErrorMessage=<null>]). You need to install ccextractor.)
2025-10-10T11:57:46,511 WARN  [main] [org.nuxeo.ecm.platform.commandline.executor.service.CommandLineExecutorComponent] Command not available: videoPartClosedCaptionsExtractor (command ccextractor not found in system path (descriptor CommandLineDescriptor[name=videoPartClosedCaptionsExtractor,enabled=true,available=false,command=ccextractor,parameterString=#{sourceFilePath} -out=#{outFormat} -startat #{startAt} -endat #{endAt} -trim -o #{outFilePath},testParameterString=,winParameterString=<null>,winTestParameterString=,winCommand=<null>,tester=<null>,readOutput=true,installationDirective=You need to install ccextractor.,installErrorMessage=<null>]). You need to install ccextractor.)
2025-10-10T11:57:54,645 WARN  [main] [org.nuxeo.elasticsearch.core.ElasticSearchEmbeddedNode] Elasticsearch embedded configuration is ONLY for testing purpose. You need to create a dedicated Elasticsearch cluster for production.
2025-10-10T11:58:04,449 WARN  [main] [org.nuxeo.ecm.core.io.impl.AbstractDocumentModelWriter] The document Summer in the USA with id=2f33e13b-70e1-446c-a053-128bddc77af1 and type=BCContract contains the facet 'BCTrashMgt', which is not registered as available in the schemaManager. This facet will be ignored.
2025-10-10T11:58:04,451 WARN  [main] [org.nuxeo.ecm.core.io.impl.AbstractDocumentModelWriter] The document Summer in the USA with id=2f33e13b-70e1-446c-a053-128bddc77af1 and type=DocumentTypeImpl(BCContract) contains the schema 'bctrashmgt', which is not registered as available in the schemaManager. This schema will be ignored.
2025-10-10T11:58:04,510 WARN  [main] [org.nuxeo.ecm.core.io.impl.AbstractDocumentModelWriter] The document To the Moon and back with id=b0f3da9a-9b84-4b19-b7af-ccef24203c73 and type=BCContract contains the facet 'BCTrashMgt', which is not registered as available in the schemaManager. This facet will be ignored.
2025-10-10T11:58:04,511 WARN  [main] [org.nuxeo.ecm.core.io.impl.AbstractDocumentModelWriter] The document To the Moon and back with id=b0f3da9a-9b84-4b19-b7af-ccef24203c73 and type=DocumentTypeImpl(BCContract) contains the schema 'bctrashmgt', which is not registered as available in the schemaManager. This schema will be ignored.
2025-10-10T11:58:04,568 WARN  [main] [org.nuxeo.ecm.core.io.impl.AbstractDocumentModelWriter] The document Winter in the USA with id=12f574b8-39ff-4bfd-9e3f-b40da61423f4 and type=BCContract contains the facet 'BCTrashMgt', which is not registered as available in the schemaManager. This facet will be ignored.
2025-10-10T11:58:04,569 WARN  [main] [org.nuxeo.ecm.core.io.impl.AbstractDocumentModelWriter] The document Winter in the USA with id=12f574b8-39ff-4bfd-9e3f-b40da61423f4 and type=DocumentTypeImpl(BCContract) contains the schema 'bctrashmgt', which is not registered as available in the schemaManager. This schema will be ignored.
2025-10-10T11:58:04,800 WARN  [main] [org.nuxeo.ecm.core.io.impl.AbstractDocumentModelWriter] The document 2015 Annual Conference with id=d13018b2-0467-4d74-9536-cfa7c529b717 and type=BCContract contains the facet 'BCTrashMgt', which is not registered as available in the schemaManager. This facet will be ignored.
2025-10-10T11:58:04,801 WARN  [main] [org.nuxeo.ecm.core.io.impl.AbstractDocumentModelWriter] The document 2015 Annual Conference with id=d13018b2-0467-4d74-9536-cfa7c529b717 and type=DocumentTypeImpl(BCContract) contains the schema 'bctrashmgt', which is not registered as available in the schemaManager. This schema will be ignored.
2025-10-10T11:58:04,860 WARN  [main] [org.nuxeo.ecm.core.io.impl.AbstractDocumentModelWriter] The document 2016 Annual Conference with id=baf61ced-78e5-42d0-bef1-e6197b3e7ba2 and type=BCContract contains the facet 'BCTrashMgt', which is not registered as available in the schemaManager. This facet will be ignored.
2025-10-10T11:58:04,861 WARN  [main] [org.nuxeo.ecm.core.io.impl.AbstractDocumentModelWriter] The document 2016 Annual Conference with id=baf61ced-78e5-42d0-bef1-e6197b3e7ba2 and type=DocumentTypeImpl(BCContract) contains the schema 'bctrashmgt', which is not registered as available in the schemaManager. This schema will be ignored.
2025-10-10T11:58:04,916 WARN  [main] [org.nuxeo.ecm.core.io.impl.AbstractDocumentModelWriter] The document Geller-Bing Wedding with id=3605528e-1bd6-42ff-8f45-96be7ec91fd9 and type=BCContract contains the facet 'BCTrashMgt', which is not registered as available in the schemaManager. This facet will be ignored.
2025-10-10T11:58:04,917 WARN  [main] [org.nuxeo.ecm.core.io.impl.AbstractDocumentModelWriter] The document Geller-Bing Wedding with id=3605528e-1bd6-42ff-8f45-96be7ec91fd9 and type=DocumentTypeImpl(BCContract) contains the schema 'bctrashmgt', which is not registered as available in the schemaManager. This schema will be ignored.
2025-10-10T11:58:05,252 WARN  [main] [org.nuxeo.ecm.core.io.impl.AbstractDocumentModelWriter] The document Money Bank Auto Loan Con with id=50b4f04a-a028-43c8-b7b8-5e3b12b46cbc and type=BCContract contains the facet 'BCTrashMgt', which is not registered as available in the schemaManager. This facet will be ignored.
2025-10-10T11:58:05,254 WARN  [main] [org.nuxeo.ecm.core.io.impl.AbstractDocumentModelWriter] The document Money Bank Auto Loan Con with id=50b4f04a-a028-43c8-b7b8-5e3b12b46cbc and type=DocumentTypeImpl(BCContract) contains the schema 'bctrashmgt', which is not registered as available in the schemaManager. This schema will be ignored.
2025-10-10T11:58:05,307 WARN  [main] [org.nuxeo.ecm.core.io.impl.AbstractDocumentModelWriter] The document Money Bank Credit Card C with id=5ead2937-878d-4e7d-bcf9-ddc0989e3e1f and type=BCContract contains the facet 'BCTrashMgt', which is not registered as available in the schemaManager. This facet will be ignored.
2025-10-10T11:58:05,308 WARN  [main] [org.nuxeo.ecm.core.io.impl.AbstractDocumentModelWriter] The document Money Bank Credit Card C with id=5ead2937-878d-4e7d-bcf9-ddc0989e3e1f and type=DocumentTypeImpl(BCContract) contains the schema 'bctrashmgt', which is not registered as available in the schemaManager. This schema will be ignored.
2025-10-10T11:58:05,367 WARN  [main] [org.nuxeo.ecm.core.io.impl.AbstractDocumentModelWriter] The document Money Bank Mortgage Cont with id=2833aae9-4153-4d89-abb8-d3608decbf99 and type=BCContract contains the facet 'BCTrashMgt', which is not registered as available in the schemaManager. This facet will be ignored.
2025-10-10T11:58:05,369 WARN  [main] [org.nuxeo.ecm.core.io.impl.AbstractDocumentModelWriter] The document Money Bank Mortgage Cont with id=2833aae9-4153-4d89-abb8-d3608decbf99 and type=DocumentTypeImpl(BCContract) contains the schema 'bctrashmgt', which is not registered as available in the schemaManager. This schema will be ignored.
2025-10-10T11:58:05,439 WARN  [main] [org.nuxeo.ecm.core.io.impl.AbstractDocumentModelWriter] The document Money Bank Student Loan with id=a2e62823-c6c8-4eb3-9500-0b2ef392f9b7 and type=BCContract contains the facet 'BCTrashMgt', which is not registered as available in the schemaManager. This facet will be ignored.
2025-10-10T11:58:05,441 WARN  [main] [org.nuxeo.ecm.core.io.impl.AbstractDocumentModelWriter] The document Money Bank Student Loan with id=a2e62823-c6c8-4eb3-9500-0b2ef392f9b7 and type=DocumentTypeImpl(BCContract) contains the schema 'bctrashmgt', which is not registered as available in the schemaManager. This schema will be ignored.
2025-10-10T11:58:05,692 WARN  [main] [org.nuxeo.ecm.core.io.impl.AbstractDocumentModelWriter] The document Beyond Space - Website S with id=ce72e75e-9a67-4cd3-bdd5-dfb9a499735c and type=BCContract contains the facet 'BCTrashMgt', which is not registered as available in the schemaManager. This facet will be ignored.
2025-10-10T11:58:05,693 WARN  [main] [org.nuxeo.ecm.core.io.impl.AbstractDocumentModelWriter] The document Beyond Space - Website S with id=ce72e75e-9a67-4cd3-bdd5-dfb9a499735c and type=DocumentTypeImpl(BCContract) contains the schema 'bctrashmgt', which is not registered as available in the schemaManager. This schema will be ignored.
2025-10-10T11:58:05,746 WARN  [main] [org.nuxeo.ecm.core.io.impl.AbstractDocumentModelWriter] The document Beyond Space - Website c with id=51b4733f-fe56-4137-89da-92307043c73e and type=BCContract contains the facet 'BCTrashMgt', which is not registered as available in the schemaManager. This facet will be ignored.
2025-10-10T11:58:05,747 WARN  [main] [org.nuxeo.ecm.core.io.impl.AbstractDocumentModelWriter] The document Beyond Space - Website c with id=51b4733f-fe56-4137-89da-92307043c73e and type=DocumentTypeImpl(BCContract) contains the schema 'bctrashmgt', which is not registered as available in the schemaManager. This schema will be ignored.
2025-10-10T11:58:05,948 WARN  [main] [org.nuxeo.ecm.core.io.impl.AbstractDocumentModelWriter] The document Empty Venue Location with id=a884e3b6-1a5b-401a-b0c0-fca20ae5c74a and type=BCContract contains the facet 'BCTrashMgt', which is not registered as available in the schemaManager. This facet will be ignored.
2025-10-10T11:58:05,949 WARN  [main] [org.nuxeo.ecm.core.io.impl.AbstractDocumentModelWriter] The document Empty Venue Location with id=a884e3b6-1a5b-401a-b0c0-fca20ae5c74a and type=DocumentTypeImpl(BCContract) contains the schema 'bctrashmgt', which is not registered as available in the schemaManager. This schema will be ignored.
2025-10-10T11:58:06,014 WARN  [main] [org.nuxeo.ecm.core.io.impl.AbstractDocumentModelWriter] The document Venue, Equipment and Per with id=e8bf192a-1e30-4fe1-929e-e23894f43911 and type=BCContract contains the facet 'BCTrashMgt', which is not registered as available in the schemaManager. This facet will be ignored.
2025-10-10T11:58:06,015 WARN  [main] [org.nuxeo.ecm.core.io.impl.AbstractDocumentModelWriter] The document Venue, Equipment and Per with id=e8bf192a-1e30-4fe1-929e-e23894f43911 and type=DocumentTypeImpl(BCContract) contains the schema 'bctrashmgt', which is not registered as available in the schemaManager. This schema will be ignored.
2025-10-10T11:58:06,721 INFO  [main] [org.nuxeo.runtime.osgi.OSGiRuntimeService] Nuxeo Platform Started
======================================================================
= Component Loading Status: Pending: 0 / Missing: 0 / Unstarted: 0 / Total: 772
======================================================================
2025-10-10T11:58:14,580 INFO  [main] [javax.enterprise.resource.webcontainer.jsf.application] jsf.core.injection.provider_generic_web_configured
2025-10-10T12:08:12,177 INFO  [main] [org.nuxeo.osgi.application.loader.FrameworkLoader] 
======================================================================
= Starting Nuxeo Framework
======================================================================
  * Server home = /opt/nuxeo/server
  * Runtime home = /opt/nuxeo/server/nxserver
  * Data Directory = /var/lib/nuxeo/data
  * Log Directory = /var/log/nuxeo
  * Configuration Directory = /opt/nuxeo/server/nxserver/config
  * Temp Directory = /opt/nuxeo/server/tmp
======================================================================
2025-10-10T12:08:20,739 WARN  [main] [org.nuxeo.ecm.platform.commandline.executor.service.CommandLineExecutorComponent] Command not available: videoClosedCaptionsExtractor (command ccextractor not found in system path (descriptor CommandLineDescriptor[name=videoClosedCaptionsExtractor,enabled=true,available=false,command=ccextractor,parameterString=#{sourceFilePath} -out=#{outFormat} -trim -o #{outFilePath},testParameterString=,winParameterString=<null>,winTestParameterString=,winCommand=<null>,tester=<null>,readOutput=true,installationDirective=You need to install ccextractor.,installErrorMessage=<null>]). You need to install ccextractor.)
2025-10-10T12:08:20,745 WARN  [main] [org.nuxeo.ecm.platform.commandline.executor.service.CommandLineExecutorComponent] Command not available: videoPartClosedCaptionsExtractor (command ccextractor not found in system path (descriptor CommandLineDescriptor[name=videoPartClosedCaptionsExtractor,enabled=true,available=false,command=ccextractor,parameterString=#{sourceFilePath} -out=#{outFormat} -startat #{startAt} -endat #{endAt} -trim -o #{outFilePath},testParameterString=,winParameterString=<null>,winTestParameterString=,winCommand=<null>,tester=<null>,readOutput=true,installationDirective=You need to install ccextractor.,installErrorMessage=<null>]). You need to install ccextractor.)
2025-10-10T12:08:27,317 WARN  [main] [org.nuxeo.elasticsearch.core.ElasticSearchEmbeddedNode] Elasticsearch embedded configuration is ONLY for testing purpose. You need to create a dedicated Elasticsearch cluster for production.
2025-10-10T12:08:39,408 INFO  [main] [org.nuxeo.runtime.osgi.OSGiRuntimeService] Nuxeo Platform Started
======================================================================
= Component Loading Status: Pending: 0 / Missing: 0 / Unstarted: 0 / Total: 772
======================================================================
2025-10-10T12:08:43,470 INFO  [main] [javax.enterprise.resource.webcontainer.jsf.application] jsf.core.injection.provider_generic_web_configured
2025-10-10T12:11:13,919 WARN  [http-nio-0.0.0.0-8080-exec-2] [org.nuxeo.ecm.user.center.profile.localeProvider.UserLocaleSelectorListener] Locale Startup not available. Can't set locale
2025-10-10T12:11:24,264 WARN  [http-nio-0.0.0.0-8080-exec-7] [org.nuxeo.ecm.automation.core.trace.Trace] 

****** chain ******
Name: RunInputScript
Exception: OperationException
Caught error: Failed to invoke operation RunInputScript with aliases [Context.RunInputScript]
Caused by: org.nuxeo.ecm.automation.OperationException: Failed to invoke operation RunInputScript with aliases [Context.RunInputScript]
****** Hierarchy calls ******
	org.nuxeo.ecm.automation.core.operations.RunInputScript

2025-10-10T12:11:24,270 ERROR [http-nio-0.0.0.0-8080-exec-7] [org.nuxeo.ecm.webengine.app.WebEngineExceptionMapper] org.nuxeo.ecm.core.api.NuxeoException: Failed to invoke operation: RunInputScript
org.nuxeo.ecm.core.api.NuxeoException: Failed to invoke operation: RunInputScript
	at org.nuxeo.ecm.automation.server.jaxrs.ExecutableResource.doPost(ExecutableResource.java:87) ~[nuxeo-automation-server-10.10.jar:?]
	at sun.reflect.NativeMethodAccessorImpl.invoke0(Native Method) ~[?:1.8.0_302]
	at sun.reflect.NativeMethodAccessorImpl.invoke(NativeMethodAccessorImpl.java:62) ~[?:1.8.0_302]
	at sun.reflect.DelegatingMethodAccessorImpl.invoke(DelegatingMethodAccessorImpl.java:43) ~[?:1.8.0_302]
	at java.lang.reflect.Method.invoke(Method.java:498) ~[?:1.8.0_302]
	at com.sun.jersey.spi.container.JavaMethodInvokerFactory$1.invoke(JavaMethodInvokerFactory.java:60) ~[jersey-server-1.19.4.jar:1.19.4]
	at com.sun.jersey.server.impl.model.method.dispatch.AbstractResourceMethodDispatchProvider$ObjectOutInvoker._dispatch(AbstractResourceMethodDispatchProvider.java:258) ~[jersey-server-1.19.4.jar:1.19.4]
	at com.sun.jersey.server.impl.model.method.dispatch.ResourceJavaMethodDispatcher.dispatch(ResourceJavaMethodDispatcher.java:75) ~[jersey-server-1.19.4.jar:1.19.4]
	at com.sun.jersey.server.impl.uri.rules.HttpMethodRule.accept(HttpMethodRule.java:302) ~[jersey-server-1.19.4.jar:1.19.4]
	at com.sun.jersey.server.impl.uri.rules.SubLocatorRule.accept(SubLocatorRule.java:137) ~[jersey-server-1.19.4.jar:1.19.4]
	at com.sun.jersey.server.impl.uri.rules.RightHandPathRule.accept(RightHandPathRule.java:147) ~[jersey-server-1.19.4.jar:1.19.4]
	at com.sun.jersey.server.impl.uri.rules.SubLocatorRule.accept(SubLocatorRule.java:137) ~[jersey-server-1.19.4.jar:1.19.4]
	at com.sun.jersey.server.impl.uri.rules.RightHandPathRule.accept(RightHandPathRule.java:147) ~[jersey-server-1.19.4.jar:1.19.4]
	at com.sun.jersey.server.impl.uri.rules.ResourceClassRule.accept(ResourceClassRule.java:108) ~[jersey-server-1.19.4.jar:1.19.4]
	at com.sun.jersey.server.impl.uri.rules.RightHandPathRule.accept(RightHandPathRule.java:147) ~[jersey-server-1.19.4.jar:1.19.4]
	at com.sun.jersey.server.impl.uri.rules.RootResourceClassesRule.accept(RootResourceClassesRule.java:84) ~[jersey-server-1.19.4.jar:1.19.4]
	at com.sun.jersey.server.impl.application.WebApplicationImpl._handleRequest(WebApplicationImpl.java:1542) ~[jersey-server-1.19.4.jar:1.19.4]
	at com.sun.jersey.server.impl.application.WebApplicationImpl._handleRequest(WebApplicationImpl.java:1473) [jersey-server-1.19.4.jar:1.19.4]
	at com.sun.jersey.server.impl.application.WebApplicationImpl.handleRequest(WebApplicationImpl.java:1419) [jersey-server-1.19.4.jar:1.19.4]
	at com.sun.jersey.server.impl.application.WebApplicationImpl.handleRequest(WebApplicationImpl.java:1409) [jersey-server-1.19.4.jar:1.19.4]
	at com.sun.jersey.spi.container.servlet.WebComponent.service(WebComponent.java:409) [jersey-servlet-1.19.4.jar:1.19.4]
	at com.sun.jersey.spi.container.servlet.ServletContainer.service(ServletContainer.java:558) [jersey-servlet-1.19.4.jar:1.19.4]
	at com.sun.jersey.spi.container.servlet.ServletContainer.service(ServletContainer.java:733) [jersey-servlet-1.19.4.jar:1.19.4]
	at org.nuxeo.ecm.webengine.app.jersey.WebEngineServlet.containerService(WebEngineServlet.java:72) [nuxeo-webengine-core-10.10.jar:?]
	at org.nuxeo.ecm.webengine.app.jersey.WebEngineServlet.service(WebEngineServlet.java:56) [nuxeo-webengine-core-10.10.jar:?]
	at javax.servlet.http.HttpServlet.service(HttpServlet.java:741) [servlet-api.jar:?]
	at org.apache.catalina.core.ApplicationFilterChain.internalDoFilter(ApplicationFilterChain.java:231) [catalina.jar:9.0.14]
	at org.apache.catalina.core.ApplicationFilterChain.doFilter(ApplicationFilterChain.java:166) [catalina.jar:9.0.14]
	at org.apache.tomcat.websocket.server.WsFilter.doFilter(WsFilter.java:53) [tomcat-websocket.jar:9.0.14]
	at org.apache.catalina.core.ApplicationFilterChain.internalDoFilter(ApplicationFilterChain.java:193) [catalina.jar:9.0.14]
	at org.apache.catalina.core.ApplicationFilterChain.doFilter(ApplicationFilterChain.java:166) [catalina.jar:9.0.14]
	at org.nuxeo.elasticsearch.ElasticSearchFilter.doFilter(ElasticSearchFilter.java:55) [nuxeo-elasticsearch-core-10.10.jar:?]
	at org.apache.catalina.core.ApplicationFilterChain.internalDoFilter(ApplicationFilterChain.java:193) [catalina.jar:9.0.14]
	at org.apache.catalina.core.ApplicationFilterChain.doFilter(ApplicationFilterChain.java:166) [catalina.jar:9.0.14]
	at org.nuxeo.ecm.webengine.jaxrs.session.SessionCleanupFilter.run(SessionCleanupFilter.java:50) [nuxeo-webengine-jaxrs-10.10.jar:?]
	at org.nuxeo.ecm.webengine.jaxrs.HttpFilter.doFilter(HttpFilter.java:49) [nuxeo-webengine-jaxrs-10.10.jar:?]
	at org.apache.catalina.core.ApplicationFilterChain.internalDoFilter(ApplicationFilterChain.java:193) [catalina.jar:9.0.14]
	at org.apache.catalina.core.ApplicationFilterChain.doFilter(ApplicationFilterChain.java:166) [catalina.jar:9.0.14]
	at org.nuxeo.ecm.webengine.app.WebContextFilter.doFilter(WebContextFilter.java:56) [nuxeo-webengine-core-10.10.jar:?]
	at org.apache.catalina.core.ApplicationFilterChain.internalDoFilter(ApplicationFilterChain.java:193) [catalina.jar:9.0.14]
	at org.apache.catalina.core.ApplicationFilterChain.doFilter(ApplicationFilterChain.java:166) [catalina.jar:9.0.14]
	at org.nuxeo.ecm.webengine.jaxrs.context.RequestContextFilter.run(RequestContextFilter.java:48) [nuxeo-webengine-jaxrs-10.10.jar:?]
	at org.nuxeo.ecm.webengine.jaxrs.HttpFilter.doFilter(HttpFilter.java:49) [nuxeo-webengine-jaxrs-10.10.jar:?]
	at org.apache.catalina.core.ApplicationFilterChain.internalDoFilter(ApplicationFilterChain.java:193) [catalina.jar:9.0.14]
	at org.apache.catalina.core.ApplicationFilterChain.doFilter(ApplicationFilterChain.java:166) [catalina.jar:9.0.14]
	at org.nuxeo.ecm.webengine.app.HeaderFixFilter.run(HeaderFixFilter.java:62) [nuxeo-webengine-core-10.10.jar:?]
	at org.nuxeo.ecm.webengine.jaxrs.HttpFilter.doFilter(HttpFilter.java:49) [nuxeo-webengine-jaxrs-10.10.jar:?]
	at org.apache.catalina.core.ApplicationFilterChain.internalDoFilter(ApplicationFilterChain.java:193) [catalina.jar:9.0.14]
	at org.apache.catalina.core.ApplicationFilterChain.doFilter(ApplicationFilterChain.java:166) [catalina.jar:9.0.14]
	at org.nuxeo.ecm.core.management.jtajca.internal.Log4jWebFilter.doFilter(Log4jWebFilter.java:69) [nuxeo-core-management-jtajca-10.10.jar:?]
	at org.apache.catalina.core.ApplicationFilterChain.internalDoFilter(ApplicationFilterChain.java:193) [catalina.jar:9.0.14]
	at org.apache.catalina.core.ApplicationFilterChain.doFilter(ApplicationFilterChain.java:166) [catalina.jar:9.0.14]
	at org.nuxeo.ecm.platform.web.common.requestcontroller.filter.NuxeoRequestControllerFilter.doFilter(NuxeoRequestControllerFilter.java:134) [nuxeo-platform-web-common-10.10.jar:?]
	at org.apache.catalina.core.ApplicationFilterChain.internalDoFilter(ApplicationFilterChain.java:193) [catalina.jar:9.0.14]
	at org.apache.catalina.core.ApplicationFilterChain.doFilter(ApplicationFilterChain.java:166) [catalina.jar:9.0.14]
	at org.nuxeo.ecm.platform.ui.web.auth.NuxeoAuthenticationFilter.doFilterInternal(NuxeoAuthenticationFilter.java:633) [nuxeo-platform-web-common-10.10.jar:?]
	at org.nuxeo.ecm.platform.ui.web.auth.NuxeoAuthenticationFilter.doFilter(NuxeoAuthenticationFilter.java:429) [nuxeo-platform-web-common-10.10.jar:?]
	at org.apache.catalina.core.ApplicationFilterChain.internalDoFilter(ApplicationFilterChain.java:193) [catalina.jar:9.0.14]
	at org.apache.catalina.core.ApplicationFilterChain.doFilter(ApplicationFilterChain.java:166) [catalina.jar:9.0.14]
	at org.nuxeo.ecm.platform.web.common.exceptionhandling.NuxeoExceptionFilter.doFilter(NuxeoExceptionFilter.java:67) [nuxeo-platform-web-common-10.10.jar:?]
	at org.apache.catalina.core.ApplicationFilterChain.internalDoFilter(ApplicationFilterChain.java:193) [catalina.jar:9.0.14]
	at org.apache.catalina.core.ApplicationFilterChain.doFilter(ApplicationFilterChain.java:166) [catalina.jar:9.0.14]
	at org.nuxeo.ecm.platform.web.common.encoding.NuxeoEncodingFilter.doFilter(NuxeoEncodingFilter.java:64) [nuxeo-platform-web-common-10.10.jar:?]
	at org.apache.catalina.core.ApplicationFilterChain.internalDoFilter(ApplicationFilterChain.java:193) [catalina.jar:9.0.14]
	at org.apache.catalina.core.ApplicationFilterChain.doFilter(ApplicationFilterChain.java:166) [catalina.jar:9.0.14]
	at org.apache.catalina.core.ApplicationDispatcher.invoke(ApplicationDispatcher.java:712) [catalina.jar:9.0.14]
	at org.apache.catalina.core.ApplicationDispatcher.processRequest(ApplicationDispatcher.java:459) [catalina.jar:9.0.14]
	at org.apache.catalina.core.ApplicationDispatcher.doForward(ApplicationDispatcher.java:384) [catalina.jar:9.0.14]
	at org.apache.catalina.core.ApplicationDispatcher.forward(ApplicationDispatcher.java:312) [catalina.jar:9.0.14]
	at org.nuxeo.ecm.restapi.server.APIServlet.service(APIServlet.java:50) [nuxeo-rest-api-server-10.10.jar:?]
	at javax.servlet.http.HttpServlet.service(HttpServlet.java:741) [servlet-api.jar:?]
	at org.apache.catalina.core.ApplicationFilterChain.internalDoFilter(ApplicationFilterChain.java:231) [catalina.jar:9.0.14]
	at org.apache.catalina.core.ApplicationFilterChain.doFilter(ApplicationFilterChain.java:166) [catalina.jar:9.0.14]
	at org.apache.tomcat.websocket.server.WsFilter.doFilter(WsFilter.java:53) [tomcat-websocket.jar:9.0.14]
	at org.apache.catalina.core.ApplicationFilterChain.internalDoFilter(ApplicationFilterChain.java:193) [catalina.jar:9.0.14]
	at org.apache.catalina.core.ApplicationFilterChain.doFilter(ApplicationFilterChain.java:166) [catalina.jar:9.0.14]
	at org.nuxeo.elasticsearch.ElasticSearchFilter.doFilter(ElasticSearchFilter.java:55) [nuxeo-elasticsearch-core-10.10.jar:?]
	at org.apache.catalina.core.ApplicationFilterChain.internalDoFilter(ApplicationFilterChain.java:193) [catalina.jar:9.0.14]
	at org.apache.catalina.core.ApplicationFilterChain.doFilter(ApplicationFilterChain.java:166) [catalina.jar:9.0.14]
	at org.nuxeo.ecm.platform.web.common.requestcontroller.filter.NuxeoThreadTrackerFilter.doFilter(NuxeoThreadTrackerFilter.java:43) [nuxeo-platform-web-common-10.10.jar:?]
	at org.apache.catalina.core.ApplicationFilterChain.internalDoFilter(ApplicationFilterChain.java:193) [catalina.jar:9.0.14]
	at org.apache.catalina.core.ApplicationFilterChain.doFilter(ApplicationFilterChain.java:166) [catalina.jar:9.0.14]
	at org.nuxeo.ecm.platform.web.common.requestcontroller.filter.NuxeoStandbyFilter.doFilter(NuxeoStandbyFilter.java:67) [nuxeo-platform-web-common-10.10.jar:?]
	at org.apache.catalina.core.ApplicationFilterChain.internalDoFilter(ApplicationFilterChain.java:193) [catalina.jar:9.0.14]
	at org.apache.catalina.core.ApplicationFilterChain.doFilter(ApplicationFilterChain.java:166) [catalina.jar:9.0.14]
	at org.nuxeo.ecm.core.management.jtajca.internal.Log4jWebFilter.doFilter(Log4jWebFilter.java:69) [nuxeo-core-management-jtajca-10.10.jar:?]
	at org.apache.catalina.core.ApplicationFilterChain.internalDoFilter(ApplicationFilterChain.java:193) [catalina.jar:9.0.14]
	at org.apache.catalina.core.ApplicationFilterChain.doFilter(ApplicationFilterChain.java:166) [catalina.jar:9.0.14]
	at org.nuxeo.ecm.platform.ui.web.rest.FancyURLFilter.doFilter(FancyURLFilter.java:120) [nuxeo-platform-ui-web-10.10.jar:?]
	at org.apache.catalina.core.ApplicationFilterChain.internalDoFilter(ApplicationFilterChain.java:193) [catalina.jar:9.0.14]
	at org.apache.catalina.core.ApplicationFilterChain.doFilter(ApplicationFilterChain.java:166) [catalina.jar:9.0.14]
	at org.nuxeo.ecm.platform.web.common.requestcontroller.filter.NuxeoRequestControllerFilter.doFilter(NuxeoRequestControllerFilter.java:134) [nuxeo-platform-web-common-10.10.jar:?]
	at org.apache.catalina.core.ApplicationFilterChain.internalDoFilter(ApplicationFilterChain.java:193) [catalina.jar:9.0.14]
	at org.apache.catalina.core.ApplicationFilterChain.doFilter(ApplicationFilterChain.java:166) [catalina.jar:9.0.14]
	at com.thetransactioncompany.cors.CORSFilter.doFilter(CORSFilter.java:209) [cors-filter-2.6.jar:2.6]
	at com.thetransactioncompany.cors.CORSFilter.doFilter(CORSFilter.java:244) [cors-filter-2.6.jar:2.6]
	at org.nuxeo.ecm.platform.web.common.requestcontroller.filter.NuxeoCorsCsrfFilter.doFilter(NuxeoCorsCsrfFilter.java:258) [nuxeo-platform-web-common-10.10.jar:?]
	at org.apache.catalina.core.ApplicationFilterChain.internalDoFilter(ApplicationFilterChain.java:193) [catalina.jar:9.0.14]
	at org.apache.catalina.core.ApplicationFilterChain.doFilter(ApplicationFilterChain.java:166) [catalina.jar:9.0.14]
	at org.nuxeo.ecm.platform.web.common.exceptionhandling.NuxeoExceptionFilter.doFilter(NuxeoExceptionFilter.java:67) [nuxeo-platform-web-common-10.10.jar:?]
	at org.apache.catalina.core.ApplicationFilterChain.internalDoFilter(ApplicationFilterChain.java:193) [catalina.jar:9.0.14]
	at org.apache.catalina.core.ApplicationFilterChain.doFilter(ApplicationFilterChain.java:166) [catalina.jar:9.0.14]
	at org.nuxeo.ecm.platform.web.common.encoding.NuxeoEncodingFilter.doFilter(NuxeoEncodingFilter.java:64) [nuxeo-platform-web-common-10.10.jar:?]
	at org.apache.catalina.core.ApplicationFilterChain.internalDoFilter(ApplicationFilterChain.java:193) [catalina.jar:9.0.14]
	at org.apache.catalina.core.ApplicationFilterChain.doFilter(ApplicationFilterChain.java:166) [catalina.jar:9.0.14]
	at org.apache.catalina.core.StandardWrapperValve.invoke(StandardWrapperValve.java:199) [catalina.jar:9.0.14]
	at org.apache.catalina.core.StandardContextValve.invoke(StandardContextValve.java:96) [catalina.jar:9.0.14]
	at org.apache.catalina.authenticator.AuthenticatorBase.invoke(AuthenticatorBase.java:490) [catalina.jar:9.0.14]
	at org.apache.catalina.valves.rewrite.RewriteValve.invoke(RewriteValve.java:276) [catalina.jar:9.0.14]
	at org.apache.catalina.core.StandardHostValve.invoke(StandardHostValve.java:139) [catalina.jar:9.0.14]
	at org.apache.catalina.valves.ErrorReportValve.invoke(ErrorReportValve.java:92) [catalina.jar:9.0.14]
	at org.apache.catalina.valves.AbstractAccessLogValve.invoke(AbstractAccessLogValve.java:668) [catalina.jar:9.0.14]
	at org.apache.catalina.core.StandardEngineValve.invoke(StandardEngineValve.java:74) [catalina.jar:9.0.14]
	at org.apache.catalina.connector.CoyoteAdapter.service(CoyoteAdapter.java:343) [catalina.jar:9.0.14]
	at org.apache.coyote.http11.Http11Processor.service(Http11Processor.java:408) [tomcat-coyote.jar:9.0.14]
	at org.apache.coyote.AbstractProcessorLight.process(AbstractProcessorLight.java:66) [tomcat-coyote.jar:9.0.14]
	at org.apache.coyote.AbstractProtocol$ConnectionHandler.process(AbstractProtocol.java:834) [tomcat-coyote.jar:9.0.14]
	at org.apache.tomcat.util.net.NioEndpoint$SocketProcessor.doRun(NioEndpoint.java:1417) [tomcat-coyote.jar:9.0.14]
	at org.apache.tomcat.util.net.SocketProcessorBase.run(SocketProcessorBase.java:49) [tomcat-coyote.jar:9.0.14]
	at java.util.concurrent.ThreadPoolExecutor.runWorker(ThreadPoolExecutor.java:1149) [?:1.8.0_302]
	at java.util.concurrent.ThreadPoolExecutor$Worker.run(ThreadPoolExecutor.java:624) [?:1.8.0_302]
	at org.apache.tomcat.util.threads.TaskThread$WrappingRunnable.run(TaskThread.java:61) [tomcat-util.jar:9.0.14]
	at java.lang.Thread.run(Thread.java:748) [?:1.8.0_302]
Caused by: org.nuxeo.ecm.automation.OperationException: Failed to invoke operation RunInputScript with aliases [Context.RunInputScript]
	at org.nuxeo.ecm.automation.core.impl.InvokableMethod.invoke(InvokableMethod.java:189) ~[nuxeo-automation-core-10.10.jar:?]
	at org.nuxeo.ecm.automation.core.impl.OperationChainCompiler$OperationMethod.invoke(OperationChainCompiler.java:151) ~[nuxeo-automation-core-10.10.jar:?]
	at org.nuxeo.ecm.automation.core.impl.OperationChainCompiler$CompiledChainImpl.lambda$invoke$0(OperationChainCompiler.java:218) ~[nuxeo-automation-core-10.10.jar:?]
	at org.nuxeo.ecm.automation.OperationContext.call(OperationContext.java:326) ~[nuxeo-automation-core-10.10.jar:?]
	at org.nuxeo.ecm.automation.OperationContext.callWithChainParameters(OperationContext.java:291) ~[nuxeo-automation-core-10.10.jar:?]
	at org.nuxeo.ecm.automation.core.impl.OperationChainCompiler$CompiledChainImpl.invoke(OperationChainCompiler.java:215) ~[nuxeo-automation-core-10.10.jar:?]
	at org.nuxeo.ecm.automation.core.impl.OperationServiceImpl.run(OperationServiceImpl.java:115) ~[nuxeo-automation-core-10.10.jar:?]
	at org.nuxeo.ecm.automation.core.impl.OperationServiceImpl.lambda$run$0(OperationServiceImpl.java:105) ~[nuxeo-automation-core-10.10.jar:?]
	at org.nuxeo.ecm.automation.OperationContext.call(OperationContext.java:326) ~[nuxeo-automation-core-10.10.jar:?]
	at org.nuxeo.ecm.automation.OperationContext.callWithChainParameters(OperationContext.java:291) ~[nuxeo-automation-core-10.10.jar:?]
	at org.nuxeo.ecm.automation.core.impl.OperationServiceImpl.run(OperationServiceImpl.java:105) ~[nuxeo-automation-core-10.10.jar:?]
	at org.nuxeo.ecm.automation.server.jaxrs.OperationResource.execute(OperationResource.java:58) ~[nuxeo-automation-server-10.10.jar:?]
	at org.nuxeo.ecm.automation.server.jaxrs.ExecutableResource.doPost(ExecutableResource.java:70) ~[nuxeo-automation-server-10.10.jar:?]
	... 122 more
	Suppressed: java.lang.Throwable: 

****** chain ******
Name: RunInputScript
Exception: OperationException
Caught error: Failed to invoke operation RunInputScript with aliases [Context.RunInputScript]
Caused by: org.nuxeo.ecm.automation.OperationException: Failed to invoke operation RunInputScript with aliases [Context.RunInputScript]
****** Hierarchy calls ******
	org.nuxeo.ecm.automation.core.operations.RunInputScript

		at org.nuxeo.ecm.automation.core.trace.TracerFactory.onTrace(TracerFactory.java:198) ~[nuxeo-automation-core-10.10.jar:?]
		at org.nuxeo.ecm.automation.core.trace.Tracer.popContext(Tracer.java:73) ~[nuxeo-automation-core-10.10.jar:?]
		at org.nuxeo.ecm.automation.core.trace.Tracer.onChainExit(Tracer.java:86) ~[nuxeo-automation-core-10.10.jar:?]
		at org.nuxeo.ecm.automation.core.impl.OperationChainCompiler$CompiledChainImpl.lambda$invoke$0(OperationChainCompiler.java:227) ~[nuxeo-automation-core-10.10.jar:?]
		at org.nuxeo.ecm.automation.OperationContext.call(OperationContext.java:326) ~[nuxeo-automation-core-10.10.jar:?]
		at org.nuxeo.ecm.automation.OperationContext.callWithChainParameters(OperationContext.java:291) ~[nuxeo-automation-core-10.10.jar:?]
		at org.nuxeo.ecm.automation.core.impl.OperationChainCompiler$CompiledChainImpl.invoke(OperationChainCompiler.java:215) ~[nuxeo-automation-core-10.10.jar:?]
		at org.nuxeo.ecm.automation.core.impl.OperationServiceImpl.run(OperationServiceImpl.java:115) ~[nuxeo-automation-core-10.10.jar:?]
		at org.nuxeo.ecm.automation.core.impl.OperationServiceImpl.lambda$run$0(OperationServiceImpl.java:105) ~[nuxeo-automation-core-10.10.jar:?]
		at org.nuxeo.ecm.automation.OperationContext.call(OperationContext.java:326) ~[nuxeo-automation-core-10.10.jar:?]
		at org.nuxeo.ecm.automation.OperationContext.callWithChainParameters(OperationContext.java:291) ~[nuxeo-automation-core-10.10.jar:?]
		at org.nuxeo.ecm.automation.core.impl.OperationServiceImpl.run(OperationServiceImpl.java:105) ~[nuxeo-automation-core-10.10.jar:?]
		at org.nuxeo.ecm.automation.server.jaxrs.OperationResource.execute(OperationResource.java:58) ~[nuxeo-automation-server-10.10.jar:?]
		at org.nuxeo.ecm.automation.server.jaxrs.ExecutableResource.doPost(ExecutableResource.java:70) ~[nuxeo-automation-server-10.10.jar:?]
		at sun.reflect.NativeMethodAccessorImpl.invoke0(Native Method) ~[?:1.8.0_302]
		at sun.reflect.NativeMethodAccessorImpl.invoke(NativeMethodAccessorImpl.java:62) ~[?:1.8.0_302]
		at sun.reflect.DelegatingMethodAccessorImpl.invoke(DelegatingMethodAccessorImpl.java:43) ~[?:1.8.0_302]
		at java.lang.reflect.Method.invoke(Method.java:498) ~[?:1.8.0_302]
		at com.sun.jersey.spi.container.JavaMethodInvokerFactory$1.invoke(JavaMethodInvokerFactory.java:60) ~[jersey-server-1.19.4.jar:1.19.4]
		at com.sun.jersey.server.impl.model.method.dispatch.AbstractResourceMethodDispatchProvider$ObjectOutInvoker._dispatch(AbstractResourceMethodDispatchProvider.java:258) ~[jersey-server-1.19.4.jar:1.19.4]
		at com.sun.jersey.server.impl.model.method.dispatch.ResourceJavaMethodDispatcher.dispatch(ResourceJavaMethodDispatcher.java:75) ~[jersey-server-1.19.4.jar:1.19.4]
		at com.sun.jersey.server.impl.uri.rules.HttpMethodRule.accept(HttpMethodRule.java:302) ~[jersey-server-1.19.4.jar:1.19.4]
		at com.sun.jersey.server.impl.uri.rules.SubLocatorRule.accept(SubLocatorRule.java:137) ~[jersey-server-1.19.4.jar:1.19.4]
		at com.sun.jersey.server.impl.uri.rules.RightHandPathRule.accept(RightHandPathRule.java:147) ~[jersey-server-1.19.4.jar:1.19.4]
		at com.sun.jersey.server.impl.uri.rules.SubLocatorRule.accept(SubLocatorRule.java:137) ~[jersey-server-1.19.4.jar:1.19.4]
		at com.sun.jersey.server.impl.uri.rules.RightHandPathRule.accept(RightHandPathRule.java:147) ~[jersey-server-1.19.4.jar:1.19.4]
		at com.sun.jersey.server.impl.uri.rules.ResourceClassRule.accept(ResourceClassRule.java:108) ~[jersey-server-1.19.4.jar:1.19.4]
		at com.sun.jersey.server.impl.uri.rules.RightHandPathRule.accept(RightHandPathRule.java:147) ~[jersey-server-1.19.4.jar:1.19.4]
		at com.sun.jersey.server.impl.uri.rules.RootResourceClassesRule.accept(RootResourceClassesRule.java:84) ~[jersey-server-1.19.4.jar:1.19.4]
		at com.sun.jersey.server.impl.application.WebApplicationImpl._handleRequest(WebApplicationImpl.java:1542) ~[jersey-server-1.19.4.jar:1.19.4]
		at com.sun.jersey.server.impl.application.WebApplicationImpl._handleRequest(WebApplicationImpl.java:1473) [jersey-server-1.19.4.jar:1.19.4]
		at com.sun.jersey.server.impl.application.WebApplicationImpl.handleRequest(WebApplicationImpl.java:1419) [jersey-server-1.19.4.jar:1.19.4]
		at com.sun.jersey.server.impl.application.WebApplicationImpl.handleRequest(WebApplicationImpl.java:1409) [jersey-server-1.19.4.jar:1.19.4]
		at com.sun.jersey.spi.container.servlet.WebComponent.service(WebComponent.java:409) [jersey-servlet-1.19.4.jar:1.19.4]
		at com.sun.jersey.spi.container.servlet.ServletContainer.service(ServletContainer.java:558) [jersey-servlet-1.19.4.jar:1.19.4]
		at com.sun.jersey.spi.container.servlet.ServletContainer.service(ServletContainer.java:733) [jersey-servlet-1.19.4.jar:1.19.4]
		at org.nuxeo.ecm.webengine.app.jersey.WebEngineServlet.containerService(WebEngineServlet.java:72) [nuxeo-webengine-core-10.10.jar:?]
		at org.nuxeo.ecm.webengine.app.jersey.WebEngineServlet.service(WebEngineServlet.java:56) [nuxeo-webengine-core-10.10.jar:?]
		at javax.servlet.http.HttpServlet.service(HttpServlet.java:741) [servlet-api.jar:?]
		at org.apache.catalina.core.ApplicationFilterChain.internalDoFilter(ApplicationFilterChain.java:231) [catalina.jar:9.0.14]
		at org.apache.catalina.core.ApplicationFilterChain.doFilter(ApplicationFilterChain.java:166) [catalina.jar:9.0.14]
		at org.apache.tomcat.websocket.server.WsFilter.doFilter(WsFilter.java:53) [tomcat-websocket.jar:9.0.14]
		at org.apache.catalina.core.ApplicationFilterChain.internalDoFilter(ApplicationFilterChain.java:193) [catalina.jar:9.0.14]
		at org.apache.catalina.core.ApplicationFilterChain.doFilter(ApplicationFilterChain.java:166) [catalina.jar:9.0.14]
		at org.nuxeo.elasticsearch.ElasticSearchFilter.doFilter(ElasticSearchFilter.java:55) [nuxeo-elasticsearch-core-10.10.jar:?]
		at org.apache.catalina.core.ApplicationFilterChain.internalDoFilter(ApplicationFilterChain.java:193) [catalina.jar:9.0.14]
		at org.apache.catalina.core.ApplicationFilterChain.doFilter(ApplicationFilterChain.java:166) [catalina.jar:9.0.14]
		at org.nuxeo.ecm.webengine.jaxrs.session.SessionCleanupFilter.run(SessionCleanupFilter.java:50) [nuxeo-webengine-jaxrs-10.10.jar:?]
		at org.nuxeo.ecm.webengine.jaxrs.HttpFilter.doFilter(HttpFilter.java:49) [nuxeo-webengine-jaxrs-10.10.jar:?]
		at org.apache.catalina.core.ApplicationFilterChain.internalDoFilter(ApplicationFilterChain.java:193) [catalina.jar:9.0.14]
		at org.apache.catalina.core.ApplicationFilterChain.doFilter(ApplicationFilterChain.java:166) [catalina.jar:9.0.14]
		at org.nuxeo.ecm.webengine.app.WebContextFilter.doFilter(WebContextFilter.java:56) [nuxeo-webengine-core-10.10.jar:?]
		at org.apache.catalina.core.ApplicationFilterChain.internalDoFilter(ApplicationFilterChain.java:193) [catalina.jar:9.0.14]
		at org.apache.catalina.core.ApplicationFilterChain.doFilter(ApplicationFilterChain.java:166) [catalina.jar:9.0.14]
		at org.nuxeo.ecm.webengine.jaxrs.context.RequestContextFilter.run(RequestContextFilter.java:48) [nuxeo-webengine-jaxrs-10.10.jar:?]
		at org.nuxeo.ecm.webengine.jaxrs.HttpFilter.doFilter(HttpFilter.java:49) [nuxeo-webengine-jaxrs-10.10.jar:?]
		at org.apache.catalina.core.ApplicationFilterChain.internalDoFilter(ApplicationFilterChain.java:193) [catalina.jar:9.0.14]
		at org.apache.catalina.core.ApplicationFilterChain.doFilter(ApplicationFilterChain.java:166) [catalina.jar:9.0.14]
		at org.nuxeo.ecm.webengine.app.HeaderFixFilter.run(HeaderFixFilter.java:62) [nuxeo-webengine-core-10.10.jar:?]
		at org.nuxeo.ecm.webengine.jaxrs.HttpFilter.doFilter(HttpFilter.java:49) [nuxeo-webengine-jaxrs-10.10.jar:?]
		at org.apache.catalina.core.ApplicationFilterChain.internalDoFilter(ApplicationFilterChain.java:193) [catalina.jar:9.0.14]
		at org.apache.catalina.core.ApplicationFilterChain.doFilter(ApplicationFilterChain.java:166) [catalina.jar:9.0.14]
		at org.nuxeo.ecm.core.management.jtajca.internal.Log4jWebFilter.doFilter(Log4jWebFilter.java:69) [nuxeo-core-management-jtajca-10.10.jar:?]
		at org.apache.catalina.core.ApplicationFilterChain.internalDoFilter(ApplicationFilterChain.java:193) [catalina.jar:9.0.14]
		at org.apache.catalina.core.ApplicationFilterChain.doFilter(ApplicationFilterChain.java:166) [catalina.jar:9.0.14]
		at org.nuxeo.ecm.platform.web.common.requestcontroller.filter.NuxeoRequestControllerFilter.doFilter(NuxeoRequestControllerFilter.java:134) [nuxeo-platform-web-common-10.10.jar:?]
		at org.apache.catalina.core.ApplicationFilterChain.internalDoFilter(ApplicationFilterChain.java:193) [catalina.jar:9.0.14]
		at org.apache.catalina.core.ApplicationFilterChain.doFilter(ApplicationFilterChain.java:166) [catalina.jar:9.0.14]
		at org.nuxeo.ecm.platform.ui.web.auth.NuxeoAuthenticationFilter.doFilterInternal(NuxeoAuthenticationFilter.java:633) [nuxeo-platform-web-common-10.10.jar:?]
		at org.nuxeo.ecm.platform.ui.web.auth.NuxeoAuthenticationFilter.doFilter(NuxeoAuthenticationFilter.java:429) [nuxeo-platform-web-common-10.10.jar:?]
		at org.apache.catalina.core.ApplicationFilterChain.internalDoFilter(ApplicationFilterChain.java:193) [catalina.jar:9.0.14]
		at org.apache.catalina.core.ApplicationFilterChain.doFilter(ApplicationFilterChain.java:166) [catalina.jar:9.0.14]
		at org.nuxeo.ecm.platform.web.common.exceptionhandling.NuxeoExceptionFilter.doFilter(NuxeoExceptionFilter.java:67) [nuxeo-platform-web-common-10.10.jar:?]
		at org.apache.catalina.core.ApplicationFilterChain.internalDoFilter(ApplicationFilterChain.java:193) [catalina.jar:9.0.14]
		at org.apache.catalina.core.ApplicationFilterChain.doFilter(ApplicationFilterChain.java:166) [catalina.jar:9.0.14]
		at org.nuxeo.ecm.platform.web.common.encoding.NuxeoEncodingFilter.doFilter(NuxeoEncodingFilter.java:64) [nuxeo-platform-web-common-10.10.jar:?]
		at org.apache.catalina.core.ApplicationFilterChain.internalDoFilter(ApplicationFilterChain.java:193) [catalina.jar:9.0.14]
		at org.apache.catalina.core.ApplicationFilterChain.doFilter(ApplicationFilterChain.java:166) [catalina.jar:9.0.14]
		at org.apache.catalina.core.ApplicationDispatcher.invoke(ApplicationDispatcher.java:712) [catalina.jar:9.0.14]
		at org.apache.catalina.core.ApplicationDispatcher.processRequest(ApplicationDispatcher.java:459) [catalina.jar:9.0.14]
		at org.apache.catalina.core.ApplicationDispatcher.doForward(ApplicationDispatcher.java:384) [catalina.jar:9.0.14]
		at org.apache.catalina.core.ApplicationDispatcher.forward(ApplicationDispatcher.java:312) [catalina.jar:9.0.14]
		at org.nuxeo.ecm.restapi.server.APIServlet.service(APIServlet.java:50) [nuxeo-rest-api-server-10.10.jar:?]
		at javax.servlet.http.HttpServlet.service(HttpServlet.java:741) [servlet-api.jar:?]
		at org.apache.catalina.core.ApplicationFilterChain.internalDoFilter(ApplicationFilterChain.java:231) [catalina.jar:9.0.14]
		at org.apache.catalina.core.ApplicationFilterChain.doFilter(ApplicationFilterChain.java:166) [catalina.jar:9.0.14]
		at org.apache.tomcat.websocket.server.WsFilter.doFilter(WsFilter.java:53) [tomcat-websocket.jar:9.0.14]
		at org.apache.catalina.core.ApplicationFilterChain.internalDoFilter(ApplicationFilterChain.java:193) [catalina.jar:9.0.14]
		at org.apache.catalina.core.ApplicationFilterChain.doFilter(ApplicationFilterChain.java:166) [catalina.jar:9.0.14]
		at org.nuxeo.elasticsearch.ElasticSearchFilter.doFilter(ElasticSearchFilter.java:55) [nuxeo-elasticsearch-core-10.10.jar:?]
		at org.apache.catalina.core.ApplicationFilterChain.internalDoFilter(ApplicationFilterChain.java:193) [catalina.jar:9.0.14]
		at org.apache.catalina.core.ApplicationFilterChain.doFilter(ApplicationFilterChain.java:166) [catalina.jar:9.0.14]
		at org.nuxeo.ecm.platform.web.common.requestcontroller.filter.NuxeoThreadTrackerFilter.doFilter(NuxeoThreadTrackerFilter.java:43) [nuxeo-platform-web-common-10.10.jar:?]
		at org.apache.catalina.core.ApplicationFilterChain.internalDoFilter(ApplicationFilterChain.java:193) [catalina.jar:9.0.14]
		at org.apache.catalina.core.ApplicationFilterChain.doFilter(ApplicationFilterChain.java:166) [catalina.jar:9.0.14]
		at org.nuxeo.ecm.platform.web.common.requestcontroller.filter.NuxeoStandbyFilter.doFilter(NuxeoStandbyFilter.java:67) [nuxeo-platform-web-common-10.10.jar:?]
		at org.apache.catalina.core.ApplicationFilterChain.internalDoFilter(ApplicationFilterChain.java:193) [catalina.jar:9.0.14]
		at org.apache.catalina.core.ApplicationFilterChain.doFilter(ApplicationFilterChain.java:166) [catalina.jar:9.0.14]
		at org.nuxeo.ecm.core.management.jtajca.internal.Log4jWebFilter.doFilter(Log4jWebFilter.java:69) [nuxeo-core-management-jtajca-10.10.jar:?]
		at org.apache.catalina.core.ApplicationFilterChain.internalDoFilter(ApplicationFilterChain.java:193) [catalina.jar:9.0.14]
		at org.apache.catalina.core.ApplicationFilterChain.doFilter(ApplicationFilterChain.java:166) [catalina.jar:9.0.14]
		at org.nuxeo.ecm.platform.ui.web.rest.FancyURLFilter.doFilter(FancyURLFilter.java:120) [nuxeo-platform-ui-web-10.10.jar:?]
		at org.apache.catalina.core.ApplicationFilterChain.internalDoFilter(ApplicationFilterChain.java:193) [catalina.jar:9.0.14]
		at org.apache.catalina.core.ApplicationFilterChain.doFilter(ApplicationFilterChain.java:166) [catalina.jar:9.0.14]
		at org.nuxeo.ecm.platform.web.common.requestcontroller.filter.NuxeoRequestControllerFilter.doFilter(NuxeoRequestControllerFilter.java:134) [nuxeo-platform-web-common-10.10.jar:?]
		at org.apache.catalina.core.ApplicationFilterChain.internalDoFilter(ApplicationFilterChain.java:193) [catalina.jar:9.0.14]
		at org.apache.catalina.core.ApplicationFilterChain.doFilter(ApplicationFilterChain.java:166) [catalina.jar:9.0.14]
		at com.thetransactioncompany.cors.CORSFilter.doFilter(CORSFilter.java:209) [cors-filter-2.6.jar:2.6]
		at com.thetransactioncompany.cors.CORSFilter.doFilter(CORSFilter.java:244) [cors-filter-2.6.jar:2.6]
		at org.nuxeo.ecm.platform.web.common.requestcontroller.filter.NuxeoCorsCsrfFilter.doFilter(NuxeoCorsCsrfFilter.java:258) [nuxeo-platform-web-common-10.10.jar:?]
		at org.apache.catalina.core.ApplicationFilterChain.internalDoFilter(ApplicationFilterChain.java:193) [catalina.jar:9.0.14]
		at org.apache.catalina.core.ApplicationFilterChain.doFilter(ApplicationFilterChain.java:166) [catalina.jar:9.0.14]
		at org.nuxeo.ecm.platform.web.common.exceptionhandling.NuxeoExceptionFilter.doFilter(NuxeoExceptionFilter.java:67) [nuxeo-platform-web-common-10.10.jar:?]
		at org.apache.catalina.core.ApplicationFilterChain.internalDoFilter(ApplicationFilterChain.java:193) [catalina.jar:9.0.14]
		at org.apache.catalina.core.ApplicationFilterChain.doFilter(ApplicationFilterChain.java:166) [catalina.jar:9.0.14]
		at org.nuxeo.ecm.platform.web.common.encoding.NuxeoEncodingFilter.doFilter(NuxeoEncodingFilter.java:64) [nuxeo-platform-web-common-10.10.jar:?]
		at org.apache.catalina.core.ApplicationFilterChain.internalDoFilter(ApplicationFilterChain.java:193) [catalina.jar:9.0.14]
		at org.apache.catalina.core.ApplicationFilterChain.doFilter(ApplicationFilterChain.java:166) [catalina.jar:9.0.14]
		at org.apache.catalina.core.StandardWrapperValve.invoke(StandardWrapperValve.java:199) [catalina.jar:9.0.14]
		at org.apache.catalina.core.StandardContextValve.invoke(StandardContextValve.java:96) [catalina.jar:9.0.14]
		at org.apache.catalina.authenticator.AuthenticatorBase.invoke(AuthenticatorBase.java:490) [catalina.jar:9.0.14]
		at org.apache.catalina.valves.rewrite.RewriteValve.invoke(RewriteValve.java:276) [catalina.jar:9.0.14]
		at org.apache.catalina.core.StandardHostValve.invoke(StandardHostValve.java:139) [catalina.jar:9.0.14]
		at org.apache.catalina.valves.ErrorReportValve.invoke(ErrorReportValve.java:92) [catalina.jar:9.0.14]
		at org.apache.catalina.valves.AbstractAccessLogValve.invoke(AbstractAccessLogValve.java:668) [catalina.jar:9.0.14]
		at org.apache.catalina.core.StandardEngineValve.invoke(StandardEngineValve.java:74) [catalina.jar:9.0.14]
		at org.apache.catalina.connector.CoyoteAdapter.service(CoyoteAdapter.java:343) [catalina.jar:9.0.14]
		at org.apache.coyote.http11.Http11Processor.service(Http11Processor.java:408) [tomcat-coyote.jar:9.0.14]
		at org.apache.coyote.AbstractProcessorLight.process(AbstractProcessorLight.java:66) [tomcat-coyote.jar:9.0.14]
		at org.apache.coyote.AbstractProtocol$ConnectionHandler.process(AbstractProtocol.java:834) [tomcat-coyote.jar:9.0.14]
		at org.apache.tomcat.util.net.NioEndpoint$SocketProcessor.doRun(NioEndpoint.java:1417) [tomcat-coyote.jar:9.0.14]
		at org.apache.tomcat.util.net.SocketProcessorBase.run(SocketProcessorBase.java:49) [tomcat-coyote.jar:9.0.14]
		at java.util.concurrent.ThreadPoolExecutor.runWorker(ThreadPoolExecutor.java:1149) [?:1.8.0_302]
		at java.util.concurrent.ThreadPoolExecutor$Worker.run(ThreadPoolExecutor.java:624) [?:1.8.0_302]
		at org.apache.tomcat.util.threads.TaskThread$WrappingRunnable.run(TaskThread.java:61) [tomcat-util.jar:9.0.14]
		at java.lang.Thread.run(Thread.java:748) [?:1.8.0_302]
Caused by: org.codehaus.groovy.control.MultipleCompilationErrorsException: startup failed:
script17600982840022086860178.groovy: 15: unable to resolve class org.nuxeo.connect.platform.PlatformId
 @ line 15, column 5.
       import org.nuxeo.connect.platform.PlatformId
       ^

1 error

	at org.codehaus.groovy.control.ErrorCollector.failIfErrors(ErrorCollector.java:310) ~[groovy-all-2.4.12.jar:2.4.12]
	at org.codehaus.groovy.control.CompilationUnit.applyToSourceUnits(CompilationUnit.java:958) ~[groovy-all-2.4.12.jar:2.4.12]
	at org.codehaus.groovy.control.CompilationUnit.doPhaseOperation(CompilationUnit.java:605) ~[groovy-all-2.4.12.jar:2.4.12]
	at org.codehaus.groovy.control.CompilationUnit.compile(CompilationUnit.java:554) ~[groovy-all-2.4.12.jar:2.4.12]
	at groovy.lang.GroovyClassLoader.doParseClass(GroovyClassLoader.java:298) ~[groovy-all-2.4.12.jar:2.4.12]
	at groovy.lang.GroovyClassLoader.parseClass(GroovyClassLoader.java:268) ~[groovy-all-2.4.12.jar:2.4.12]
	at groovy.lang.GroovyClassLoader.parseClass(GroovyClassLoader.java:254) ~[groovy-all-2.4.12.jar:2.4.12]
	at groovy.lang.GroovyClassLoader.parseClass(GroovyClassLoader.java:211) ~[groovy-all-2.4.12.jar:2.4.12]
	at groovy.lang.GroovyClassLoader.parseClass(GroovyClassLoader.java:221) ~[groovy-all-2.4.12.jar:2.4.12]
	at org.nuxeo.ecm.automation.core.scripting.GroovyScripting.getScript(GroovyScripting.java:129) ~[nuxeo-automation-core-10.10.jar:?]
	at org.nuxeo.ecm.automation.core.scripting.Scripting$GroovyScript.<init>(Scripting.java:159) ~[nuxeo-automation-core-10.10.jar:?]
	at org.nuxeo.ecm.automation.core.operations.RunInputScript.run(RunInputScript.java:61) ~[nuxeo-automation-core-10.10.jar:?]
	at sun.reflect.NativeMethodAccessorImpl.invoke0(Native Method) ~[?:1.8.0_302]
	at sun.reflect.NativeMethodAccessorImpl.invoke(NativeMethodAccessorImpl.java:62) ~[?:1.8.0_302]
	at sun.reflect.DelegatingMethodAccessorImpl.invoke(DelegatingMethodAccessorImpl.java:43) ~[?:1.8.0_302]
	at java.lang.reflect.Method.invoke(Method.java:498) ~[?:1.8.0_302]
	at org.nuxeo.ecm.automation.core.impl.InvokableMethod.doInvoke(InvokableMethod.java:174) ~[nuxeo-automation-core-10.10.jar:?]
	at org.nuxeo.ecm.automation.core.impl.InvokableMethod.invoke(InvokableMethod.java:179) ~[nuxeo-automation-core-10.10.jar:?]
	at org.nuxeo.ecm.automation.core.impl.OperationChainCompiler$OperationMethod.invoke(OperationChainCompiler.java:151) ~[nuxeo-automation-core-10.10.jar:?]
	at org.nuxeo.ecm.automation.core.impl.OperationChainCompiler$CompiledChainImpl.lambda$invoke$0(OperationChainCompiler.java:218) ~[nuxeo-automation-core-10.10.jar:?]
	at org.nuxeo.ecm.automation.OperationContext.call(OperationContext.java:326) ~[nuxeo-automation-core-10.10.jar:?]
	at org.nuxeo.ecm.automation.OperationContext.callWithChainParameters(OperationContext.java:291) ~[nuxeo-automation-core-10.10.jar:?]
	at org.nuxeo.ecm.automation.core.impl.OperationChainCompiler$CompiledChainImpl.invoke(OperationChainCompiler.java:215) ~[nuxeo-automation-core-10.10.jar:?]
	at org.nuxeo.ecm.automation.core.impl.OperationServiceImpl.run(OperationServiceImpl.java:115) ~[nuxeo-automation-core-10.10.jar:?]
	at org.nuxeo.ecm.automation.core.impl.OperationServiceImpl.lambda$run$0(OperationServiceImpl.java:105) ~[nuxeo-automation-core-10.10.jar:?]
	at org.nuxeo.ecm.automation.OperationContext.call(OperationContext.java:326) ~[nuxeo-automation-core-10.10.jar:?]
	at org.nuxeo.ecm.automation.OperationContext.callWithChainParameters(OperationContext.java:291) ~[nuxeo-automation-core-10.10.jar:?]
	at org.nuxeo.ecm.automation.core.impl.OperationServiceImpl.run(OperationServiceImpl.java:105) ~[nuxeo-automation-core-10.10.jar:?]
	at org.nuxeo.ecm.automation.server.jaxrs.OperationResource.execute(OperationResource.java:58) ~[nuxeo-automation-server-10.10.jar:?]
	at org.nuxeo.ecm.automation.server.jaxrs.ExecutableResource.doPost(ExecutableResource.java:70) ~[nuxeo-automation-server-10.10.jar:?]
	... 122 more
2025-10-10T12:11:24,639 WARN  [http-nio-0.0.0.0-8080-exec-2] [org.nuxeo.ecm.automation.core.trace.Trace] 

****** chain ******
Name: RunInputScript
Exception: OperationException
Caught error: Failed to invoke operation RunInputScript with aliases [Context.RunInputScript]
Caused by: org.nuxeo.ecm.automation.OperationException: Failed to invoke operation RunInputScript with aliases [Context.RunInputScript]
****** Hierarchy calls ******
	org.nuxeo.ecm.automation.core.operations.RunInputScript

2025-10-10T12:11:24,640 ERROR [http-nio-0.0.0.0-8080-exec-2] [org.nuxeo.ecm.webengine.app.WebEngineExceptionMapper] org.nuxeo.ecm.core.api.NuxeoException: Failed to invoke operation: RunInputScript
org.nuxeo.ecm.core.api.NuxeoException: Failed to invoke operation: RunInputScript
	at org.nuxeo.ecm.automation.server.jaxrs.ExecutableResource.doPost(ExecutableResource.java:87) ~[nuxeo-automation-server-10.10.jar:?]
	at sun.reflect.NativeMethodAccessorImpl.invoke0(Native Method) ~[?:1.8.0_302]
	at sun.reflect.NativeMethodAccessorImpl.invoke(NativeMethodAccessorImpl.java:62) ~[?:1.8.0_302]
	at sun.reflect.DelegatingMethodAccessorImpl.invoke(DelegatingMethodAccessorImpl.java:43) ~[?:1.8.0_302]
	at java.lang.reflect.Method.invoke(Method.java:498) ~[?:1.8.0_302]
	at com.sun.jersey.spi.container.JavaMethodInvokerFactory$1.invoke(JavaMethodInvokerFactory.java:60) ~[jersey-server-1.19.4.jar:1.19.4]
	at com.sun.jersey.server.impl.model.method.dispatch.AbstractResourceMethodDispatchProvider$ObjectOutInvoker._dispatch(AbstractResourceMethodDispatchProvider.java:258) ~[jersey-server-1.19.4.jar:1.19.4]
	at com.sun.jersey.server.impl.model.method.dispatch.ResourceJavaMethodDispatcher.dispatch(ResourceJavaMethodDispatcher.java:75) ~[jersey-server-1.19.4.jar:1.19.4]
	at com.sun.jersey.server.impl.uri.rules.HttpMethodRule.accept(HttpMethodRule.java:302) ~[jersey-server-1.19.4.jar:1.19.4]
	at com.sun.jersey.server.impl.uri.rules.SubLocatorRule.accept(SubLocatorRule.java:137) ~[jersey-server-1.19.4.jar:1.19.4]
	at com.sun.jersey.server.impl.uri.rules.RightHandPathRule.accept(RightHandPathRule.java:147) ~[jersey-server-1.19.4.jar:1.19.4]
	at com.sun.jersey.server.impl.uri.rules.SubLocatorRule.accept(SubLocatorRule.java:137) ~[jersey-server-1.19.4.jar:1.19.4]
	at com.sun.jersey.server.impl.uri.rules.RightHandPathRule.accept(RightHandPathRule.java:147) ~[jersey-server-1.19.4.jar:1.19.4]
	at com.sun.jersey.server.impl.uri.rules.ResourceClassRule.accept(ResourceClassRule.java:108) ~[jersey-server-1.19.4.jar:1.19.4]
	at com.sun.jersey.server.impl.uri.rules.RightHandPathRule.accept(RightHandPathRule.java:147) ~[jersey-server-1.19.4.jar:1.19.4]
	at com.sun.jersey.server.impl.uri.rules.RootResourceClassesRule.accept(RootResourceClassesRule.java:84) ~[jersey-server-1.19.4.jar:1.19.4]
	at com.sun.jersey.server.impl.application.WebApplicationImpl._handleRequest(WebApplicationImpl.java:1542) ~[jersey-server-1.19.4.jar:1.19.4]
	at com.sun.jersey.server.impl.application.WebApplicationImpl._handleRequest(WebApplicationImpl.java:1473) [jersey-server-1.19.4.jar:1.19.4]
	at com.sun.jersey.server.impl.application.WebApplicationImpl.handleRequest(WebApplicationImpl.java:1419) [jersey-server-1.19.4.jar:1.19.4]
	at com.sun.jersey.server.impl.application.WebApplicationImpl.handleRequest(WebApplicationImpl.java:1409) [jersey-server-1.19.4.jar:1.19.4]
	at com.sun.jersey.spi.container.servlet.WebComponent.service(WebComponent.java:409) [jersey-servlet-1.19.4.jar:1.19.4]
	at com.sun.jersey.spi.container.servlet.ServletContainer.service(ServletContainer.java:558) [jersey-servlet-1.19.4.jar:1.19.4]
	at com.sun.jersey.spi.container.servlet.ServletContainer.service(ServletContainer.java:733) [jersey-servlet-1.19.4.jar:1.19.4]
	at org.nuxeo.ecm.webengine.app.jersey.WebEngineServlet.containerService(WebEngineServlet.java:72) [nuxeo-webengine-core-10.10.jar:?]
	at org.nuxeo.ecm.webengine.app.jersey.WebEngineServlet.service(WebEngineServlet.java:56) [nuxeo-webengine-core-10.10.jar:?]
	at javax.servlet.http.HttpServlet.service(HttpServlet.java:741) [servlet-api.jar:?]
	at org.apache.catalina.core.ApplicationFilterChain.internalDoFilter(ApplicationFilterChain.java:231) [catalina.jar:9.0.14]
	at org.apache.catalina.core.ApplicationFilterChain.doFilter(ApplicationFilterChain.java:166) [catalina.jar:9.0.14]
	at org.apache.tomcat.websocket.server.WsFilter.doFilter(WsFilter.java:53) [tomcat-websocket.jar:9.0.14]
	at org.apache.catalina.core.ApplicationFilterChain.internalDoFilter(ApplicationFilterChain.java:193) [catalina.jar:9.0.14]
	at org.apache.catalina.core.ApplicationFilterChain.doFilter(ApplicationFilterChain.java:166) [catalina.jar:9.0.14]
	at org.nuxeo.elasticsearch.ElasticSearchFilter.doFilter(ElasticSearchFilter.java:55) [nuxeo-elasticsearch-core-10.10.jar:?]
	at org.apache.catalina.core.ApplicationFilterChain.internalDoFilter(ApplicationFilterChain.java:193) [catalina.jar:9.0.14]
	at org.apache.catalina.core.ApplicationFilterChain.doFilter(ApplicationFilterChain.java:166) [catalina.jar:9.0.14]
	at org.nuxeo.ecm.webengine.jaxrs.session.SessionCleanupFilter.run(SessionCleanupFilter.java:50) [nuxeo-webengine-jaxrs-10.10.jar:?]
	at org.nuxeo.ecm.webengine.jaxrs.HttpFilter.doFilter(HttpFilter.java:49) [nuxeo-webengine-jaxrs-10.10.jar:?]
	at org.apache.catalina.core.ApplicationFilterChain.internalDoFilter(ApplicationFilterChain.java:193) [catalina.jar:9.0.14]
	at org.apache.catalina.core.ApplicationFilterChain.doFilter(ApplicationFilterChain.java:166) [catalina.jar:9.0.14]
	at org.nuxeo.ecm.webengine.app.WebContextFilter.doFilter(WebContextFilter.java:56) [nuxeo-webengine-core-10.10.jar:?]
	at org.apache.catalina.core.ApplicationFilterChain.internalDoFilter(ApplicationFilterChain.java:193) [catalina.jar:9.0.14]
	at org.apache.catalina.core.ApplicationFilterChain.doFilter(ApplicationFilterChain.java:166) [catalina.jar:9.0.14]
	at org.nuxeo.ecm.webengine.jaxrs.context.RequestContextFilter.run(RequestContextFilter.java:48) [nuxeo-webengine-jaxrs-10.10.jar:?]
	at org.nuxeo.ecm.webengine.jaxrs.HttpFilter.doFilter(HttpFilter.java:49) [nuxeo-webengine-jaxrs-10.10.jar:?]
	at org.apache.catalina.core.ApplicationFilterChain.internalDoFilter(ApplicationFilterChain.java:193) [catalina.jar:9.0.14]
	at org.apache.catalina.core.ApplicationFilterChain.doFilter(ApplicationFilterChain.java:166) [catalina.jar:9.0.14]
	at org.nuxeo.ecm.webengine.app.HeaderFixFilter.run(HeaderFixFilter.java:62) [nuxeo-webengine-core-10.10.jar:?]
	at org.nuxeo.ecm.webengine.jaxrs.HttpFilter.doFilter(HttpFilter.java:49) [nuxeo-webengine-jaxrs-10.10.jar:?]
	at org.apache.catalina.core.ApplicationFilterChain.internalDoFilter(ApplicationFilterChain.java:193) [catalina.jar:9.0.14]
	at org.apache.catalina.core.ApplicationFilterChain.doFilter(ApplicationFilterChain.java:166) [catalina.jar:9.0.14]
	at org.nuxeo.ecm.core.management.jtajca.internal.Log4jWebFilter.doFilter(Log4jWebFilter.java:69) [nuxeo-core-management-jtajca-10.10.jar:?]
	at org.apache.catalina.core.ApplicationFilterChain.internalDoFilter(ApplicationFilterChain.java:193) [catalina.jar:9.0.14]
	at org.apache.catalina.core.ApplicationFilterChain.doFilter(ApplicationFilterChain.java:166) [catalina.jar:9.0.14]
	at org.nuxeo.ecm.platform.web.common.requestcontroller.filter.NuxeoRequestControllerFilter.doFilter(NuxeoRequestControllerFilter.java:134) [nuxeo-platform-web-common-10.10.jar:?]
	at org.apache.catalina.core.ApplicationFilterChain.internalDoFilter(ApplicationFilterChain.java:193) [catalina.jar:9.0.14]
	at org.apache.catalina.core.ApplicationFilterChain.doFilter(ApplicationFilterChain.java:166) [catalina.jar:9.0.14]
	at org.nuxeo.ecm.platform.ui.web.auth.NuxeoAuthenticationFilter.doFilterInternal(NuxeoAuthenticationFilter.java:633) [nuxeo-platform-web-common-10.10.jar:?]
	at org.nuxeo.ecm.platform.ui.web.auth.NuxeoAuthenticationFilter.doFilter(NuxeoAuthenticationFilter.java:429) [nuxeo-platform-web-common-10.10.jar:?]
	at org.apache.catalina.core.ApplicationFilterChain.internalDoFilter(ApplicationFilterChain.java:193) [catalina.jar:9.0.14]
	at org.apache.catalina.core.ApplicationFilterChain.doFilter(ApplicationFilterChain.java:166) [catalina.jar:9.0.14]
	at org.nuxeo.ecm.platform.web.common.exceptionhandling.NuxeoExceptionFilter.doFilter(NuxeoExceptionFilter.java:67) [nuxeo-platform-web-common-10.10.jar:?]
	at org.apache.catalina.core.ApplicationFilterChain.internalDoFilter(ApplicationFilterChain.java:193) [catalina.jar:9.0.14]
	at org.apache.catalina.core.ApplicationFilterChain.doFilter(ApplicationFilterChain.java:166) [catalina.jar:9.0.14]
	at org.nuxeo.ecm.platform.web.common.encoding.NuxeoEncodingFilter.doFilter(NuxeoEncodingFilter.java:64) [nuxeo-platform-web-common-10.10.jar:?]
	at org.apache.catalina.core.ApplicationFilterChain.internalDoFilter(ApplicationFilterChain.java:193) [catalina.jar:9.0.14]
	at org.apache.catalina.core.ApplicationFilterChain.doFilter(ApplicationFilterChain.java:166) [catalina.jar:9.0.14]
	at org.apache.catalina.core.ApplicationDispatcher.invoke(ApplicationDispatcher.java:712) [catalina.jar:9.0.14]
	at org.apache.catalina.core.ApplicationDispatcher.processRequest(ApplicationDispatcher.java:459) [catalina.jar:9.0.14]
	at org.apache.catalina.core.ApplicationDispatcher.doForward(ApplicationDispatcher.java:384) [catalina.jar:9.0.14]
	at org.apache.catalina.core.ApplicationDispatcher.forward(ApplicationDispatcher.java:312) [catalina.jar:9.0.14]
	at org.nuxeo.ecm.restapi.server.APIServlet.service(APIServlet.java:50) [nuxeo-rest-api-server-10.10.jar:?]
	at javax.servlet.http.HttpServlet.service(HttpServlet.java:741) [servlet-api.jar:?]
	at org.apache.catalina.core.ApplicationFilterChain.internalDoFilter(ApplicationFilterChain.java:231) [catalina.jar:9.0.14]
	at org.apache.catalina.core.ApplicationFilterChain.doFilter(ApplicationFilterChain.java:166) [catalina.jar:9.0.14]
	at org.apache.tomcat.websocket.server.WsFilter.doFilter(WsFilter.java:53) [tomcat-websocket.jar:9.0.14]
	at org.apache.catalina.core.ApplicationFilterChain.internalDoFilter(ApplicationFilterChain.java:193) [catalina.jar:9.0.14]
	at org.apache.catalina.core.ApplicationFilterChain.doFilter(ApplicationFilterChain.java:166) [catalina.jar:9.0.14]
	at org.nuxeo.elasticsearch.ElasticSearchFilter.doFilter(ElasticSearchFilter.java:55) [nuxeo-elasticsearch-core-10.10.jar:?]
	at org.apache.catalina.core.ApplicationFilterChain.internalDoFilter(ApplicationFilterChain.java:193) [catalina.jar:9.0.14]
	at org.apache.catalina.core.ApplicationFilterChain.doFilter(ApplicationFilterChain.java:166) [catalina.jar:9.0.14]
	at org.nuxeo.ecm.platform.web.common.requestcontroller.filter.NuxeoThreadTrackerFilter.doFilter(NuxeoThreadTrackerFilter.java:43) [nuxeo-platform-web-common-10.10.jar:?]
	at org.apache.catalina.core.ApplicationFilterChain.internalDoFilter(ApplicationFilterChain.java:193) [catalina.jar:9.0.14]
	at org.apache.catalina.core.ApplicationFilterChain.doFilter(ApplicationFilterChain.java:166) [catalina.jar:9.0.14]
	at org.nuxeo.ecm.platform.web.common.requestcontroller.filter.NuxeoStandbyFilter.doFilter(NuxeoStandbyFilter.java:67) [nuxeo-platform-web-common-10.10.jar:?]
	at org.apache.catalina.core.ApplicationFilterChain.internalDoFilter(ApplicationFilterChain.java:193) [catalina.jar:9.0.14]
	at org.apache.catalina.core.ApplicationFilterChain.doFilter(ApplicationFilterChain.java:166) [catalina.jar:9.0.14]
	at org.nuxeo.ecm.core.management.jtajca.internal.Log4jWebFilter.doFilter(Log4jWebFilter.java:69) [nuxeo-core-management-jtajca-10.10.jar:?]
	at org.apache.catalina.core.ApplicationFilterChain.internalDoFilter(ApplicationFilterChain.java:193) [catalina.jar:9.0.14]
	at org.apache.catalina.core.ApplicationFilterChain.doFilter(ApplicationFilterChain.java:166) [catalina.jar:9.0.14]
	at org.nuxeo.ecm.platform.ui.web.rest.FancyURLFilter.doFilter(FancyURLFilter.java:120) [nuxeo-platform-ui-web-10.10.jar:?]
	at org.apache.catalina.core.ApplicationFilterChain.internalDoFilter(ApplicationFilterChain.java:193) [catalina.jar:9.0.14]
	at org.apache.catalina.core.ApplicationFilterChain.doFilter(ApplicationFilterChain.java:166) [catalina.jar:9.0.14]
	at org.nuxeo.ecm.platform.web.common.requestcontroller.filter.NuxeoRequestControllerFilter.doFilter(NuxeoRequestControllerFilter.java:134) [nuxeo-platform-web-common-10.10.jar:?]
	at org.apache.catalina.core.ApplicationFilterChain.internalDoFilter(ApplicationFilterChain.java:193) [catalina.jar:9.0.14]
	at org.apache.catalina.core.ApplicationFilterChain.doFilter(ApplicationFilterChain.java:166) [catalina.jar:9.0.14]
	at com.thetransactioncompany.cors.CORSFilter.doFilter(CORSFilter.java:209) [cors-filter-2.6.jar:2.6]
	at com.thetransactioncompany.cors.CORSFilter.doFilter(CORSFilter.java:244) [cors-filter-2.6.jar:2.6]
	at org.nuxeo.ecm.platform.web.common.requestcontroller.filter.NuxeoCorsCsrfFilter.doFilter(NuxeoCorsCsrfFilter.java:258) [nuxeo-platform-web-common-10.10.jar:?]
	at org.apache.catalina.core.ApplicationFilterChain.internalDoFilter(ApplicationFilterChain.java:193) [catalina.jar:9.0.14]
	at org.apache.catalina.core.ApplicationFilterChain.doFilter(ApplicationFilterChain.java:166) [catalina.jar:9.0.14]
	at org.nuxeo.ecm.platform.web.common.exceptionhandling.NuxeoExceptionFilter.doFilter(NuxeoExceptionFilter.java:67) [nuxeo-platform-web-common-10.10.jar:?]
	at org.apache.catalina.core.ApplicationFilterChain.internalDoFilter(ApplicationFilterChain.java:193) [catalina.jar:9.0.14]
	at org.apache.catalina.core.ApplicationFilterChain.doFilter(ApplicationFilterChain.java:166) [catalina.jar:9.0.14]
	at org.nuxeo.ecm.platform.web.common.encoding.NuxeoEncodingFilter.doFilter(NuxeoEncodingFilter.java:64) [nuxeo-platform-web-common-10.10.jar:?]
	at org.apache.catalina.core.ApplicationFilterChain.internalDoFilter(ApplicationFilterChain.java:193) [catalina.jar:9.0.14]
	at org.apache.catalina.core.ApplicationFilterChain.doFilter(ApplicationFilterChain.java:166) [catalina.jar:9.0.14]
	at org.apache.catalina.core.StandardWrapperValve.invoke(StandardWrapperValve.java:199) [catalina.jar:9.0.14]
	at org.apache.catalina.core.StandardContextValve.invoke(StandardContextValve.java:96) [catalina.jar:9.0.14]
	at org.apache.catalina.authenticator.AuthenticatorBase.invoke(AuthenticatorBase.java:490) [catalina.jar:9.0.14]
	at org.apache.catalina.valves.rewrite.RewriteValve.invoke(RewriteValve.java:276) [catalina.jar:9.0.14]
	at org.apache.catalina.core.StandardHostValve.invoke(StandardHostValve.java:139) [catalina.jar:9.0.14]
	at org.apache.catalina.valves.ErrorReportValve.invoke(ErrorReportValve.java:92) [catalina.jar:9.0.14]
	at org.apache.catalina.valves.AbstractAccessLogValve.invoke(AbstractAccessLogValve.java:668) [catalina.jar:9.0.14]
	at org.apache.catalina.core.StandardEngineValve.invoke(StandardEngineValve.java:74) [catalina.jar:9.0.14]
	at org.apache.catalina.connector.CoyoteAdapter.service(CoyoteAdapter.java:343) [catalina.jar:9.0.14]
	at org.apache.coyote.http11.Http11Processor.service(Http11Processor.java:408) [tomcat-coyote.jar:9.0.14]
	at org.apache.coyote.AbstractProcessorLight.process(AbstractProcessorLight.java:66) [tomcat-coyote.jar:9.0.14]
	at org.apache.coyote.AbstractProtocol$ConnectionHandler.process(AbstractProtocol.java:834) [tomcat-coyote.jar:9.0.14]
	at org.apache.tomcat.util.net.NioEndpoint$SocketProcessor.doRun(NioEndpoint.java:1417) [tomcat-coyote.jar:9.0.14]
	at org.apache.tomcat.util.net.SocketProcessorBase.run(SocketProcessorBase.java:49) [tomcat-coyote.jar:9.0.14]
	at java.util.concurrent.ThreadPoolExecutor.runWorker(ThreadPoolExecutor.java:1149) [?:1.8.0_302]
	at java.util.concurrent.ThreadPoolExecutor$Worker.run(ThreadPoolExecutor.java:624) [?:1.8.0_302]
	at org.apache.tomcat.util.threads.TaskThread$WrappingRunnable.run(TaskThread.java:61) [tomcat-util.jar:9.0.14]
	at java.lang.Thread.run(Thread.java:748) [?:1.8.0_302]
Caused by: org.nuxeo.ecm.automation.OperationException: Failed to invoke operation RunInputScript with aliases [Context.RunInputScript]
	at org.nuxeo.ecm.automation.core.impl.InvokableMethod.invoke(InvokableMethod.java:189) ~[nuxeo-automation-core-10.10.jar:?]
	at org.nuxeo.ecm.automation.core.impl.OperationChainCompiler$OperationMethod.invoke(OperationChainCompiler.java:151) ~[nuxeo-automation-core-10.10.jar:?]
	at org.nuxeo.ecm.automation.core.impl.OperationChainCompiler$CompiledChainImpl.lambda$invoke$0(OperationChainCompiler.java:218) ~[nuxeo-automation-core-10.10.jar:?]
	at org.nuxeo.ecm.automation.OperationContext.call(OperationContext.java:326) ~[nuxeo-automation-core-10.10.jar:?]
	at org.nuxeo.ecm.automation.OperationContext.callWithChainParameters(OperationContext.java:291) ~[nuxeo-automation-core-10.10.jar:?]
	at org.nuxeo.ecm.automation.core.impl.OperationChainCompiler$CompiledChainImpl.invoke(OperationChainCompiler.java:215) ~[nuxeo-automation-core-10.10.jar:?]
	at org.nuxeo.ecm.automation.core.impl.OperationServiceImpl.run(OperationServiceImpl.java:115) ~[nuxeo-automation-core-10.10.jar:?]
	at org.nuxeo.ecm.automation.core.impl.OperationServiceImpl.lambda$run$0(OperationServiceImpl.java:105) ~[nuxeo-automation-core-10.10.jar:?]
	at org.nuxeo.ecm.automation.OperationContext.call(OperationContext.java:326) ~[nuxeo-automation-core-10.10.jar:?]
	at org.nuxeo.ecm.automation.OperationContext.callWithChainParameters(OperationContext.java:291) ~[nuxeo-automation-core-10.10.jar:?]
	at org.nuxeo.ecm.automation.core.impl.OperationServiceImpl.run(OperationServiceImpl.java:105) ~[nuxeo-automation-core-10.10.jar:?]
	at org.nuxeo.ecm.automation.server.jaxrs.OperationResource.execute(OperationResource.java:58) ~[nuxeo-automation-server-10.10.jar:?]
	at org.nuxeo.ecm.automation.server.jaxrs.ExecutableResource.doPost(ExecutableResource.java:70) ~[nuxeo-automation-server-10.10.jar:?]
	... 122 more
	Suppressed: java.lang.Throwable: 

****** chain ******
Name: RunInputScript
Exception: OperationException
Caught error: Failed to invoke operation RunInputScript with aliases [Context.RunInputScript]
Caused by: org.nuxeo.ecm.automation.OperationException: Failed to invoke operation RunInputScript with aliases [Context.RunInputScript]
****** Hierarchy calls ******
	org.nuxeo.ecm.automation.core.operations.RunInputScript

		at org.nuxeo.ecm.automation.core.trace.TracerFactory.onTrace(TracerFactory.java:198) ~[nuxeo-automation-core-10.10.jar:?]
		at org.nuxeo.ecm.automation.core.trace.Tracer.popContext(Tracer.java:73) ~[nuxeo-automation-core-10.10.jar:?]
		at org.nuxeo.ecm.automation.core.trace.Tracer.onChainExit(Tracer.java:86) ~[nuxeo-automation-core-10.10.jar:?]
		at org.nuxeo.ecm.automation.core.impl.OperationChainCompiler$CompiledChainImpl.lambda$invoke$0(OperationChainCompiler.java:227) ~[nuxeo-automation-core-10.10.jar:?]
		at org.nuxeo.ecm.automation.OperationContext.call(OperationContext.java:326) ~[nuxeo-automation-core-10.10.jar:?]
		at org.nuxeo.ecm.automation.OperationContext.callWithChainParameters(OperationContext.java:291) ~[nuxeo-automation-core-10.10.jar:?]
		at org.nuxeo.ecm.automation.core.impl.OperationChainCompiler$CompiledChainImpl.invoke(OperationChainCompiler.java:215) ~[nuxeo-automation-core-10.10.jar:?]
		at org.nuxeo.ecm.automation.core.impl.OperationServiceImpl.run(OperationServiceImpl.java:115) ~[nuxeo-automation-core-10.10.jar:?]
		at org.nuxeo.ecm.automation.core.impl.OperationServiceImpl.lambda$run$0(OperationServiceImpl.java:105) ~[nuxeo-automation-core-10.10.jar:?]
		at org.nuxeo.ecm.automation.OperationContext.call(OperationContext.java:326) ~[nuxeo-automation-core-10.10.jar:?]
		at org.nuxeo.ecm.automation.OperationContext.callWithChainParameters(OperationContext.java:291) ~[nuxeo-automation-core-10.10.jar:?]
		at org.nuxeo.ecm.automation.core.impl.OperationServiceImpl.run(OperationServiceImpl.java:105) ~[nuxeo-automation-core-10.10.jar:?]
		at org.nuxeo.ecm.automation.server.jaxrs.OperationResource.execute(OperationResource.java:58) ~[nuxeo-automation-server-10.10.jar:?]
		at org.nuxeo.ecm.automation.server.jaxrs.ExecutableResource.doPost(ExecutableResource.java:70) ~[nuxeo-automation-server-10.10.jar:?]
		at sun.reflect.NativeMethodAccessorImpl.invoke0(Native Method) ~[?:1.8.0_302]
		at sun.reflect.NativeMethodAccessorImpl.invoke(NativeMethodAccessorImpl.java:62) ~[?:1.8.0_302]
		at sun.reflect.DelegatingMethodAccessorImpl.invoke(DelegatingMethodAccessorImpl.java:43) ~[?:1.8.0_302]
		at java.lang.reflect.Method.invoke(Method.java:498) ~[?:1.8.0_302]
		at com.sun.jersey.spi.container.JavaMethodInvokerFactory$1.invoke(JavaMethodInvokerFactory.java:60) ~[jersey-server-1.19.4.jar:1.19.4]
		at com.sun.jersey.server.impl.model.method.dispatch.AbstractResourceMethodDispatchProvider$ObjectOutInvoker._dispatch(AbstractResourceMethodDispatchProvider.java:258) ~[jersey-server-1.19.4.jar:1.19.4]
		at com.sun.jersey.server.impl.model.method.dispatch.ResourceJavaMethodDispatcher.dispatch(ResourceJavaMethodDispatcher.java:75) ~[jersey-server-1.19.4.jar:1.19.4]
		at com.sun.jersey.server.impl.uri.rules.HttpMethodRule.accept(HttpMethodRule.java:302) ~[jersey-server-1.19.4.jar:1.19.4]
		at com.sun.jersey.server.impl.uri.rules.SubLocatorRule.accept(SubLocatorRule.java:137) ~[jersey-server-1.19.4.jar:1.19.4]
		at com.sun.jersey.server.impl.uri.rules.RightHandPathRule.accept(RightHandPathRule.java:147) ~[jersey-server-1.19.4.jar:1.19.4]
		at com.sun.jersey.server.impl.uri.rules.SubLocatorRule.accept(SubLocatorRule.java:137) ~[jersey-server-1.19.4.jar:1.19.4]
		at com.sun.jersey.server.impl.uri.rules.RightHandPathRule.accept(RightHandPathRule.java:147) ~[jersey-server-1.19.4.jar:1.19.4]
		at com.sun.jersey.server.impl.uri.rules.ResourceClassRule.accept(ResourceClassRule.java:108) ~[jersey-server-1.19.4.jar:1.19.4]
		at com.sun.jersey.server.impl.uri.rules.RightHandPathRule.accept(RightHandPathRule.java:147) ~[jersey-server-1.19.4.jar:1.19.4]
		at com.sun.jersey.server.impl.uri.rules.RootResourceClassesRule.accept(RootResourceClassesRule.java:84) ~[jersey-server-1.19.4.jar:1.19.4]
		at com.sun.jersey.server.impl.application.WebApplicationImpl._handleRequest(WebApplicationImpl.java:1542) ~[jersey-server-1.19.4.jar:1.19.4]
		at com.sun.jersey.server.impl.application.WebApplicationImpl._handleRequest(WebApplicationImpl.java:1473) [jersey-server-1.19.4.jar:1.19.4]
		at com.sun.jersey.server.impl.application.WebApplicationImpl.handleRequest(WebApplicationImpl.java:1419) [jersey-server-1.19.4.jar:1.19.4]
		at com.sun.jersey.server.impl.application.WebApplicationImpl.handleRequest(WebApplicationImpl.java:1409) [jersey-server-1.19.4.jar:1.19.4]
		at com.sun.jersey.spi.container.servlet.WebComponent.service(WebComponent.java:409) [jersey-servlet-1.19.4.jar:1.19.4]
		at com.sun.jersey.spi.container.servlet.ServletContainer.service(ServletContainer.java:558) [jersey-servlet-1.19.4.jar:1.19.4]
		at com.sun.jersey.spi.container.servlet.ServletContainer.service(ServletContainer.java:733) [jersey-servlet-1.19.4.jar:1.19.4]
		at org.nuxeo.ecm.webengine.app.jersey.WebEngineServlet.containerService(WebEngineServlet.java:72) [nuxeo-webengine-core-10.10.jar:?]
		at org.nuxeo.ecm.webengine.app.jersey.WebEngineServlet.service(WebEngineServlet.java:56) [nuxeo-webengine-core-10.10.jar:?]
		at javax.servlet.http.HttpServlet.service(HttpServlet.java:741) [servlet-api.jar:?]
		at org.apache.catalina.core.ApplicationFilterChain.internalDoFilter(ApplicationFilterChain.java:231) [catalina.jar:9.0.14]
		at org.apache.catalina.core.ApplicationFilterChain.doFilter(ApplicationFilterChain.java:166) [catalina.jar:9.0.14]
		at org.apache.tomcat.websocket.server.WsFilter.doFilter(WsFilter.java:53) [tomcat-websocket.jar:9.0.14]
		at org.apache.catalina.core.ApplicationFilterChain.internalDoFilter(ApplicationFilterChain.java:193) [catalina.jar:9.0.14]
		at org.apache.catalina.core.ApplicationFilterChain.doFilter(ApplicationFilterChain.java:166) [catalina.jar:9.0.14]
		at org.nuxeo.elasticsearch.ElasticSearchFilter.doFilter(ElasticSearchFilter.java:55) [nuxeo-elasticsearch-core-10.10.jar:?]
		at org.apache.catalina.core.ApplicationFilterChain.internalDoFilter(ApplicationFilterChain.java:193) [catalina.jar:9.0.14]
		at org.apache.catalina.core.ApplicationFilterChain.doFilter(ApplicationFilterChain.java:166) [catalina.jar:9.0.14]
		at org.nuxeo.ecm.webengine.jaxrs.session.SessionCleanupFilter.run(SessionCleanupFilter.java:50) [nuxeo-webengine-jaxrs-10.10.jar:?]
		at org.nuxeo.ecm.webengine.jaxrs.HttpFilter.doFilter(HttpFilter.java:49) [nuxeo-webengine-jaxrs-10.10.jar:?]
		at org.apache.catalina.core.ApplicationFilterChain.internalDoFilter(ApplicationFilterChain.java:193) [catalina.jar:9.0.14]
		at org.apache.catalina.core.ApplicationFilterChain.doFilter(ApplicationFilterChain.java:166) [catalina.jar:9.0.14]
		at org.nuxeo.ecm.webengine.app.WebContextFilter.doFilter(WebContextFilter.java:56) [nuxeo-webengine-core-10.10.jar:?]
		at org.apache.catalina.core.ApplicationFilterChain.internalDoFilter(ApplicationFilterChain.java:193) [catalina.jar:9.0.14]
		at org.apache.catalina.core.ApplicationFilterChain.doFilter(ApplicationFilterChain.java:166) [catalina.jar:9.0.14]
		at org.nuxeo.ecm.webengine.jaxrs.context.RequestContextFilter.run(RequestContextFilter.java:48) [nuxeo-webengine-jaxrs-10.10.jar:?]
		at org.nuxeo.ecm.webengine.jaxrs.HttpFilter.doFilter(HttpFilter.java:49) [nuxeo-webengine-jaxrs-10.10.jar:?]
		at org.apache.catalina.core.ApplicationFilterChain.internalDoFilter(ApplicationFilterChain.java:193) [catalina.jar:9.0.14]
		at org.apache.catalina.core.ApplicationFilterChain.doFilter(ApplicationFilterChain.java:166) [catalina.jar:9.0.14]
		at org.nuxeo.ecm.webengine.app.HeaderFixFilter.run(HeaderFixFilter.java:62) [nuxeo-webengine-core-10.10.jar:?]
		at org.nuxeo.ecm.webengine.jaxrs.HttpFilter.doFilter(HttpFilter.java:49) [nuxeo-webengine-jaxrs-10.10.jar:?]
		at org.apache.catalina.core.ApplicationFilterChain.internalDoFilter(ApplicationFilterChain.java:193) [catalina.jar:9.0.14]
		at org.apache.catalina.core.ApplicationFilterChain.doFilter(ApplicationFilterChain.java:166) [catalina.jar:9.0.14]
		at org.nuxeo.ecm.core.management.jtajca.internal.Log4jWebFilter.doFilter(Log4jWebFilter.java:69) [nuxeo-core-management-jtajca-10.10.jar:?]
		at org.apache.catalina.core.ApplicationFilterChain.internalDoFilter(ApplicationFilterChain.java:193) [catalina.jar:9.0.14]
		at org.apache.catalina.core.ApplicationFilterChain.doFilter(ApplicationFilterChain.java:166) [catalina.jar:9.0.14]
		at org.nuxeo.ecm.platform.web.common.requestcontroller.filter.NuxeoRequestControllerFilter.doFilter(NuxeoRequestControllerFilter.java:134) [nuxeo-platform-web-common-10.10.jar:?]
		at org.apache.catalina.core.ApplicationFilterChain.internalDoFilter(ApplicationFilterChain.java:193) [catalina.jar:9.0.14]
		at org.apache.catalina.core.ApplicationFilterChain.doFilter(ApplicationFilterChain.java:166) [catalina.jar:9.0.14]
		at org.nuxeo.ecm.platform.ui.web.auth.NuxeoAuthenticationFilter.doFilterInternal(NuxeoAuthenticationFilter.java:633) [nuxeo-platform-web-common-10.10.jar:?]
		at org.nuxeo.ecm.platform.ui.web.auth.NuxeoAuthenticationFilter.doFilter(NuxeoAuthenticationFilter.java:429) [nuxeo-platform-web-common-10.10.jar:?]
		at org.apache.catalina.core.ApplicationFilterChain.internalDoFilter(ApplicationFilterChain.java:193) [catalina.jar:9.0.14]
		at org.apache.catalina.core.ApplicationFilterChain.doFilter(ApplicationFilterChain.java:166) [catalina.jar:9.0.14]
		at org.nuxeo.ecm.platform.web.common.exceptionhandling.NuxeoExceptionFilter.doFilter(NuxeoExceptionFilter.java:67) [nuxeo-platform-web-common-10.10.jar:?]
		at org.apache.catalina.core.ApplicationFilterChain.internalDoFilter(ApplicationFilterChain.java:193) [catalina.jar:9.0.14]
		at org.apache.catalina.core.ApplicationFilterChain.doFilter(ApplicationFilterChain.java:166) [catalina.jar:9.0.14]
		at org.nuxeo.ecm.platform.web.common.encoding.NuxeoEncodingFilter.doFilter(NuxeoEncodingFilter.java:64) [nuxeo-platform-web-common-10.10.jar:?]
		at org.apache.catalina.core.ApplicationFilterChain.internalDoFilter(ApplicationFilterChain.java:193) [catalina.jar:9.0.14]
		at org.apache.catalina.core.ApplicationFilterChain.doFilter(ApplicationFilterChain.java:166) [catalina.jar:9.0.14]
		at org.apache.catalina.core.ApplicationDispatcher.invoke(ApplicationDispatcher.java:712) [catalina.jar:9.0.14]
		at org.apache.catalina.core.ApplicationDispatcher.processRequest(ApplicationDispatcher.java:459) [catalina.jar:9.0.14]
		at org.apache.catalina.core.ApplicationDispatcher.doForward(ApplicationDispatcher.java:384) [catalina.jar:9.0.14]
		at org.apache.catalina.core.ApplicationDispatcher.forward(ApplicationDispatcher.java:312) [catalina.jar:9.0.14]
		at org.nuxeo.ecm.restapi.server.APIServlet.service(APIServlet.java:50) [nuxeo-rest-api-server-10.10.jar:?]
		at javax.servlet.http.HttpServlet.service(HttpServlet.java:741) [servlet-api.jar:?]
		at org.apache.catalina.core.ApplicationFilterChain.internalDoFilter(ApplicationFilterChain.java:231) [catalina.jar:9.0.14]
		at org.apache.catalina.core.ApplicationFilterChain.doFilter(ApplicationFilterChain.java:166) [catalina.jar:9.0.14]
		at org.apache.tomcat.websocket.server.WsFilter.doFilter(WsFilter.java:53) [tomcat-websocket.jar:9.0.14]
		at org.apache.catalina.core.ApplicationFilterChain.internalDoFilter(ApplicationFilterChain.java:193) [catalina.jar:9.0.14]
		at org.apache.catalina.core.ApplicationFilterChain.doFilter(ApplicationFilterChain.java:166) [catalina.jar:9.0.14]
		at org.nuxeo.elasticsearch.ElasticSearchFilter.doFilter(ElasticSearchFilter.java:55) [nuxeo-elasticsearch-core-10.10.jar:?]
		at org.apache.catalina.core.ApplicationFilterChain.internalDoFilter(ApplicationFilterChain.java:193) [catalina.jar:9.0.14]
		at org.apache.catalina.core.ApplicationFilterChain.doFilter(ApplicationFilterChain.java:166) [catalina.jar:9.0.14]
		at org.nuxeo.ecm.platform.web.common.requestcontroller.filter.NuxeoThreadTrackerFilter.doFilter(NuxeoThreadTrackerFilter.java:43) [nuxeo-platform-web-common-10.10.jar:?]
		at org.apache.catalina.core.ApplicationFilterChain.internalDoFilter(ApplicationFilterChain.java:193) [catalina.jar:9.0.14]
		at org.apache.catalina.core.ApplicationFilterChain.doFilter(ApplicationFilterChain.java:166) [catalina.jar:9.0.14]
		at org.nuxeo.ecm.platform.web.common.requestcontroller.filter.NuxeoStandbyFilter.doFilter(NuxeoStandbyFilter.java:67) [nuxeo-platform-web-common-10.10.jar:?]
		at org.apache.catalina.core.ApplicationFilterChain.internalDoFilter(ApplicationFilterChain.java:193) [catalina.jar:9.0.14]
		at org.apache.catalina.core.ApplicationFilterChain.doFilter(ApplicationFilterChain.java:166) [catalina.jar:9.0.14]
		at org.nuxeo.ecm.core.management.jtajca.internal.Log4jWebFilter.doFilter(Log4jWebFilter.java:69) [nuxeo-core-management-jtajca-10.10.jar:?]
		at org.apache.catalina.core.ApplicationFilterChain.internalDoFilter(ApplicationFilterChain.java:193) [catalina.jar:9.0.14]
		at org.apache.catalina.core.ApplicationFilterChain.doFilter(ApplicationFilterChain.java:166) [catalina.jar:9.0.14]
		at org.nuxeo.ecm.platform.ui.web.rest.FancyURLFilter.doFilter(FancyURLFilter.java:120) [nuxeo-platform-ui-web-10.10.jar:?]
		at org.apache.catalina.core.ApplicationFilterChain.internalDoFilter(ApplicationFilterChain.java:193) [catalina.jar:9.0.14]
		at org.apache.catalina.core.ApplicationFilterChain.doFilter(ApplicationFilterChain.java:166) [catalina.jar:9.0.14]
		at org.nuxeo.ecm.platform.web.common.requestcontroller.filter.NuxeoRequestControllerFilter.doFilter(NuxeoRequestControllerFilter.java:134) [nuxeo-platform-web-common-10.10.jar:?]
		at org.apache.catalina.core.ApplicationFilterChain.internalDoFilter(ApplicationFilterChain.java:193) [catalina.jar:9.0.14]
		at org.apache.catalina.core.ApplicationFilterChain.doFilter(ApplicationFilterChain.java:166) [catalina.jar:9.0.14]
		at com.thetransactioncompany.cors.CORSFilter.doFilter(CORSFilter.java:209) [cors-filter-2.6.jar:2.6]
		at com.thetransactioncompany.cors.CORSFilter.doFilter(CORSFilter.java:244) [cors-filter-2.6.jar:2.6]
		at org.nuxeo.ecm.platform.web.common.requestcontroller.filter.NuxeoCorsCsrfFilter.doFilter(NuxeoCorsCsrfFilter.java:258) [nuxeo-platform-web-common-10.10.jar:?]
		at org.apache.catalina.core.ApplicationFilterChain.internalDoFilter(ApplicationFilterChain.java:193) [catalina.jar:9.0.14]
		at org.apache.catalina.core.ApplicationFilterChain.doFilter(ApplicationFilterChain.java:166) [catalina.jar:9.0.14]
		at org.nuxeo.ecm.platform.web.common.exceptionhandling.NuxeoExceptionFilter.doFilter(NuxeoExceptionFilter.java:67) [nuxeo-platform-web-common-10.10.jar:?]
		at org.apache.catalina.core.ApplicationFilterChain.internalDoFilter(ApplicationFilterChain.java:193) [catalina.jar:9.0.14]
		at org.apache.catalina.core.ApplicationFilterChain.doFilter(ApplicationFilterChain.java:166) [catalina.jar:9.0.14]
		at org.nuxeo.ecm.platform.web.common.encoding.NuxeoEncodingFilter.doFilter(NuxeoEncodingFilter.java:64) [nuxeo-platform-web-common-10.10.jar:?]
		at org.apache.catalina.core.ApplicationFilterChain.internalDoFilter(ApplicationFilterChain.java:193) [catalina.jar:9.0.14]
		at org.apache.catalina.core.ApplicationFilterChain.doFilter(ApplicationFilterChain.java:166) [catalina.jar:9.0.14]
		at org.apache.catalina.core.StandardWrapperValve.invoke(StandardWrapperValve.java:199) [catalina.jar:9.0.14]
		at org.apache.catalina.core.StandardContextValve.invoke(StandardContextValve.java:96) [catalina.jar:9.0.14]
		at org.apache.catalina.authenticator.AuthenticatorBase.invoke(AuthenticatorBase.java:490) [catalina.jar:9.0.14]
		at org.apache.catalina.valves.rewrite.RewriteValve.invoke(RewriteValve.java:276) [catalina.jar:9.0.14]
		at org.apache.catalina.core.StandardHostValve.invoke(StandardHostValve.java:139) [catalina.jar:9.0.14]
		at org.apache.catalina.valves.ErrorReportValve.invoke(ErrorReportValve.java:92) [catalina.jar:9.0.14]
		at org.apache.catalina.valves.AbstractAccessLogValve.invoke(AbstractAccessLogValve.java:668) [catalina.jar:9.0.14]
		at org.apache.catalina.core.StandardEngineValve.invoke(StandardEngineValve.java:74) [catalina.jar:9.0.14]
		at org.apache.catalina.connector.CoyoteAdapter.service(CoyoteAdapter.java:343) [catalina.jar:9.0.14]
		at org.apache.coyote.http11.Http11Processor.service(Http11Processor.java:408) [tomcat-coyote.jar:9.0.14]
		at org.apache.coyote.AbstractProcessorLight.process(AbstractProcessorLight.java:66) [tomcat-coyote.jar:9.0.14]
		at org.apache.coyote.AbstractProtocol$ConnectionHandler.process(AbstractProtocol.java:834) [tomcat-coyote.jar:9.0.14]
		at org.apache.tomcat.util.net.NioEndpoint$SocketProcessor.doRun(NioEndpoint.java:1417) [tomcat-coyote.jar:9.0.14]
		at org.apache.tomcat.util.net.SocketProcessorBase.run(SocketProcessorBase.java:49) [tomcat-coyote.jar:9.0.14]
		at java.util.concurrent.ThreadPoolExecutor.runWorker(ThreadPoolExecutor.java:1149) [?:1.8.0_302]
		at java.util.concurrent.ThreadPoolExecutor$Worker.run(ThreadPoolExecutor.java:624) [?:1.8.0_302]
		at org.apache.tomcat.util.threads.TaskThread$WrappingRunnable.run(TaskThread.java:61) [tomcat-util.jar:9.0.14]
		at java.lang.Thread.run(Thread.java:748) [?:1.8.0_302]
Caused by: org.codehaus.groovy.control.MultipleCompilationErrorsException: startup failed:
script17600982843542086860178.groovy: 15: unable to resolve class org.nuxeo.connect.platform.PlatformId
 @ line 15, column 5.
       import org.nuxeo.connect.platform.PlatformId
       ^

1 error

	at org.codehaus.groovy.control.ErrorCollector.failIfErrors(ErrorCollector.java:310) ~[groovy-all-2.4.12.jar:2.4.12]
	at org.codehaus.groovy.control.CompilationUnit.applyToSourceUnits(CompilationUnit.java:958) ~[groovy-all-2.4.12.jar:2.4.12]
	at org.codehaus.groovy.control.CompilationUnit.doPhaseOperation(CompilationUnit.java:605) ~[groovy-all-2.4.12.jar:2.4.12]
	at org.codehaus.groovy.control.CompilationUnit.compile(CompilationUnit.java:554) ~[groovy-all-2.4.12.jar:2.4.12]
	at groovy.lang.GroovyClassLoader.doParseClass(GroovyClassLoader.java:298) ~[groovy-all-2.4.12.jar:2.4.12]
	at groovy.lang.GroovyClassLoader.parseClass(GroovyClassLoader.java:268) ~[groovy-all-2.4.12.jar:2.4.12]
	at groovy.lang.GroovyClassLoader.parseClass(GroovyClassLoader.java:254) ~[groovy-all-2.4.12.jar:2.4.12]
	at groovy.lang.GroovyClassLoader.parseClass(GroovyClassLoader.java:211) ~[groovy-all-2.4.12.jar:2.4.12]
	at groovy.lang.GroovyClassLoader.parseClass(GroovyClassLoader.java:221) ~[groovy-all-2.4.12.jar:2.4.12]
	at org.nuxeo.ecm.automation.core.scripting.GroovyScripting.getScript(GroovyScripting.java:129) ~[nuxeo-automation-core-10.10.jar:?]
	at org.nuxeo.ecm.automation.core.scripting.Scripting$GroovyScript.<init>(Scripting.java:159) ~[nuxeo-automation-core-10.10.jar:?]
	at org.nuxeo.ecm.automation.core.operations.RunInputScript.run(RunInputScript.java:61) ~[nuxeo-automation-core-10.10.jar:?]
	at sun.reflect.NativeMethodAccessorImpl.invoke0(Native Method) ~[?:1.8.0_302]
	at sun.reflect.NativeMethodAccessorImpl.invoke(NativeMethodAccessorImpl.java:62) ~[?:1.8.0_302]
	at sun.reflect.DelegatingMethodAccessorImpl.invoke(DelegatingMethodAccessorImpl.java:43) ~[?:1.8.0_302]
	at java.lang.reflect.Method.invoke(Method.java:498) ~[?:1.8.0_302]
	at org.nuxeo.ecm.automation.core.impl.InvokableMethod.doInvoke(InvokableMethod.java:174) ~[nuxeo-automation-core-10.10.jar:?]
	at org.nuxeo.ecm.automation.core.impl.InvokableMethod.invoke(InvokableMethod.java:179) ~[nuxeo-automation-core-10.10.jar:?]
	at org.nuxeo.ecm.automation.core.impl.OperationChainCompiler$OperationMethod.invoke(OperationChainCompiler.java:151) ~[nuxeo-automation-core-10.10.jar:?]
	at org.nuxeo.ecm.automation.core.impl.OperationChainCompiler$CompiledChainImpl.lambda$invoke$0(OperationChainCompiler.java:218) ~[nuxeo-automation-core-10.10.jar:?]
	at org.nuxeo.ecm.automation.OperationContext.call(OperationContext.java:326) ~[nuxeo-automation-core-10.10.jar:?]
	at org.nuxeo.ecm.automation.OperationContext.callWithChainParameters(OperationContext.java:291) ~[nuxeo-automation-core-10.10.jar:?]
	at org.nuxeo.ecm.automation.core.impl.OperationChainCompiler$CompiledChainImpl.invoke(OperationChainCompiler.java:215) ~[nuxeo-automation-core-10.10.jar:?]
	at org.nuxeo.ecm.automation.core.impl.OperationServiceImpl.run(OperationServiceImpl.java:115) ~[nuxeo-automation-core-10.10.jar:?]
	at org.nuxeo.ecm.automation.core.impl.OperationServiceImpl.lambda$run$0(OperationServiceImpl.java:105) ~[nuxeo-automation-core-10.10.jar:?]
	at org.nuxeo.ecm.automation.OperationContext.call(OperationContext.java:326) ~[nuxeo-automation-core-10.10.jar:?]
	at org.nuxeo.ecm.automation.OperationContext.callWithChainParameters(OperationContext.java:291) ~[nuxeo-automation-core-10.10.jar:?]
	at org.nuxeo.ecm.automation.core.impl.OperationServiceImpl.run(OperationServiceImpl.java:105) ~[nuxeo-automation-core-10.10.jar:?]
	at org.nuxeo.ecm.automation.server.jaxrs.OperationResource.execute(OperationResource.java:58) ~[nuxeo-automation-server-10.10.jar:?]
	at org.nuxeo.ecm.automation.server.jaxrs.ExecutableResource.doPost(ExecutableResource.java:70) ~[nuxeo-automation-server-10.10.jar:?]
	... 122 more
2025-10-10T12:11:26,118 WARN  [http-nio-0.0.0.0-8080-exec-1] [org.apache.http.client.protocol.ResponseProcessCookies] Invalid cookie header: "Set-Cookie: AWSALB=KsyG8bNJb2WlYWqDMPWBw3ZfSzHAUxQKHW/t2fNSo+EZZO0qJ2Ju8qMqLhY3Ma6AxmLN/1/KkN4qsdGk08O1fzyS447aXxfT+8qu/gF71RZhNmbW7Z6Avphd8sBQ; Expires=Fri, 17 Oct 2025 12:11:26 GMT; Path=/". Invalid 'expires' attribute: Fri, 17 Oct 2025 12:11:26 GMT
2025-10-10T12:11:26,119 WARN  [http-nio-0.0.0.0-8080-exec-1] [org.apache.http.client.protocol.ResponseProcessCookies] Invalid cookie header: "Set-Cookie: AWSALBCORS=KsyG8bNJb2WlYWqDMPWBw3ZfSzHAUxQKHW/t2fNSo+EZZO0qJ2Ju8qMqLhY3Ma6AxmLN/1/KkN4qsdGk08O1fzyS447aXxfT+8qu/gF71RZhNmbW7Z6Avphd8sBQ; Expires=Fri, 17 Oct 2025 12:11:26 GMT; Path=/; SameSite=None; Secure". Invalid 'expires' attribute: Fri, 17 Oct 2025 12:11:26 GMT
2025-10-10T12:17:05,889 INFO  [main] [org.nuxeo.osgi.application.loader.FrameworkLoader] 
======================================================================
= Starting Nuxeo Framework
======================================================================
  * Server home = /opt/nuxeo/server
  * Runtime home = /opt/nuxeo/server/nxserver
  * Data Directory = /var/lib/nuxeo/data
  * Log Directory = /var/log/nuxeo
  * Configuration Directory = /opt/nuxeo/server/nxserver/config
  * Temp Directory = /opt/nuxeo/server/tmp
======================================================================
2025-10-10T12:17:14,012 WARN  [main] [org.nuxeo.ecm.platform.commandline.executor.service.CommandLineExecutorComponent] Command not available: videoClosedCaptionsExtractor (command ccextractor not found in system path (descriptor CommandLineDescriptor[name=videoClosedCaptionsExtractor,enabled=true,available=false,command=ccextractor,parameterString=#{sourceFilePath} -out=#{outFormat} -trim -o #{outFilePath},testParameterString=,winParameterString=<null>,winTestParameterString=,winCommand=<null>,tester=<null>,readOutput=true,installationDirective=You need to install ccextractor.,installErrorMessage=<null>]). You need to install ccextractor.)
2025-10-10T12:17:14,021 WARN  [main] [org.nuxeo.ecm.platform.commandline.executor.service.CommandLineExecutorComponent] Command not available: videoPartClosedCaptionsExtractor (command ccextractor not found in system path (descriptor CommandLineDescriptor[name=videoPartClosedCaptionsExtractor,enabled=true,available=false,command=ccextractor,parameterString=#{sourceFilePath} -out=#{outFormat} -startat #{startAt} -endat #{endAt} -trim -o #{outFilePath},testParameterString=,winParameterString=<null>,winTestParameterString=,winCommand=<null>,tester=<null>,readOutput=true,installationDirective=You need to install ccextractor.,installErrorMessage=<null>]). You need to install ccextractor.)
2025-10-10T12:17:20,479 WARN  [main] [org.nuxeo.elasticsearch.core.ElasticSearchEmbeddedNode] Elasticsearch embedded configuration is ONLY for testing purpose. You need to create a dedicated Elasticsearch cluster for production.
2025-10-10T12:17:31,080 WARN  [main] [org.nuxeo.ecm.core.io.impl.AbstractDocumentModelWriter] The document Summer in the USA with id=2f33e13b-70e1-446c-a053-128bddc77af1 and type=BCContract contains the facet 'BCTrashMgt', which is not registered as available in the schemaManager. This facet will be ignored.
2025-10-10T12:17:31,081 WARN  [main] [org.nuxeo.ecm.core.io.impl.AbstractDocumentModelWriter] The document Summer in the USA with id=2f33e13b-70e1-446c-a053-128bddc77af1 and type=DocumentTypeImpl(BCContract) contains the schema 'bctrashmgt', which is not registered as available in the schemaManager. This schema will be ignored.
2025-10-10T12:17:31,136 WARN  [main] [org.nuxeo.ecm.core.io.impl.AbstractDocumentModelWriter] The document To the Moon and back with id=b0f3da9a-9b84-4b19-b7af-ccef24203c73 and type=BCContract contains the facet 'BCTrashMgt', which is not registered as available in the schemaManager. This facet will be ignored.
2025-10-10T12:17:31,138 WARN  [main] [org.nuxeo.ecm.core.io.impl.AbstractDocumentModelWriter] The document To the Moon and back with id=b0f3da9a-9b84-4b19-b7af-ccef24203c73 and type=DocumentTypeImpl(BCContract) contains the schema 'bctrashmgt', which is not registered as available in the schemaManager. This schema will be ignored.
2025-10-10T12:17:31,186 WARN  [main] [org.nuxeo.ecm.core.io.impl.AbstractDocumentModelWriter] The document Winter in the USA with id=12f574b8-39ff-4bfd-9e3f-b40da61423f4 and type=BCContract contains the facet 'BCTrashMgt', which is not registered as available in the schemaManager. This facet will be ignored.
2025-10-10T12:17:31,187 WARN  [main] [org.nuxeo.ecm.core.io.impl.AbstractDocumentModelWriter] The document Winter in the USA with id=12f574b8-39ff-4bfd-9e3f-b40da61423f4 and type=DocumentTypeImpl(BCContract) contains the schema 'bctrashmgt', which is not registered as available in the schemaManager. This schema will be ignored.
2025-10-10T12:17:31,426 WARN  [main] [org.nuxeo.ecm.core.io.impl.AbstractDocumentModelWriter] The document 2015 Annual Conference with id=d13018b2-0467-4d74-9536-cfa7c529b717 and type=BCContract contains the facet 'BCTrashMgt', which is not registered as available in the schemaManager. This facet will be ignored.
2025-10-10T12:17:31,427 WARN  [main] [org.nuxeo.ecm.core.io.impl.AbstractDocumentModelWriter] The document 2015 Annual Conference with id=d13018b2-0467-4d74-9536-cfa7c529b717 and type=DocumentTypeImpl(BCContract) contains the schema 'bctrashmgt', which is not registered as available in the schemaManager. This schema will be ignored.
2025-10-10T12:17:31,491 WARN  [main] [org.nuxeo.ecm.core.io.impl.AbstractDocumentModelWriter] The document 2016 Annual Conference with id=baf61ced-78e5-42d0-bef1-e6197b3e7ba2 and type=BCContract contains the facet 'BCTrashMgt', which is not registered as available in the schemaManager. This facet will be ignored.
2025-10-10T12:17:31,494 WARN  [main] [org.nuxeo.ecm.core.io.impl.AbstractDocumentModelWriter] The document 2016 Annual Conference with id=baf61ced-78e5-42d0-bef1-e6197b3e7ba2 and type=DocumentTypeImpl(BCContract) contains the schema 'bctrashmgt', which is not registered as available in the schemaManager. This schema will be ignored.
2025-10-10T12:17:31,567 WARN  [main] [org.nuxeo.ecm.core.io.impl.AbstractDocumentModelWriter] The document Geller-Bing Wedding with id=3605528e-1bd6-42ff-8f45-96be7ec91fd9 and type=BCContract contains the facet 'BCTrashMgt', which is not registered as available in the schemaManager. This facet will be ignored.
2025-10-10T12:17:31,568 WARN  [main] [org.nuxeo.ecm.core.io.impl.AbstractDocumentModelWriter] The document Geller-Bing Wedding with id=3605528e-1bd6-42ff-8f45-96be7ec91fd9 and type=DocumentTypeImpl(BCContract) contains the schema 'bctrashmgt', which is not registered as available in the schemaManager. This schema will be ignored.
2025-10-10T12:17:31,916 WARN  [main] [org.nuxeo.ecm.core.io.impl.AbstractDocumentModelWriter] The document Money Bank Auto Loan Con with id=50b4f04a-a028-43c8-b7b8-5e3b12b46cbc and type=BCContract contains the facet 'BCTrashMgt', which is not registered as available in the schemaManager. This facet will be ignored.
2025-10-10T12:17:31,917 WARN  [main] [org.nuxeo.ecm.core.io.impl.AbstractDocumentModelWriter] The document Money Bank Auto Loan Con with id=50b4f04a-a028-43c8-b7b8-5e3b12b46cbc and type=DocumentTypeImpl(BCContract) contains the schema 'bctrashmgt', which is not registered as available in the schemaManager. This schema will be ignored.
2025-10-10T12:17:31,977 WARN  [main] [org.nuxeo.ecm.core.io.impl.AbstractDocumentModelWriter] The document Money Bank Credit Card C with id=5ead2937-878d-4e7d-bcf9-ddc0989e3e1f and type=BCContract contains the facet 'BCTrashMgt', which is not registered as available in the schemaManager. This facet will be ignored.
2025-10-10T12:17:31,978 WARN  [main] [org.nuxeo.ecm.core.io.impl.AbstractDocumentModelWriter] The document Money Bank Credit Card C with id=5ead2937-878d-4e7d-bcf9-ddc0989e3e1f and type=DocumentTypeImpl(BCContract) contains the schema 'bctrashmgt', which is not registered as available in the schemaManager. This schema will be ignored.
2025-10-10T12:17:32,028 WARN  [main] [org.nuxeo.ecm.core.io.impl.AbstractDocumentModelWriter] The document Money Bank Mortgage Cont with id=2833aae9-4153-4d89-abb8-d3608decbf99 and type=BCContract contains the facet 'BCTrashMgt', which is not registered as available in the schemaManager. This facet will be ignored.
2025-10-10T12:17:32,029 WARN  [main] [org.nuxeo.ecm.core.io.impl.AbstractDocumentModelWriter] The document Money Bank Mortgage Cont with id=2833aae9-4153-4d89-abb8-d3608decbf99 and type=DocumentTypeImpl(BCContract) contains the schema 'bctrashmgt', which is not registered as available in the schemaManager. This schema will be ignored.
2025-10-10T12:17:32,081 WARN  [main] [org.nuxeo.ecm.core.io.impl.AbstractDocumentModelWriter] The document Money Bank Student Loan with id=a2e62823-c6c8-4eb3-9500-0b2ef392f9b7 and type=BCContract contains the facet 'BCTrashMgt', which is not registered as available in the schemaManager. This facet will be ignored.
2025-10-10T12:17:32,083 WARN  [main] [org.nuxeo.ecm.core.io.impl.AbstractDocumentModelWriter] The document Money Bank Student Loan with id=a2e62823-c6c8-4eb3-9500-0b2ef392f9b7 and type=DocumentTypeImpl(BCContract) contains the schema 'bctrashmgt', which is not registered as available in the schemaManager. This schema will be ignored.
2025-10-10T12:17:32,298 WARN  [main] [org.nuxeo.ecm.core.io.impl.AbstractDocumentModelWriter] The document Beyond Space - Website S with id=ce72e75e-9a67-4cd3-bdd5-dfb9a499735c and type=BCContract contains the facet 'BCTrashMgt', which is not registered as available in the schemaManager. This facet will be ignored.
2025-10-10T12:17:32,299 WARN  [main] [org.nuxeo.ecm.core.io.impl.AbstractDocumentModelWriter] The document Beyond Space - Website S with id=ce72e75e-9a67-4cd3-bdd5-dfb9a499735c and type=DocumentTypeImpl(BCContract) contains the schema 'bctrashmgt', which is not registered as available in the schemaManager. This schema will be ignored.
2025-10-10T12:17:32,353 WARN  [main] [org.nuxeo.ecm.core.io.impl.AbstractDocumentModelWriter] The document Beyond Space - Website c with id=51b4733f-fe56-4137-89da-92307043c73e and type=BCContract contains the facet 'BCTrashMgt', which is not registered as available in the schemaManager. This facet will be ignored.
2025-10-10T12:17:32,354 WARN  [main] [org.nuxeo.ecm.core.io.impl.AbstractDocumentModelWriter] The document Beyond Space - Website c with id=51b4733f-fe56-4137-89da-92307043c73e and type=DocumentTypeImpl(BCContract) contains the schema 'bctrashmgt', which is not registered as available in the schemaManager. This schema will be ignored.
2025-10-10T12:17:32,581 WARN  [main] [org.nuxeo.ecm.core.io.impl.AbstractDocumentModelWriter] The document Empty Venue Location with id=a884e3b6-1a5b-401a-b0c0-fca20ae5c74a and type=BCContract contains the facet 'BCTrashMgt', which is not registered as available in the schemaManager. This facet will be ignored.
2025-10-10T12:17:32,583 WARN  [main] [org.nuxeo.ecm.core.io.impl.AbstractDocumentModelWriter] The document Empty Venue Location with id=a884e3b6-1a5b-401a-b0c0-fca20ae5c74a and type=DocumentTypeImpl(BCContract) contains the schema 'bctrashmgt', which is not registered as available in the schemaManager. This schema will be ignored.
2025-10-10T12:17:32,644 WARN  [main] [org.nuxeo.ecm.core.io.impl.AbstractDocumentModelWriter] The document Venue, Equipment and Per with id=e8bf192a-1e30-4fe1-929e-e23894f43911 and type=BCContract contains the facet 'BCTrashMgt', which is not registered as available in the schemaManager. This facet will be ignored.
2025-10-10T12:17:32,646 WARN  [main] [org.nuxeo.ecm.core.io.impl.AbstractDocumentModelWriter] The document Venue, Equipment and Per with id=e8bf192a-1e30-4fe1-929e-e23894f43911 and type=DocumentTypeImpl(BCContract) contains the schema 'bctrashmgt', which is not registered as available in the schemaManager. This schema will be ignored.
2025-10-10T12:17:33,593 INFO  [main] [org.nuxeo.runtime.osgi.OSGiRuntimeService] Nuxeo Platform Started
======================================================================
= Component Loading Status: Pending: 0 / Missing: 0 / Unstarted: 0 / Total: 772
======================================================================
2025-10-10T12:17:38,836 INFO  [main] [javax.enterprise.resource.webcontainer.jsf.application] jsf.core.injection.provider_generic_web_configured
2025-10-10T12:22:17,325 WARN  [http-nio-0.0.0.0-8080-exec-4] [org.nuxeo.ecm.user.center.profile.localeProvider.UserLocaleSelectorListener] Locale Startup not available. Can't set locale
2025-10-10T12:22:23,757 WARN  [http-nio-0.0.0.0-8080-exec-10] [org.nuxeo.ecm.automation.core.trace.Trace] 

****** chain ******
Name: RunInputScript
Exception: OperationException
Caught error: Failed to invoke operation RunInputScript with aliases [Context.RunInputScript]
Caused by: org.nuxeo.ecm.automation.OperationException: Failed to invoke operation RunInputScript with aliases [Context.RunInputScript]
****** Hierarchy calls ******
	org.nuxeo.ecm.automation.core.operations.RunInputScript

2025-10-10T12:22:23,762 ERROR [http-nio-0.0.0.0-8080-exec-10] [org.nuxeo.ecm.webengine.app.WebEngineExceptionMapper] org.nuxeo.ecm.core.api.NuxeoException: Failed to invoke operation: RunInputScript
org.nuxeo.ecm.core.api.NuxeoException: Failed to invoke operation: RunInputScript
	at org.nuxeo.ecm.automation.server.jaxrs.ExecutableResource.doPost(ExecutableResource.java:87) ~[nuxeo-automation-server-10.10.jar:?]
	at sun.reflect.NativeMethodAccessorImpl.invoke0(Native Method) ~[?:1.8.0_302]
	at sun.reflect.NativeMethodAccessorImpl.invoke(NativeMethodAccessorImpl.java:62) ~[?:1.8.0_302]
	at sun.reflect.DelegatingMethodAccessorImpl.invoke(DelegatingMethodAccessorImpl.java:43) ~[?:1.8.0_302]
	at java.lang.reflect.Method.invoke(Method.java:498) ~[?:1.8.0_302]
	at com.sun.jersey.spi.container.JavaMethodInvokerFactory$1.invoke(JavaMethodInvokerFactory.java:60) ~[jersey-server-1.19.4.jar:1.19.4]
	at com.sun.jersey.server.impl.model.method.dispatch.AbstractResourceMethodDispatchProvider$ObjectOutInvoker._dispatch(AbstractResourceMethodDispatchProvider.java:258) ~[jersey-server-1.19.4.jar:1.19.4]
	at com.sun.jersey.server.impl.model.method.dispatch.ResourceJavaMethodDispatcher.dispatch(ResourceJavaMethodDispatcher.java:75) ~[jersey-server-1.19.4.jar:1.19.4]
	at com.sun.jersey.server.impl.uri.rules.HttpMethodRule.accept(HttpMethodRule.java:302) ~[jersey-server-1.19.4.jar:1.19.4]
	at com.sun.jersey.server.impl.uri.rules.SubLocatorRule.accept(SubLocatorRule.java:137) ~[jersey-server-1.19.4.jar:1.19.4]
	at com.sun.jersey.server.impl.uri.rules.RightHandPathRule.accept(RightHandPathRule.java:147) ~[jersey-server-1.19.4.jar:1.19.4]
	at com.sun.jersey.server.impl.uri.rules.SubLocatorRule.accept(SubLocatorRule.java:137) ~[jersey-server-1.19.4.jar:1.19.4]
	at com.sun.jersey.server.impl.uri.rules.RightHandPathRule.accept(RightHandPathRule.java:147) ~[jersey-server-1.19.4.jar:1.19.4]
	at com.sun.jersey.server.impl.uri.rules.ResourceClassRule.accept(ResourceClassRule.java:108) ~[jersey-server-1.19.4.jar:1.19.4]
	at com.sun.jersey.server.impl.uri.rules.RightHandPathRule.accept(RightHandPathRule.java:147) ~[jersey-server-1.19.4.jar:1.19.4]
	at com.sun.jersey.server.impl.uri.rules.RootResourceClassesRule.accept(RootResourceClassesRule.java:84) ~[jersey-server-1.19.4.jar:1.19.4]
	at com.sun.jersey.server.impl.application.WebApplicationImpl._handleRequest(WebApplicationImpl.java:1542) ~[jersey-server-1.19.4.jar:1.19.4]
	at com.sun.jersey.server.impl.application.WebApplicationImpl._handleRequest(WebApplicationImpl.java:1473) [jersey-server-1.19.4.jar:1.19.4]
	at com.sun.jersey.server.impl.application.WebApplicationImpl.handleRequest(WebApplicationImpl.java:1419) [jersey-server-1.19.4.jar:1.19.4]
	at com.sun.jersey.server.impl.application.WebApplicationImpl.handleRequest(WebApplicationImpl.java:1409) [jersey-server-1.19.4.jar:1.19.4]
	at com.sun.jersey.spi.container.servlet.WebComponent.service(WebComponent.java:409) [jersey-servlet-1.19.4.jar:1.19.4]
	at com.sun.jersey.spi.container.servlet.ServletContainer.service(ServletContainer.java:558) [jersey-servlet-1.19.4.jar:1.19.4]
	at com.sun.jersey.spi.container.servlet.ServletContainer.service(ServletContainer.java:733) [jersey-servlet-1.19.4.jar:1.19.4]
	at org.nuxeo.ecm.webengine.app.jersey.WebEngineServlet.containerService(WebEngineServlet.java:72) [nuxeo-webengine-core-10.10.jar:?]
	at org.nuxeo.ecm.webengine.app.jersey.WebEngineServlet.service(WebEngineServlet.java:56) [nuxeo-webengine-core-10.10.jar:?]
	at javax.servlet.http.HttpServlet.service(HttpServlet.java:741) [servlet-api.jar:?]
	at org.apache.catalina.core.ApplicationFilterChain.internalDoFilter(ApplicationFilterChain.java:231) [catalina.jar:9.0.14]
	at org.apache.catalina.core.ApplicationFilterChain.doFilter(ApplicationFilterChain.java:166) [catalina.jar:9.0.14]
	at org.apache.tomcat.websocket.server.WsFilter.doFilter(WsFilter.java:53) [tomcat-websocket.jar:9.0.14]
	at org.apache.catalina.core.ApplicationFilterChain.internalDoFilter(ApplicationFilterChain.java:193) [catalina.jar:9.0.14]
	at org.apache.catalina.core.ApplicationFilterChain.doFilter(ApplicationFilterChain.java:166) [catalina.jar:9.0.14]
	at org.nuxeo.elasticsearch.ElasticSearchFilter.doFilter(ElasticSearchFilter.java:55) [nuxeo-elasticsearch-core-10.10.jar:?]
	at org.apache.catalina.core.ApplicationFilterChain.internalDoFilter(ApplicationFilterChain.java:193) [catalina.jar:9.0.14]
	at org.apache.catalina.core.ApplicationFilterChain.doFilter(ApplicationFilterChain.java:166) [catalina.jar:9.0.14]
	at org.nuxeo.ecm.webengine.jaxrs.session.SessionCleanupFilter.run(SessionCleanupFilter.java:50) [nuxeo-webengine-jaxrs-10.10.jar:?]
	at org.nuxeo.ecm.webengine.jaxrs.HttpFilter.doFilter(HttpFilter.java:49) [nuxeo-webengine-jaxrs-10.10.jar:?]
	at org.apache.catalina.core.ApplicationFilterChain.internalDoFilter(ApplicationFilterChain.java:193) [catalina.jar:9.0.14]
	at org.apache.catalina.core.ApplicationFilterChain.doFilter(ApplicationFilterChain.java:166) [catalina.jar:9.0.14]
	at org.nuxeo.ecm.webengine.app.WebContextFilter.doFilter(WebContextFilter.java:56) [nuxeo-webengine-core-10.10.jar:?]
	at org.apache.catalina.core.ApplicationFilterChain.internalDoFilter(ApplicationFilterChain.java:193) [catalina.jar:9.0.14]
	at org.apache.catalina.core.ApplicationFilterChain.doFilter(ApplicationFilterChain.java:166) [catalina.jar:9.0.14]
	at org.nuxeo.ecm.webengine.jaxrs.context.RequestContextFilter.run(RequestContextFilter.java:48) [nuxeo-webengine-jaxrs-10.10.jar:?]
	at org.nuxeo.ecm.webengine.jaxrs.HttpFilter.doFilter(HttpFilter.java:49) [nuxeo-webengine-jaxrs-10.10.jar:?]
	at org.apache.catalina.core.ApplicationFilterChain.internalDoFilter(ApplicationFilterChain.java:193) [catalina.jar:9.0.14]
	at org.apache.catalina.core.ApplicationFilterChain.doFilter(ApplicationFilterChain.java:166) [catalina.jar:9.0.14]
	at org.nuxeo.ecm.webengine.app.HeaderFixFilter.run(HeaderFixFilter.java:62) [nuxeo-webengine-core-10.10.jar:?]
	at org.nuxeo.ecm.webengine.jaxrs.HttpFilter.doFilter(HttpFilter.java:49) [nuxeo-webengine-jaxrs-10.10.jar:?]
	at org.apache.catalina.core.ApplicationFilterChain.internalDoFilter(ApplicationFilterChain.java:193) [catalina.jar:9.0.14]
	at org.apache.catalina.core.ApplicationFilterChain.doFilter(ApplicationFilterChain.java:166) [catalina.jar:9.0.14]
	at org.nuxeo.ecm.core.management.jtajca.internal.Log4jWebFilter.doFilter(Log4jWebFilter.java:69) [nuxeo-core-management-jtajca-10.10.jar:?]
	at org.apache.catalina.core.ApplicationFilterChain.internalDoFilter(ApplicationFilterChain.java:193) [catalina.jar:9.0.14]
	at org.apache.catalina.core.ApplicationFilterChain.doFilter(ApplicationFilterChain.java:166) [catalina.jar:9.0.14]
	at org.nuxeo.ecm.platform.web.common.requestcontroller.filter.NuxeoRequestControllerFilter.doFilter(NuxeoRequestControllerFilter.java:134) [nuxeo-platform-web-common-10.10.jar:?]
	at org.apache.catalina.core.ApplicationFilterChain.internalDoFilter(ApplicationFilterChain.java:193) [catalina.jar:9.0.14]
	at org.apache.catalina.core.ApplicationFilterChain.doFilter(ApplicationFilterChain.java:166) [catalina.jar:9.0.14]
	at org.nuxeo.ecm.platform.ui.web.auth.NuxeoAuthenticationFilter.doFilterInternal(NuxeoAuthenticationFilter.java:633) [nuxeo-platform-web-common-10.10.jar:?]
	at org.nuxeo.ecm.platform.ui.web.auth.NuxeoAuthenticationFilter.doFilter(NuxeoAuthenticationFilter.java:429) [nuxeo-platform-web-common-10.10.jar:?]
	at org.apache.catalina.core.ApplicationFilterChain.internalDoFilter(ApplicationFilterChain.java:193) [catalina.jar:9.0.14]
	at org.apache.catalina.core.ApplicationFilterChain.doFilter(ApplicationFilterChain.java:166) [catalina.jar:9.0.14]
	at org.nuxeo.ecm.platform.web.common.exceptionhandling.NuxeoExceptionFilter.doFilter(NuxeoExceptionFilter.java:67) [nuxeo-platform-web-common-10.10.jar:?]
	at org.apache.catalina.core.ApplicationFilterChain.internalDoFilter(ApplicationFilterChain.java:193) [catalina.jar:9.0.14]
	at org.apache.catalina.core.ApplicationFilterChain.doFilter(ApplicationFilterChain.java:166) [catalina.jar:9.0.14]
	at org.nuxeo.ecm.platform.web.common.encoding.NuxeoEncodingFilter.doFilter(NuxeoEncodingFilter.java:64) [nuxeo-platform-web-common-10.10.jar:?]
	at org.apache.catalina.core.ApplicationFilterChain.internalDoFilter(ApplicationFilterChain.java:193) [catalina.jar:9.0.14]
	at org.apache.catalina.core.ApplicationFilterChain.doFilter(ApplicationFilterChain.java:166) [catalina.jar:9.0.14]
	at org.apache.catalina.core.ApplicationDispatcher.invoke(ApplicationDispatcher.java:712) [catalina.jar:9.0.14]
	at org.apache.catalina.core.ApplicationDispatcher.processRequest(ApplicationDispatcher.java:459) [catalina.jar:9.0.14]
	at org.apache.catalina.core.ApplicationDispatcher.doForward(ApplicationDispatcher.java:384) [catalina.jar:9.0.14]
	at org.apache.catalina.core.ApplicationDispatcher.forward(ApplicationDispatcher.java:312) [catalina.jar:9.0.14]
	at org.nuxeo.ecm.restapi.server.APIServlet.service(APIServlet.java:50) [nuxeo-rest-api-server-10.10.jar:?]
	at javax.servlet.http.HttpServlet.service(HttpServlet.java:741) [servlet-api.jar:?]
	at org.apache.catalina.core.ApplicationFilterChain.internalDoFilter(ApplicationFilterChain.java:231) [catalina.jar:9.0.14]
	at org.apache.catalina.core.ApplicationFilterChain.doFilter(ApplicationFilterChain.java:166) [catalina.jar:9.0.14]
	at org.apache.tomcat.websocket.server.WsFilter.doFilter(WsFilter.java:53) [tomcat-websocket.jar:9.0.14]
	at org.apache.catalina.core.ApplicationFilterChain.internalDoFilter(ApplicationFilterChain.java:193) [catalina.jar:9.0.14]
	at org.apache.catalina.core.ApplicationFilterChain.doFilter(ApplicationFilterChain.java:166) [catalina.jar:9.0.14]
	at org.nuxeo.elasticsearch.ElasticSearchFilter.doFilter(ElasticSearchFilter.java:55) [nuxeo-elasticsearch-core-10.10.jar:?]
	at org.apache.catalina.core.ApplicationFilterChain.internalDoFilter(ApplicationFilterChain.java:193) [catalina.jar:9.0.14]
	at org.apache.catalina.core.ApplicationFilterChain.doFilter(ApplicationFilterChain.java:166) [catalina.jar:9.0.14]
	at org.nuxeo.ecm.platform.web.common.requestcontroller.filter.NuxeoThreadTrackerFilter.doFilter(NuxeoThreadTrackerFilter.java:43) [nuxeo-platform-web-common-10.10.jar:?]
	at org.apache.catalina.core.ApplicationFilterChain.internalDoFilter(ApplicationFilterChain.java:193) [catalina.jar:9.0.14]
	at org.apache.catalina.core.ApplicationFilterChain.doFilter(ApplicationFilterChain.java:166) [catalina.jar:9.0.14]
	at org.nuxeo.ecm.platform.web.common.requestcontroller.filter.NuxeoStandbyFilter.doFilter(NuxeoStandbyFilter.java:67) [nuxeo-platform-web-common-10.10.jar:?]
	at org.apache.catalina.core.ApplicationFilterChain.internalDoFilter(ApplicationFilterChain.java:193) [catalina.jar:9.0.14]
	at org.apache.catalina.core.ApplicationFilterChain.doFilter(ApplicationFilterChain.java:166) [catalina.jar:9.0.14]
	at org.nuxeo.ecm.core.management.jtajca.internal.Log4jWebFilter.doFilter(Log4jWebFilter.java:69) [nuxeo-core-management-jtajca-10.10.jar:?]
	at org.apache.catalina.core.ApplicationFilterChain.internalDoFilter(ApplicationFilterChain.java:193) [catalina.jar:9.0.14]
	at org.apache.catalina.core.ApplicationFilterChain.doFilter(ApplicationFilterChain.java:166) [catalina.jar:9.0.14]
	at org.nuxeo.ecm.platform.ui.web.rest.FancyURLFilter.doFilter(FancyURLFilter.java:120) [nuxeo-platform-ui-web-10.10.jar:?]
	at org.apache.catalina.core.ApplicationFilterChain.internalDoFilter(ApplicationFilterChain.java:193) [catalina.jar:9.0.14]
	at org.apache.catalina.core.ApplicationFilterChain.doFilter(ApplicationFilterChain.java:166) [catalina.jar:9.0.14]
	at org.nuxeo.ecm.platform.web.common.requestcontroller.filter.NuxeoRequestControllerFilter.doFilter(NuxeoRequestControllerFilter.java:134) [nuxeo-platform-web-common-10.10.jar:?]
	at org.apache.catalina.core.ApplicationFilterChain.internalDoFilter(ApplicationFilterChain.java:193) [catalina.jar:9.0.14]
	at org.apache.catalina.core.ApplicationFilterChain.doFilter(ApplicationFilterChain.java:166) [catalina.jar:9.0.14]
	at com.thetransactioncompany.cors.CORSFilter.doFilter(CORSFilter.java:209) [cors-filter-2.6.jar:2.6]
	at com.thetransactioncompany.cors.CORSFilter.doFilter(CORSFilter.java:244) [cors-filter-2.6.jar:2.6]
	at org.nuxeo.ecm.platform.web.common.requestcontroller.filter.NuxeoCorsCsrfFilter.doFilter(NuxeoCorsCsrfFilter.java:258) [nuxeo-platform-web-common-10.10.jar:?]
	at org.apache.catalina.core.ApplicationFilterChain.internalDoFilter(ApplicationFilterChain.java:193) [catalina.jar:9.0.14]
	at org.apache.catalina.core.ApplicationFilterChain.doFilter(ApplicationFilterChain.java:166) [catalina.jar:9.0.14]
	at org.nuxeo.ecm.platform.web.common.exceptionhandling.NuxeoExceptionFilter.doFilter(NuxeoExceptionFilter.java:67) [nuxeo-platform-web-common-10.10.jar:?]
	at org.apache.catalina.core.ApplicationFilterChain.internalDoFilter(ApplicationFilterChain.java:193) [catalina.jar:9.0.14]
	at org.apache.catalina.core.ApplicationFilterChain.doFilter(ApplicationFilterChain.java:166) [catalina.jar:9.0.14]
	at org.nuxeo.ecm.platform.web.common.encoding.NuxeoEncodingFilter.doFilter(NuxeoEncodingFilter.java:64) [nuxeo-platform-web-common-10.10.jar:?]
	at org.apache.catalina.core.ApplicationFilterChain.internalDoFilter(ApplicationFilterChain.java:193) [catalina.jar:9.0.14]
	at org.apache.catalina.core.ApplicationFilterChain.doFilter(ApplicationFilterChain.java:166) [catalina.jar:9.0.14]
	at org.apache.catalina.core.StandardWrapperValve.invoke(StandardWrapperValve.java:199) [catalina.jar:9.0.14]
	at org.apache.catalina.core.StandardContextValve.invoke(StandardContextValve.java:96) [catalina.jar:9.0.14]
	at org.apache.catalina.authenticator.AuthenticatorBase.invoke(AuthenticatorBase.java:490) [catalina.jar:9.0.14]
	at org.apache.catalina.valves.rewrite.RewriteValve.invoke(RewriteValve.java:276) [catalina.jar:9.0.14]
	at org.apache.catalina.core.StandardHostValve.invoke(StandardHostValve.java:139) [catalina.jar:9.0.14]
	at org.apache.catalina.valves.ErrorReportValve.invoke(ErrorReportValve.java:92) [catalina.jar:9.0.14]
	at org.apache.catalina.valves.AbstractAccessLogValve.invoke(AbstractAccessLogValve.java:668) [catalina.jar:9.0.14]
	at org.apache.catalina.core.StandardEngineValve.invoke(StandardEngineValve.java:74) [catalina.jar:9.0.14]
	at org.apache.catalina.connector.CoyoteAdapter.service(CoyoteAdapter.java:343) [catalina.jar:9.0.14]
	at org.apache.coyote.http11.Http11Processor.service(Http11Processor.java:408) [tomcat-coyote.jar:9.0.14]
	at org.apache.coyote.AbstractProcessorLight.process(AbstractProcessorLight.java:66) [tomcat-coyote.jar:9.0.14]
	at org.apache.coyote.AbstractProtocol$ConnectionHandler.process(AbstractProtocol.java:834) [tomcat-coyote.jar:9.0.14]
	at org.apache.tomcat.util.net.NioEndpoint$SocketProcessor.doRun(NioEndpoint.java:1417) [tomcat-coyote.jar:9.0.14]
	at org.apache.tomcat.util.net.SocketProcessorBase.run(SocketProcessorBase.java:49) [tomcat-coyote.jar:9.0.14]
	at java.util.concurrent.ThreadPoolExecutor.runWorker(ThreadPoolExecutor.java:1149) [?:1.8.0_302]
	at java.util.concurrent.ThreadPoolExecutor$Worker.run(ThreadPoolExecutor.java:624) [?:1.8.0_302]
	at org.apache.tomcat.util.threads.TaskThread$WrappingRunnable.run(TaskThread.java:61) [tomcat-util.jar:9.0.14]
	at java.lang.Thread.run(Thread.java:748) [?:1.8.0_302]
Caused by: org.nuxeo.ecm.automation.OperationException: Failed to invoke operation RunInputScript with aliases [Context.RunInputScript]
	at org.nuxeo.ecm.automation.core.impl.InvokableMethod.invoke(InvokableMethod.java:189) ~[nuxeo-automation-core-10.10.jar:?]
	at org.nuxeo.ecm.automation.core.impl.OperationChainCompiler$OperationMethod.invoke(OperationChainCompiler.java:151) ~[nuxeo-automation-core-10.10.jar:?]
	at org.nuxeo.ecm.automation.core.impl.OperationChainCompiler$CompiledChainImpl.lambda$invoke$0(OperationChainCompiler.java:218) ~[nuxeo-automation-core-10.10.jar:?]
	at org.nuxeo.ecm.automation.OperationContext.call(OperationContext.java:326) ~[nuxeo-automation-core-10.10.jar:?]
	at org.nuxeo.ecm.automation.OperationContext.callWithChainParameters(OperationContext.java:291) ~[nuxeo-automation-core-10.10.jar:?]
	at org.nuxeo.ecm.automation.core.impl.OperationChainCompiler$CompiledChainImpl.invoke(OperationChainCompiler.java:215) ~[nuxeo-automation-core-10.10.jar:?]
	at org.nuxeo.ecm.automation.core.impl.OperationServiceImpl.run(OperationServiceImpl.java:115) ~[nuxeo-automation-core-10.10.jar:?]
	at org.nuxeo.ecm.automation.core.impl.OperationServiceImpl.lambda$run$0(OperationServiceImpl.java:105) ~[nuxeo-automation-core-10.10.jar:?]
	at org.nuxeo.ecm.automation.OperationContext.call(OperationContext.java:326) ~[nuxeo-automation-core-10.10.jar:?]
	at org.nuxeo.ecm.automation.OperationContext.callWithChainParameters(OperationContext.java:291) ~[nuxeo-automation-core-10.10.jar:?]
	at org.nuxeo.ecm.automation.core.impl.OperationServiceImpl.run(OperationServiceImpl.java:105) ~[nuxeo-automation-core-10.10.jar:?]
	at org.nuxeo.ecm.automation.server.jaxrs.OperationResource.execute(OperationResource.java:58) ~[nuxeo-automation-server-10.10.jar:?]
	at org.nuxeo.ecm.automation.server.jaxrs.ExecutableResource.doPost(ExecutableResource.java:70) ~[nuxeo-automation-server-10.10.jar:?]
	... 122 more
	Suppressed: java.lang.Throwable: 

****** chain ******
Name: RunInputScript
Exception: OperationException
Caught error: Failed to invoke operation RunInputScript with aliases [Context.RunInputScript]
Caused by: org.nuxeo.ecm.automation.OperationException: Failed to invoke operation RunInputScript with aliases [Context.RunInputScript]
****** Hierarchy calls ******
	org.nuxeo.ecm.automation.core.operations.RunInputScript

		at org.nuxeo.ecm.automation.core.trace.TracerFactory.onTrace(TracerFactory.java:198) ~[nuxeo-automation-core-10.10.jar:?]
		at org.nuxeo.ecm.automation.core.trace.Tracer.popContext(Tracer.java:73) ~[nuxeo-automation-core-10.10.jar:?]
		at org.nuxeo.ecm.automation.core.trace.Tracer.onChainExit(Tracer.java:86) ~[nuxeo-automation-core-10.10.jar:?]
		at org.nuxeo.ecm.automation.core.impl.OperationChainCompiler$CompiledChainImpl.lambda$invoke$0(OperationChainCompiler.java:227) ~[nuxeo-automation-core-10.10.jar:?]
		at org.nuxeo.ecm.automation.OperationContext.call(OperationContext.java:326) ~[nuxeo-automation-core-10.10.jar:?]
		at org.nuxeo.ecm.automation.OperationContext.callWithChainParameters(OperationContext.java:291) ~[nuxeo-automation-core-10.10.jar:?]
		at org.nuxeo.ecm.automation.core.impl.OperationChainCompiler$CompiledChainImpl.invoke(OperationChainCompiler.java:215) ~[nuxeo-automation-core-10.10.jar:?]
		at org.nuxeo.ecm.automation.core.impl.OperationServiceImpl.run(OperationServiceImpl.java:115) ~[nuxeo-automation-core-10.10.jar:?]
		at org.nuxeo.ecm.automation.core.impl.OperationServiceImpl.lambda$run$0(OperationServiceImpl.java:105) ~[nuxeo-automation-core-10.10.jar:?]
		at org.nuxeo.ecm.automation.OperationContext.call(OperationContext.java:326) ~[nuxeo-automation-core-10.10.jar:?]
		at org.nuxeo.ecm.automation.OperationContext.callWithChainParameters(OperationContext.java:291) ~[nuxeo-automation-core-10.10.jar:?]
		at org.nuxeo.ecm.automation.core.impl.OperationServiceImpl.run(OperationServiceImpl.java:105) ~[nuxeo-automation-core-10.10.jar:?]
		at org.nuxeo.ecm.automation.server.jaxrs.OperationResource.execute(OperationResource.java:58) ~[nuxeo-automation-server-10.10.jar:?]
		at org.nuxeo.ecm.automation.server.jaxrs.ExecutableResource.doPost(ExecutableResource.java:70) ~[nuxeo-automation-server-10.10.jar:?]
		at sun.reflect.NativeMethodAccessorImpl.invoke0(Native Method) ~[?:1.8.0_302]
		at sun.reflect.NativeMethodAccessorImpl.invoke(NativeMethodAccessorImpl.java:62) ~[?:1.8.0_302]
		at sun.reflect.DelegatingMethodAccessorImpl.invoke(DelegatingMethodAccessorImpl.java:43) ~[?:1.8.0_302]
		at java.lang.reflect.Method.invoke(Method.java:498) ~[?:1.8.0_302]
		at com.sun.jersey.spi.container.JavaMethodInvokerFactory$1.invoke(JavaMethodInvokerFactory.java:60) ~[jersey-server-1.19.4.jar:1.19.4]
		at com.sun.jersey.server.impl.model.method.dispatch.AbstractResourceMethodDispatchProvider$ObjectOutInvoker._dispatch(AbstractResourceMethodDispatchProvider.java:258) ~[jersey-server-1.19.4.jar:1.19.4]
		at com.sun.jersey.server.impl.model.method.dispatch.ResourceJavaMethodDispatcher.dispatch(ResourceJavaMethodDispatcher.java:75) ~[jersey-server-1.19.4.jar:1.19.4]
		at com.sun.jersey.server.impl.uri.rules.HttpMethodRule.accept(HttpMethodRule.java:302) ~[jersey-server-1.19.4.jar:1.19.4]
		at com.sun.jersey.server.impl.uri.rules.SubLocatorRule.accept(SubLocatorRule.java:137) ~[jersey-server-1.19.4.jar:1.19.4]
		at com.sun.jersey.server.impl.uri.rules.RightHandPathRule.accept(RightHandPathRule.java:147) ~[jersey-server-1.19.4.jar:1.19.4]
		at com.sun.jersey.server.impl.uri.rules.SubLocatorRule.accept(SubLocatorRule.java:137) ~[jersey-server-1.19.4.jar:1.19.4]
		at com.sun.jersey.server.impl.uri.rules.RightHandPathRule.accept(RightHandPathRule.java:147) ~[jersey-server-1.19.4.jar:1.19.4]
		at com.sun.jersey.server.impl.uri.rules.ResourceClassRule.accept(ResourceClassRule.java:108) ~[jersey-server-1.19.4.jar:1.19.4]
		at com.sun.jersey.server.impl.uri.rules.RightHandPathRule.accept(RightHandPathRule.java:147) ~[jersey-server-1.19.4.jar:1.19.4]
		at com.sun.jersey.server.impl.uri.rules.RootResourceClassesRule.accept(RootResourceClassesRule.java:84) ~[jersey-server-1.19.4.jar:1.19.4]
		at com.sun.jersey.server.impl.application.WebApplicationImpl._handleRequest(WebApplicationImpl.java:1542) ~[jersey-server-1.19.4.jar:1.19.4]
		at com.sun.jersey.server.impl.application.WebApplicationImpl._handleRequest(WebApplicationImpl.java:1473) [jersey-server-1.19.4.jar:1.19.4]
		at com.sun.jersey.server.impl.application.WebApplicationImpl.handleRequest(WebApplicationImpl.java:1419) [jersey-server-1.19.4.jar:1.19.4]
		at com.sun.jersey.server.impl.application.WebApplicationImpl.handleRequest(WebApplicationImpl.java:1409) [jersey-server-1.19.4.jar:1.19.4]
		at com.sun.jersey.spi.container.servlet.WebComponent.service(WebComponent.java:409) [jersey-servlet-1.19.4.jar:1.19.4]
		at com.sun.jersey.spi.container.servlet.ServletContainer.service(ServletContainer.java:558) [jersey-servlet-1.19.4.jar:1.19.4]
		at com.sun.jersey.spi.container.servlet.ServletContainer.service(ServletContainer.java:733) [jersey-servlet-1.19.4.jar:1.19.4]
		at org.nuxeo.ecm.webengine.app.jersey.WebEngineServlet.containerService(WebEngineServlet.java:72) [nuxeo-webengine-core-10.10.jar:?]
		at org.nuxeo.ecm.webengine.app.jersey.WebEngineServlet.service(WebEngineServlet.java:56) [nuxeo-webengine-core-10.10.jar:?]
		at javax.servlet.http.HttpServlet.service(HttpServlet.java:741) [servlet-api.jar:?]
		at org.apache.catalina.core.ApplicationFilterChain.internalDoFilter(ApplicationFilterChain.java:231) [catalina.jar:9.0.14]
		at org.apache.catalina.core.ApplicationFilterChain.doFilter(ApplicationFilterChain.java:166) [catalina.jar:9.0.14]
		at org.apache.tomcat.websocket.server.WsFilter.doFilter(WsFilter.java:53) [tomcat-websocket.jar:9.0.14]
		at org.apache.catalina.core.ApplicationFilterChain.internalDoFilter(ApplicationFilterChain.java:193) [catalina.jar:9.0.14]
		at org.apache.catalina.core.ApplicationFilterChain.doFilter(ApplicationFilterChain.java:166) [catalina.jar:9.0.14]
		at org.nuxeo.elasticsearch.ElasticSearchFilter.doFilter(ElasticSearchFilter.java:55) [nuxeo-elasticsearch-core-10.10.jar:?]
		at org.apache.catalina.core.ApplicationFilterChain.internalDoFilter(ApplicationFilterChain.java:193) [catalina.jar:9.0.14]
		at org.apache.catalina.core.ApplicationFilterChain.doFilter(ApplicationFilterChain.java:166) [catalina.jar:9.0.14]
		at org.nuxeo.ecm.webengine.jaxrs.session.SessionCleanupFilter.run(SessionCleanupFilter.java:50) [nuxeo-webengine-jaxrs-10.10.jar:?]
		at org.nuxeo.ecm.webengine.jaxrs.HttpFilter.doFilter(HttpFilter.java:49) [nuxeo-webengine-jaxrs-10.10.jar:?]
		at org.apache.catalina.core.ApplicationFilterChain.internalDoFilter(ApplicationFilterChain.java:193) [catalina.jar:9.0.14]
		at org.apache.catalina.core.ApplicationFilterChain.doFilter(ApplicationFilterChain.java:166) [catalina.jar:9.0.14]
		at org.nuxeo.ecm.webengine.app.WebContextFilter.doFilter(WebContextFilter.java:56) [nuxeo-webengine-core-10.10.jar:?]
		at org.apache.catalina.core.ApplicationFilterChain.internalDoFilter(ApplicationFilterChain.java:193) [catalina.jar:9.0.14]
		at org.apache.catalina.core.ApplicationFilterChain.doFilter(ApplicationFilterChain.java:166) [catalina.jar:9.0.14]
		at org.nuxeo.ecm.webengine.jaxrs.context.RequestContextFilter.run(RequestContextFilter.java:48) [nuxeo-webengine-jaxrs-10.10.jar:?]
		at org.nuxeo.ecm.webengine.jaxrs.HttpFilter.doFilter(HttpFilter.java:49) [nuxeo-webengine-jaxrs-10.10.jar:?]
		at org.apache.catalina.core.ApplicationFilterChain.internalDoFilter(ApplicationFilterChain.java:193) [catalina.jar:9.0.14]
		at org.apache.catalina.core.ApplicationFilterChain.doFilter(ApplicationFilterChain.java:166) [catalina.jar:9.0.14]
		at org.nuxeo.ecm.webengine.app.HeaderFixFilter.run(HeaderFixFilter.java:62) [nuxeo-webengine-core-10.10.jar:?]
		at org.nuxeo.ecm.webengine.jaxrs.HttpFilter.doFilter(HttpFilter.java:49) [nuxeo-webengine-jaxrs-10.10.jar:?]
		at org.apache.catalina.core.ApplicationFilterChain.internalDoFilter(ApplicationFilterChain.java:193) [catalina.jar:9.0.14]
		at org.apache.catalina.core.ApplicationFilterChain.doFilter(ApplicationFilterChain.java:166) [catalina.jar:9.0.14]
		at org.nuxeo.ecm.core.management.jtajca.internal.Log4jWebFilter.doFilter(Log4jWebFilter.java:69) [nuxeo-core-management-jtajca-10.10.jar:?]
		at org.apache.catalina.core.ApplicationFilterChain.internalDoFilter(ApplicationFilterChain.java:193) [catalina.jar:9.0.14]
		at org.apache.catalina.core.ApplicationFilterChain.doFilter(ApplicationFilterChain.java:166) [catalina.jar:9.0.14]
		at org.nuxeo.ecm.platform.web.common.requestcontroller.filter.NuxeoRequestControllerFilter.doFilter(NuxeoRequestControllerFilter.java:134) [nuxeo-platform-web-common-10.10.jar:?]
		at org.apache.catalina.core.ApplicationFilterChain.internalDoFilter(ApplicationFilterChain.java:193) [catalina.jar:9.0.14]
		at org.apache.catalina.core.ApplicationFilterChain.doFilter(ApplicationFilterChain.java:166) [catalina.jar:9.0.14]
		at org.nuxeo.ecm.platform.ui.web.auth.NuxeoAuthenticationFilter.doFilterInternal(NuxeoAuthenticationFilter.java:633) [nuxeo-platform-web-common-10.10.jar:?]
		at org.nuxeo.ecm.platform.ui.web.auth.NuxeoAuthenticationFilter.doFilter(NuxeoAuthenticationFilter.java:429) [nuxeo-platform-web-common-10.10.jar:?]
		at org.apache.catalina.core.ApplicationFilterChain.internalDoFilter(ApplicationFilterChain.java:193) [catalina.jar:9.0.14]
		at org.apache.catalina.core.ApplicationFilterChain.doFilter(ApplicationFilterChain.java:166) [catalina.jar:9.0.14]
		at org.nuxeo.ecm.platform.web.common.exceptionhandling.NuxeoExceptionFilter.doFilter(NuxeoExceptionFilter.java:67) [nuxeo-platform-web-common-10.10.jar:?]
		at org.apache.catalina.core.ApplicationFilterChain.internalDoFilter(ApplicationFilterChain.java:193) [catalina.jar:9.0.14]
		at org.apache.catalina.core.ApplicationFilterChain.doFilter(ApplicationFilterChain.java:166) [catalina.jar:9.0.14]
		at org.nuxeo.ecm.platform.web.common.encoding.NuxeoEncodingFilter.doFilter(NuxeoEncodingFilter.java:64) [nuxeo-platform-web-common-10.10.jar:?]
		at org.apache.catalina.core.ApplicationFilterChain.internalDoFilter(ApplicationFilterChain.java:193) [catalina.jar:9.0.14]
		at org.apache.catalina.core.ApplicationFilterChain.doFilter(ApplicationFilterChain.java:166) [catalina.jar:9.0.14]
		at org.apache.catalina.core.ApplicationDispatcher.invoke(ApplicationDispatcher.java:712) [catalina.jar:9.0.14]
		at org.apache.catalina.core.ApplicationDispatcher.processRequest(ApplicationDispatcher.java:459) [catalina.jar:9.0.14]
		at org.apache.catalina.core.ApplicationDispatcher.doForward(ApplicationDispatcher.java:384) [catalina.jar:9.0.14]
		at org.apache.catalina.core.ApplicationDispatcher.forward(ApplicationDispatcher.java:312) [catalina.jar:9.0.14]
		at org.nuxeo.ecm.restapi.server.APIServlet.service(APIServlet.java:50) [nuxeo-rest-api-server-10.10.jar:?]
		at javax.servlet.http.HttpServlet.service(HttpServlet.java:741) [servlet-api.jar:?]
		at org.apache.catalina.core.ApplicationFilterChain.internalDoFilter(ApplicationFilterChain.java:231) [catalina.jar:9.0.14]
		at org.apache.catalina.core.ApplicationFilterChain.doFilter(ApplicationFilterChain.java:166) [catalina.jar:9.0.14]
		at org.apache.tomcat.websocket.server.WsFilter.doFilter(WsFilter.java:53) [tomcat-websocket.jar:9.0.14]
		at org.apache.catalina.core.ApplicationFilterChain.internalDoFilter(ApplicationFilterChain.java:193) [catalina.jar:9.0.14]
		at org.apache.catalina.core.ApplicationFilterChain.doFilter(ApplicationFilterChain.java:166) [catalina.jar:9.0.14]
		at org.nuxeo.elasticsearch.ElasticSearchFilter.doFilter(ElasticSearchFilter.java:55) [nuxeo-elasticsearch-core-10.10.jar:?]
		at org.apache.catalina.core.ApplicationFilterChain.internalDoFilter(ApplicationFilterChain.java:193) [catalina.jar:9.0.14]
		at org.apache.catalina.core.ApplicationFilterChain.doFilter(ApplicationFilterChain.java:166) [catalina.jar:9.0.14]
		at org.nuxeo.ecm.platform.web.common.requestcontroller.filter.NuxeoThreadTrackerFilter.doFilter(NuxeoThreadTrackerFilter.java:43) [nuxeo-platform-web-common-10.10.jar:?]
		at org.apache.catalina.core.ApplicationFilterChain.internalDoFilter(ApplicationFilterChain.java:193) [catalina.jar:9.0.14]
		at org.apache.catalina.core.ApplicationFilterChain.doFilter(ApplicationFilterChain.java:166) [catalina.jar:9.0.14]
		at org.nuxeo.ecm.platform.web.common.requestcontroller.filter.NuxeoStandbyFilter.doFilter(NuxeoStandbyFilter.java:67) [nuxeo-platform-web-common-10.10.jar:?]
		at org.apache.catalina.core.ApplicationFilterChain.internalDoFilter(ApplicationFilterChain.java:193) [catalina.jar:9.0.14]
		at org.apache.catalina.core.ApplicationFilterChain.doFilter(ApplicationFilterChain.java:166) [catalina.jar:9.0.14]
		at org.nuxeo.ecm.core.management.jtajca.internal.Log4jWebFilter.doFilter(Log4jWebFilter.java:69) [nuxeo-core-management-jtajca-10.10.jar:?]
		at org.apache.catalina.core.ApplicationFilterChain.internalDoFilter(ApplicationFilterChain.java:193) [catalina.jar:9.0.14]
		at org.apache.catalina.core.ApplicationFilterChain.doFilter(ApplicationFilterChain.java:166) [catalina.jar:9.0.14]
		at org.nuxeo.ecm.platform.ui.web.rest.FancyURLFilter.doFilter(FancyURLFilter.java:120) [nuxeo-platform-ui-web-10.10.jar:?]
		at org.apache.catalina.core.ApplicationFilterChain.internalDoFilter(ApplicationFilterChain.java:193) [catalina.jar:9.0.14]
		at org.apache.catalina.core.ApplicationFilterChain.doFilter(ApplicationFilterChain.java:166) [catalina.jar:9.0.14]
		at org.nuxeo.ecm.platform.web.common.requestcontroller.filter.NuxeoRequestControllerFilter.doFilter(NuxeoRequestControllerFilter.java:134) [nuxeo-platform-web-common-10.10.jar:?]
		at org.apache.catalina.core.ApplicationFilterChain.internalDoFilter(ApplicationFilterChain.java:193) [catalina.jar:9.0.14]
		at org.apache.catalina.core.ApplicationFilterChain.doFilter(ApplicationFilterChain.java:166) [catalina.jar:9.0.14]
		at com.thetransactioncompany.cors.CORSFilter.doFilter(CORSFilter.java:209) [cors-filter-2.6.jar:2.6]
		at com.thetransactioncompany.cors.CORSFilter.doFilter(CORSFilter.java:244) [cors-filter-2.6.jar:2.6]
		at org.nuxeo.ecm.platform.web.common.requestcontroller.filter.NuxeoCorsCsrfFilter.doFilter(NuxeoCorsCsrfFilter.java:258) [nuxeo-platform-web-common-10.10.jar:?]
		at org.apache.catalina.core.ApplicationFilterChain.internalDoFilter(ApplicationFilterChain.java:193) [catalina.jar:9.0.14]
		at org.apache.catalina.core.ApplicationFilterChain.doFilter(ApplicationFilterChain.java:166) [catalina.jar:9.0.14]
		at org.nuxeo.ecm.platform.web.common.exceptionhandling.NuxeoExceptionFilter.doFilter(NuxeoExceptionFilter.java:67) [nuxeo-platform-web-common-10.10.jar:?]
		at org.apache.catalina.core.ApplicationFilterChain.internalDoFilter(ApplicationFilterChain.java:193) [catalina.jar:9.0.14]
		at org.apache.catalina.core.ApplicationFilterChain.doFilter(ApplicationFilterChain.java:166) [catalina.jar:9.0.14]
		at org.nuxeo.ecm.platform.web.common.encoding.NuxeoEncodingFilter.doFilter(NuxeoEncodingFilter.java:64) [nuxeo-platform-web-common-10.10.jar:?]
		at org.apache.catalina.core.ApplicationFilterChain.internalDoFilter(ApplicationFilterChain.java:193) [catalina.jar:9.0.14]
		at org.apache.catalina.core.ApplicationFilterChain.doFilter(ApplicationFilterChain.java:166) [catalina.jar:9.0.14]
		at org.apache.catalina.core.StandardWrapperValve.invoke(StandardWrapperValve.java:199) [catalina.jar:9.0.14]
		at org.apache.catalina.core.StandardContextValve.invoke(StandardContextValve.java:96) [catalina.jar:9.0.14]
		at org.apache.catalina.authenticator.AuthenticatorBase.invoke(AuthenticatorBase.java:490) [catalina.jar:9.0.14]
		at org.apache.catalina.valves.rewrite.RewriteValve.invoke(RewriteValve.java:276) [catalina.jar:9.0.14]
		at org.apache.catalina.core.StandardHostValve.invoke(StandardHostValve.java:139) [catalina.jar:9.0.14]
		at org.apache.catalina.valves.ErrorReportValve.invoke(ErrorReportValve.java:92) [catalina.jar:9.0.14]
		at org.apache.catalina.valves.AbstractAccessLogValve.invoke(AbstractAccessLogValve.java:668) [catalina.jar:9.0.14]
		at org.apache.catalina.core.StandardEngineValve.invoke(StandardEngineValve.java:74) [catalina.jar:9.0.14]
		at org.apache.catalina.connector.CoyoteAdapter.service(CoyoteAdapter.java:343) [catalina.jar:9.0.14]
		at org.apache.coyote.http11.Http11Processor.service(Http11Processor.java:408) [tomcat-coyote.jar:9.0.14]
		at org.apache.coyote.AbstractProcessorLight.process(AbstractProcessorLight.java:66) [tomcat-coyote.jar:9.0.14]
		at org.apache.coyote.AbstractProtocol$ConnectionHandler.process(AbstractProtocol.java:834) [tomcat-coyote.jar:9.0.14]
		at org.apache.tomcat.util.net.NioEndpoint$SocketProcessor.doRun(NioEndpoint.java:1417) [tomcat-coyote.jar:9.0.14]
		at org.apache.tomcat.util.net.SocketProcessorBase.run(SocketProcessorBase.java:49) [tomcat-coyote.jar:9.0.14]
		at java.util.concurrent.ThreadPoolExecutor.runWorker(ThreadPoolExecutor.java:1149) [?:1.8.0_302]
		at java.util.concurrent.ThreadPoolExecutor$Worker.run(ThreadPoolExecutor.java:624) [?:1.8.0_302]
		at org.apache.tomcat.util.threads.TaskThread$WrappingRunnable.run(TaskThread.java:61) [tomcat-util.jar:9.0.14]
		at java.lang.Thread.run(Thread.java:748) [?:1.8.0_302]
Caused by: org.codehaus.groovy.control.MultipleCompilationErrorsException: startup failed:
script17600989435292086860178.groovy: 15: unable to resolve class org.nuxeo.connect.platform.PlatformId
 @ line 15, column 5.
       import org.nuxeo.connect.platform.PlatformId
       ^

1 error

	at org.codehaus.groovy.control.ErrorCollector.failIfErrors(ErrorCollector.java:310) ~[groovy-all-2.4.12.jar:2.4.12]
	at org.codehaus.groovy.control.CompilationUnit.applyToSourceUnits(CompilationUnit.java:958) ~[groovy-all-2.4.12.jar:2.4.12]
	at org.codehaus.groovy.control.CompilationUnit.doPhaseOperation(CompilationUnit.java:605) ~[groovy-all-2.4.12.jar:2.4.12]
	at org.codehaus.groovy.control.CompilationUnit.compile(CompilationUnit.java:554) ~[groovy-all-2.4.12.jar:2.4.12]
	at groovy.lang.GroovyClassLoader.doParseClass(GroovyClassLoader.java:298) ~[groovy-all-2.4.12.jar:2.4.12]
	at groovy.lang.GroovyClassLoader.parseClass(GroovyClassLoader.java:268) ~[groovy-all-2.4.12.jar:2.4.12]
	at groovy.lang.GroovyClassLoader.parseClass(GroovyClassLoader.java:254) ~[groovy-all-2.4.12.jar:2.4.12]
	at groovy.lang.GroovyClassLoader.parseClass(GroovyClassLoader.java:211) ~[groovy-all-2.4.12.jar:2.4.12]
	at groovy.lang.GroovyClassLoader.parseClass(GroovyClassLoader.java:221) ~[groovy-all-2.4.12.jar:2.4.12]
	at org.nuxeo.ecm.automation.core.scripting.GroovyScripting.getScript(GroovyScripting.java:129) ~[nuxeo-automation-core-10.10.jar:?]
	at org.nuxeo.ecm.automation.core.scripting.Scripting$GroovyScript.<init>(Scripting.java:159) ~[nuxeo-automation-core-10.10.jar:?]
	at org.nuxeo.ecm.automation.core.operations.RunInputScript.run(RunInputScript.java:61) ~[nuxeo-automation-core-10.10.jar:?]
	at sun.reflect.NativeMethodAccessorImpl.invoke0(Native Method) ~[?:1.8.0_302]
	at sun.reflect.NativeMethodAccessorImpl.invoke(NativeMethodAccessorImpl.java:62) ~[?:1.8.0_302]
	at sun.reflect.DelegatingMethodAccessorImpl.invoke(DelegatingMethodAccessorImpl.java:43) ~[?:1.8.0_302]
	at java.lang.reflect.Method.invoke(Method.java:498) ~[?:1.8.0_302]
	at org.nuxeo.ecm.automation.core.impl.InvokableMethod.doInvoke(InvokableMethod.java:174) ~[nuxeo-automation-core-10.10.jar:?]
	at org.nuxeo.ecm.automation.core.impl.InvokableMethod.invoke(InvokableMethod.java:179) ~[nuxeo-automation-core-10.10.jar:?]
	at org.nuxeo.ecm.automation.core.impl.OperationChainCompiler$OperationMethod.invoke(OperationChainCompiler.java:151) ~[nuxeo-automation-core-10.10.jar:?]
	at org.nuxeo.ecm.automation.core.impl.OperationChainCompiler$CompiledChainImpl.lambda$invoke$0(OperationChainCompiler.java:218) ~[nuxeo-automation-core-10.10.jar:?]
	at org.nuxeo.ecm.automation.OperationContext.call(OperationContext.java:326) ~[nuxeo-automation-core-10.10.jar:?]
	at org.nuxeo.ecm.automation.OperationContext.callWithChainParameters(OperationContext.java:291) ~[nuxeo-automation-core-10.10.jar:?]
	at org.nuxeo.ecm.automation.core.impl.OperationChainCompiler$CompiledChainImpl.invoke(OperationChainCompiler.java:215) ~[nuxeo-automation-core-10.10.jar:?]
	at org.nuxeo.ecm.automation.core.impl.OperationServiceImpl.run(OperationServiceImpl.java:115) ~[nuxeo-automation-core-10.10.jar:?]
	at org.nuxeo.ecm.automation.core.impl.OperationServiceImpl.lambda$run$0(OperationServiceImpl.java:105) ~[nuxeo-automation-core-10.10.jar:?]
	at org.nuxeo.ecm.automation.OperationContext.call(OperationContext.java:326) ~[nuxeo-automation-core-10.10.jar:?]
	at org.nuxeo.ecm.automation.OperationContext.callWithChainParameters(OperationContext.java:291) ~[nuxeo-automation-core-10.10.jar:?]
	at org.nuxeo.ecm.automation.core.impl.OperationServiceImpl.run(OperationServiceImpl.java:105) ~[nuxeo-automation-core-10.10.jar:?]
	at org.nuxeo.ecm.automation.server.jaxrs.OperationResource.execute(OperationResource.java:58) ~[nuxeo-automation-server-10.10.jar:?]
	at org.nuxeo.ecm.automation.server.jaxrs.ExecutableResource.doPost(ExecutableResource.java:70) ~[nuxeo-automation-server-10.10.jar:?]
	... 122 more
2025-10-10T12:22:24,097 WARN  [http-nio-0.0.0.0-8080-exec-8] [org.nuxeo.ecm.automation.core.trace.Trace] 

****** chain ******
Name: RunInputScript
Exception: OperationException
Caught error: Failed to invoke operation RunInputScript with aliases [Context.RunInputScript]
Caused by: org.nuxeo.ecm.automation.OperationException: Failed to invoke operation RunInputScript with aliases [Context.RunInputScript]
****** Hierarchy calls ******
	org.nuxeo.ecm.automation.core.operations.RunInputScript

2025-10-10T12:22:24,098 ERROR [http-nio-0.0.0.0-8080-exec-8] [org.nuxeo.ecm.webengine.app.WebEngineExceptionMapper] org.nuxeo.ecm.core.api.NuxeoException: Failed to invoke operation: RunInputScript
org.nuxeo.ecm.core.api.NuxeoException: Failed to invoke operation: RunInputScript
	at org.nuxeo.ecm.automation.server.jaxrs.ExecutableResource.doPost(ExecutableResource.java:87) ~[nuxeo-automation-server-10.10.jar:?]
	at sun.reflect.NativeMethodAccessorImpl.invoke0(Native Method) ~[?:1.8.0_302]
	at sun.reflect.NativeMethodAccessorImpl.invoke(NativeMethodAccessorImpl.java:62) ~[?:1.8.0_302]
	at sun.reflect.DelegatingMethodAccessorImpl.invoke(DelegatingMethodAccessorImpl.java:43) ~[?:1.8.0_302]
	at java.lang.reflect.Method.invoke(Method.java:498) ~[?:1.8.0_302]
	at com.sun.jersey.spi.container.JavaMethodInvokerFactory$1.invoke(JavaMethodInvokerFactory.java:60) ~[jersey-server-1.19.4.jar:1.19.4]
	at com.sun.jersey.server.impl.model.method.dispatch.AbstractResourceMethodDispatchProvider$ObjectOutInvoker._dispatch(AbstractResourceMethodDispatchProvider.java:258) ~[jersey-server-1.19.4.jar:1.19.4]
	at com.sun.jersey.server.impl.model.method.dispatch.ResourceJavaMethodDispatcher.dispatch(ResourceJavaMethodDispatcher.java:75) ~[jersey-server-1.19.4.jar:1.19.4]
	at com.sun.jersey.server.impl.uri.rules.HttpMethodRule.accept(HttpMethodRule.java:302) ~[jersey-server-1.19.4.jar:1.19.4]
	at com.sun.jersey.server.impl.uri.rules.SubLocatorRule.accept(SubLocatorRule.java:137) ~[jersey-server-1.19.4.jar:1.19.4]
	at com.sun.jersey.server.impl.uri.rules.RightHandPathRule.accept(RightHandPathRule.java:147) ~[jersey-server-1.19.4.jar:1.19.4]
	at com.sun.jersey.server.impl.uri.rules.SubLocatorRule.accept(SubLocatorRule.java:137) ~[jersey-server-1.19.4.jar:1.19.4]
	at com.sun.jersey.server.impl.uri.rules.RightHandPathRule.accept(RightHandPathRule.java:147) ~[jersey-server-1.19.4.jar:1.19.4]
	at com.sun.jersey.server.impl.uri.rules.ResourceClassRule.accept(ResourceClassRule.java:108) ~[jersey-server-1.19.4.jar:1.19.4]
	at com.sun.jersey.server.impl.uri.rules.RightHandPathRule.accept(RightHandPathRule.java:147) ~[jersey-server-1.19.4.jar:1.19.4]
	at com.sun.jersey.server.impl.uri.rules.RootResourceClassesRule.accept(RootResourceClassesRule.java:84) ~[jersey-server-1.19.4.jar:1.19.4]
	at com.sun.jersey.server.impl.application.WebApplicationImpl._handleRequest(WebApplicationImpl.java:1542) ~[jersey-server-1.19.4.jar:1.19.4]
	at com.sun.jersey.server.impl.application.WebApplicationImpl._handleRequest(WebApplicationImpl.java:1473) [jersey-server-1.19.4.jar:1.19.4]
	at com.sun.jersey.server.impl.application.WebApplicationImpl.handleRequest(WebApplicationImpl.java:1419) [jersey-server-1.19.4.jar:1.19.4]
	at com.sun.jersey.server.impl.application.WebApplicationImpl.handleRequest(WebApplicationImpl.java:1409) [jersey-server-1.19.4.jar:1.19.4]
	at com.sun.jersey.spi.container.servlet.WebComponent.service(WebComponent.java:409) [jersey-servlet-1.19.4.jar:1.19.4]
	at com.sun.jersey.spi.container.servlet.ServletContainer.service(ServletContainer.java:558) [jersey-servlet-1.19.4.jar:1.19.4]
	at com.sun.jersey.spi.container.servlet.ServletContainer.service(ServletContainer.java:733) [jersey-servlet-1.19.4.jar:1.19.4]
	at org.nuxeo.ecm.webengine.app.jersey.WebEngineServlet.containerService(WebEngineServlet.java:72) [nuxeo-webengine-core-10.10.jar:?]
	at org.nuxeo.ecm.webengine.app.jersey.WebEngineServlet.service(WebEngineServlet.java:56) [nuxeo-webengine-core-10.10.jar:?]
	at javax.servlet.http.HttpServlet.service(HttpServlet.java:741) [servlet-api.jar:?]
	at org.apache.catalina.core.ApplicationFilterChain.internalDoFilter(ApplicationFilterChain.java:231) [catalina.jar:9.0.14]
	at org.apache.catalina.core.ApplicationFilterChain.doFilter(ApplicationFilterChain.java:166) [catalina.jar:9.0.14]
	at org.apache.tomcat.websocket.server.WsFilter.doFilter(WsFilter.java:53) [tomcat-websocket.jar:9.0.14]
	at org.apache.catalina.core.ApplicationFilterChain.internalDoFilter(ApplicationFilterChain.java:193) [catalina.jar:9.0.14]
	at org.apache.catalina.core.ApplicationFilterChain.doFilter(ApplicationFilterChain.java:166) [catalina.jar:9.0.14]
	at org.nuxeo.elasticsearch.ElasticSearchFilter.doFilter(ElasticSearchFilter.java:55) [nuxeo-elasticsearch-core-10.10.jar:?]
	at org.apache.catalina.core.ApplicationFilterChain.internalDoFilter(ApplicationFilterChain.java:193) [catalina.jar:9.0.14]
	at org.apache.catalina.core.ApplicationFilterChain.doFilter(ApplicationFilterChain.java:166) [catalina.jar:9.0.14]
	at org.nuxeo.ecm.webengine.jaxrs.session.SessionCleanupFilter.run(SessionCleanupFilter.java:50) [nuxeo-webengine-jaxrs-10.10.jar:?]
	at org.nuxeo.ecm.webengine.jaxrs.HttpFilter.doFilter(HttpFilter.java:49) [nuxeo-webengine-jaxrs-10.10.jar:?]
	at org.apache.catalina.core.ApplicationFilterChain.internalDoFilter(ApplicationFilterChain.java:193) [catalina.jar:9.0.14]
	at org.apache.catalina.core.ApplicationFilterChain.doFilter(ApplicationFilterChain.java:166) [catalina.jar:9.0.14]
	at org.nuxeo.ecm.webengine.app.WebContextFilter.doFilter(WebContextFilter.java:56) [nuxeo-webengine-core-10.10.jar:?]
	at org.apache.catalina.core.ApplicationFilterChain.internalDoFilter(ApplicationFilterChain.java:193) [catalina.jar:9.0.14]
	at org.apache.catalina.core.ApplicationFilterChain.doFilter(ApplicationFilterChain.java:166) [catalina.jar:9.0.14]
	at org.nuxeo.ecm.webengine.jaxrs.context.RequestContextFilter.run(RequestContextFilter.java:48) [nuxeo-webengine-jaxrs-10.10.jar:?]
	at org.nuxeo.ecm.webengine.jaxrs.HttpFilter.doFilter(HttpFilter.java:49) [nuxeo-webengine-jaxrs-10.10.jar:?]
	at org.apache.catalina.core.ApplicationFilterChain.internalDoFilter(ApplicationFilterChain.java:193) [catalina.jar:9.0.14]
	at org.apache.catalina.core.ApplicationFilterChain.doFilter(ApplicationFilterChain.java:166) [catalina.jar:9.0.14]
	at org.nuxeo.ecm.webengine.app.HeaderFixFilter.run(HeaderFixFilter.java:62) [nuxeo-webengine-core-10.10.jar:?]
	at org.nuxeo.ecm.webengine.jaxrs.HttpFilter.doFilter(HttpFilter.java:49) [nuxeo-webengine-jaxrs-10.10.jar:?]
	at org.apache.catalina.core.ApplicationFilterChain.internalDoFilter(ApplicationFilterChain.java:193) [catalina.jar:9.0.14]
	at org.apache.catalina.core.ApplicationFilterChain.doFilter(ApplicationFilterChain.java:166) [catalina.jar:9.0.14]
	at org.nuxeo.ecm.core.management.jtajca.internal.Log4jWebFilter.doFilter(Log4jWebFilter.java:69) [nuxeo-core-management-jtajca-10.10.jar:?]
	at org.apache.catalina.core.ApplicationFilterChain.internalDoFilter(ApplicationFilterChain.java:193) [catalina.jar:9.0.14]
	at org.apache.catalina.core.ApplicationFilterChain.doFilter(ApplicationFilterChain.java:166) [catalina.jar:9.0.14]
	at org.nuxeo.ecm.platform.web.common.requestcontroller.filter.NuxeoRequestControllerFilter.doFilter(NuxeoRequestControllerFilter.java:134) [nuxeo-platform-web-common-10.10.jar:?]
	at org.apache.catalina.core.ApplicationFilterChain.internalDoFilter(ApplicationFilterChain.java:193) [catalina.jar:9.0.14]
	at org.apache.catalina.core.ApplicationFilterChain.doFilter(ApplicationFilterChain.java:166) [catalina.jar:9.0.14]
	at org.nuxeo.ecm.platform.ui.web.auth.NuxeoAuthenticationFilter.doFilterInternal(NuxeoAuthenticationFilter.java:633) [nuxeo-platform-web-common-10.10.jar:?]
	at org.nuxeo.ecm.platform.ui.web.auth.NuxeoAuthenticationFilter.doFilter(NuxeoAuthenticationFilter.java:429) [nuxeo-platform-web-common-10.10.jar:?]
	at org.apache.catalina.core.ApplicationFilterChain.internalDoFilter(ApplicationFilterChain.java:193) [catalina.jar:9.0.14]
	at org.apache.catalina.core.ApplicationFilterChain.doFilter(ApplicationFilterChain.java:166) [catalina.jar:9.0.14]
	at org.nuxeo.ecm.platform.web.common.exceptionhandling.NuxeoExceptionFilter.doFilter(NuxeoExceptionFilter.java:67) [nuxeo-platform-web-common-10.10.jar:?]
	at org.apache.catalina.core.ApplicationFilterChain.internalDoFilter(ApplicationFilterChain.java:193) [catalina.jar:9.0.14]
	at org.apache.catalina.core.ApplicationFilterChain.doFilter(ApplicationFilterChain.java:166) [catalina.jar:9.0.14]
	at org.nuxeo.ecm.platform.web.common.encoding.NuxeoEncodingFilter.doFilter(NuxeoEncodingFilter.java:64) [nuxeo-platform-web-common-10.10.jar:?]
	at org.apache.catalina.core.ApplicationFilterChain.internalDoFilter(ApplicationFilterChain.java:193) [catalina.jar:9.0.14]
	at org.apache.catalina.core.ApplicationFilterChain.doFilter(ApplicationFilterChain.java:166) [catalina.jar:9.0.14]
	at org.apache.catalina.core.ApplicationDispatcher.invoke(ApplicationDispatcher.java:712) [catalina.jar:9.0.14]
	at org.apache.catalina.core.ApplicationDispatcher.processRequest(ApplicationDispatcher.java:459) [catalina.jar:9.0.14]
	at org.apache.catalina.core.ApplicationDispatcher.doForward(ApplicationDispatcher.java:384) [catalina.jar:9.0.14]
	at org.apache.catalina.core.ApplicationDispatcher.forward(ApplicationDispatcher.java:312) [catalina.jar:9.0.14]
	at org.nuxeo.ecm.restapi.server.APIServlet.service(APIServlet.java:50) [nuxeo-rest-api-server-10.10.jar:?]
	at javax.servlet.http.HttpServlet.service(HttpServlet.java:741) [servlet-api.jar:?]
	at org.apache.catalina.core.ApplicationFilterChain.internalDoFilter(ApplicationFilterChain.java:231) [catalina.jar:9.0.14]
	at org.apache.catalina.core.ApplicationFilterChain.doFilter(ApplicationFilterChain.java:166) [catalina.jar:9.0.14]
	at org.apache.tomcat.websocket.server.WsFilter.doFilter(WsFilter.java:53) [tomcat-websocket.jar:9.0.14]
	at org.apache.catalina.core.ApplicationFilterChain.internalDoFilter(ApplicationFilterChain.java:193) [catalina.jar:9.0.14]
	at org.apache.catalina.core.ApplicationFilterChain.doFilter(ApplicationFilterChain.java:166) [catalina.jar:9.0.14]
	at org.nuxeo.elasticsearch.ElasticSearchFilter.doFilter(ElasticSearchFilter.java:55) [nuxeo-elasticsearch-core-10.10.jar:?]
	at org.apache.catalina.core.ApplicationFilterChain.internalDoFilter(ApplicationFilterChain.java:193) [catalina.jar:9.0.14]
	at org.apache.catalina.core.ApplicationFilterChain.doFilter(ApplicationFilterChain.java:166) [catalina.jar:9.0.14]
	at org.nuxeo.ecm.platform.web.common.requestcontroller.filter.NuxeoThreadTrackerFilter.doFilter(NuxeoThreadTrackerFilter.java:43) [nuxeo-platform-web-common-10.10.jar:?]
	at org.apache.catalina.core.ApplicationFilterChain.internalDoFilter(ApplicationFilterChain.java:193) [catalina.jar:9.0.14]
	at org.apache.catalina.core.ApplicationFilterChain.doFilter(ApplicationFilterChain.java:166) [catalina.jar:9.0.14]
	at org.nuxeo.ecm.platform.web.common.requestcontroller.filter.NuxeoStandbyFilter.doFilter(NuxeoStandbyFilter.java:67) [nuxeo-platform-web-common-10.10.jar:?]
	at org.apache.catalina.core.ApplicationFilterChain.internalDoFilter(ApplicationFilterChain.java:193) [catalina.jar:9.0.14]
	at org.apache.catalina.core.ApplicationFilterChain.doFilter(ApplicationFilterChain.java:166) [catalina.jar:9.0.14]
	at org.nuxeo.ecm.core.management.jtajca.internal.Log4jWebFilter.doFilter(Log4jWebFilter.java:69) [nuxeo-core-management-jtajca-10.10.jar:?]
	at org.apache.catalina.core.ApplicationFilterChain.internalDoFilter(ApplicationFilterChain.java:193) [catalina.jar:9.0.14]
	at org.apache.catalina.core.ApplicationFilterChain.doFilter(ApplicationFilterChain.java:166) [catalina.jar:9.0.14]
	at org.nuxeo.ecm.platform.ui.web.rest.FancyURLFilter.doFilter(FancyURLFilter.java:120) [nuxeo-platform-ui-web-10.10.jar:?]
	at org.apache.catalina.core.ApplicationFilterChain.internalDoFilter(ApplicationFilterChain.java:193) [catalina.jar:9.0.14]
	at org.apache.catalina.core.ApplicationFilterChain.doFilter(ApplicationFilterChain.java:166) [catalina.jar:9.0.14]
	at org.nuxeo.ecm.platform.web.common.requestcontroller.filter.NuxeoRequestControllerFilter.doFilter(NuxeoRequestControllerFilter.java:134) [nuxeo-platform-web-common-10.10.jar:?]
	at org.apache.catalina.core.ApplicationFilterChain.internalDoFilter(ApplicationFilterChain.java:193) [catalina.jar:9.0.14]
	at org.apache.catalina.core.ApplicationFilterChain.doFilter(ApplicationFilterChain.java:166) [catalina.jar:9.0.14]
	at com.thetransactioncompany.cors.CORSFilter.doFilter(CORSFilter.java:209) [cors-filter-2.6.jar:2.6]
	at com.thetransactioncompany.cors.CORSFilter.doFilter(CORSFilter.java:244) [cors-filter-2.6.jar:2.6]
	at org.nuxeo.ecm.platform.web.common.requestcontroller.filter.NuxeoCorsCsrfFilter.doFilter(NuxeoCorsCsrfFilter.java:258) [nuxeo-platform-web-common-10.10.jar:?]
	at org.apache.catalina.core.ApplicationFilterChain.internalDoFilter(ApplicationFilterChain.java:193) [catalina.jar:9.0.14]
	at org.apache.catalina.core.ApplicationFilterChain.doFilter(ApplicationFilterChain.java:166) [catalina.jar:9.0.14]
	at org.nuxeo.ecm.platform.web.common.exceptionhandling.NuxeoExceptionFilter.doFilter(NuxeoExceptionFilter.java:67) [nuxeo-platform-web-common-10.10.jar:?]
	at org.apache.catalina.core.ApplicationFilterChain.internalDoFilter(ApplicationFilterChain.java:193) [catalina.jar:9.0.14]
	at org.apache.catalina.core.ApplicationFilterChain.doFilter(ApplicationFilterChain.java:166) [catalina.jar:9.0.14]
	at org.nuxeo.ecm.platform.web.common.encoding.NuxeoEncodingFilter.doFilter(NuxeoEncodingFilter.java:64) [nuxeo-platform-web-common-10.10.jar:?]
	at org.apache.catalina.core.ApplicationFilterChain.internalDoFilter(ApplicationFilterChain.java:193) [catalina.jar:9.0.14]
	at org.apache.catalina.core.ApplicationFilterChain.doFilter(ApplicationFilterChain.java:166) [catalina.jar:9.0.14]
	at org.apache.catalina.core.StandardWrapperValve.invoke(StandardWrapperValve.java:199) [catalina.jar:9.0.14]
	at org.apache.catalina.core.StandardContextValve.invoke(StandardContextValve.java:96) [catalina.jar:9.0.14]
	at org.apache.catalina.authenticator.AuthenticatorBase.invoke(AuthenticatorBase.java:490) [catalina.jar:9.0.14]
	at org.apache.catalina.valves.rewrite.RewriteValve.invoke(RewriteValve.java:276) [catalina.jar:9.0.14]
	at org.apache.catalina.core.StandardHostValve.invoke(StandardHostValve.java:139) [catalina.jar:9.0.14]
	at org.apache.catalina.valves.ErrorReportValve.invoke(ErrorReportValve.java:92) [catalina.jar:9.0.14]
	at org.apache.catalina.valves.AbstractAccessLogValve.invoke(AbstractAccessLogValve.java:668) [catalina.jar:9.0.14]
	at org.apache.catalina.core.StandardEngineValve.invoke(StandardEngineValve.java:74) [catalina.jar:9.0.14]
	at org.apache.catalina.connector.CoyoteAdapter.service(CoyoteAdapter.java:343) [catalina.jar:9.0.14]
	at org.apache.coyote.http11.Http11Processor.service(Http11Processor.java:408) [tomcat-coyote.jar:9.0.14]
	at org.apache.coyote.AbstractProcessorLight.process(AbstractProcessorLight.java:66) [tomcat-coyote.jar:9.0.14]
	at org.apache.coyote.AbstractProtocol$ConnectionHandler.process(AbstractProtocol.java:834) [tomcat-coyote.jar:9.0.14]
	at org.apache.tomcat.util.net.NioEndpoint$SocketProcessor.doRun(NioEndpoint.java:1417) [tomcat-coyote.jar:9.0.14]
	at org.apache.tomcat.util.net.SocketProcessorBase.run(SocketProcessorBase.java:49) [tomcat-coyote.jar:9.0.14]
	at java.util.concurrent.ThreadPoolExecutor.runWorker(ThreadPoolExecutor.java:1149) [?:1.8.0_302]
	at java.util.concurrent.ThreadPoolExecutor$Worker.run(ThreadPoolExecutor.java:624) [?:1.8.0_302]
	at org.apache.tomcat.util.threads.TaskThread$WrappingRunnable.run(TaskThread.java:61) [tomcat-util.jar:9.0.14]
	at java.lang.Thread.run(Thread.java:748) [?:1.8.0_302]
Caused by: org.nuxeo.ecm.automation.OperationException: Failed to invoke operation RunInputScript with aliases [Context.RunInputScript]
	at org.nuxeo.ecm.automation.core.impl.InvokableMethod.invoke(InvokableMethod.java:189) ~[nuxeo-automation-core-10.10.jar:?]
	at org.nuxeo.ecm.automation.core.impl.OperationChainCompiler$OperationMethod.invoke(OperationChainCompiler.java:151) ~[nuxeo-automation-core-10.10.jar:?]
	at org.nuxeo.ecm.automation.core.impl.OperationChainCompiler$CompiledChainImpl.lambda$invoke$0(OperationChainCompiler.java:218) ~[nuxeo-automation-core-10.10.jar:?]
	at org.nuxeo.ecm.automation.OperationContext.call(OperationContext.java:326) ~[nuxeo-automation-core-10.10.jar:?]
	at org.nuxeo.ecm.automation.OperationContext.callWithChainParameters(OperationContext.java:291) ~[nuxeo-automation-core-10.10.jar:?]
	at org.nuxeo.ecm.automation.core.impl.OperationChainCompiler$CompiledChainImpl.invoke(OperationChainCompiler.java:215) ~[nuxeo-automation-core-10.10.jar:?]
	at org.nuxeo.ecm.automation.core.impl.OperationServiceImpl.run(OperationServiceImpl.java:115) ~[nuxeo-automation-core-10.10.jar:?]
	at org.nuxeo.ecm.automation.core.impl.OperationServiceImpl.lambda$run$0(OperationServiceImpl.java:105) ~[nuxeo-automation-core-10.10.jar:?]
	at org.nuxeo.ecm.automation.OperationContext.call(OperationContext.java:326) ~[nuxeo-automation-core-10.10.jar:?]
	at org.nuxeo.ecm.automation.OperationContext.callWithChainParameters(OperationContext.java:291) ~[nuxeo-automation-core-10.10.jar:?]
	at org.nuxeo.ecm.automation.core.impl.OperationServiceImpl.run(OperationServiceImpl.java:105) ~[nuxeo-automation-core-10.10.jar:?]
	at org.nuxeo.ecm.automation.server.jaxrs.OperationResource.execute(OperationResource.java:58) ~[nuxeo-automation-server-10.10.jar:?]
	at org.nuxeo.ecm.automation.server.jaxrs.ExecutableResource.doPost(ExecutableResource.java:70) ~[nuxeo-automation-server-10.10.jar:?]
	... 122 more
	Suppressed: java.lang.Throwable: 

****** chain ******
Name: RunInputScript
Exception: OperationException
Caught error: Failed to invoke operation RunInputScript with aliases [Context.RunInputScript]
Caused by: org.nuxeo.ecm.automation.OperationException: Failed to invoke operation RunInputScript with aliases [Context.RunInputScript]
****** Hierarchy calls ******
	org.nuxeo.ecm.automation.core.operations.RunInputScript

		at org.nuxeo.ecm.automation.core.trace.TracerFactory.onTrace(TracerFactory.java:198) ~[nuxeo-automation-core-10.10.jar:?]
		at org.nuxeo.ecm.automation.core.trace.Tracer.popContext(Tracer.java:73) ~[nuxeo-automation-core-10.10.jar:?]
		at org.nuxeo.ecm.automation.core.trace.Tracer.onChainExit(Tracer.java:86) ~[nuxeo-automation-core-10.10.jar:?]
		at org.nuxeo.ecm.automation.core.impl.OperationChainCompiler$CompiledChainImpl.lambda$invoke$0(OperationChainCompiler.java:227) ~[nuxeo-automation-core-10.10.jar:?]
		at org.nuxeo.ecm.automation.OperationContext.call(OperationContext.java:326) ~[nuxeo-automation-core-10.10.jar:?]
		at org.nuxeo.ecm.automation.OperationContext.callWithChainParameters(OperationContext.java:291) ~[nuxeo-automation-core-10.10.jar:?]
		at org.nuxeo.ecm.automation.core.impl.OperationChainCompiler$CompiledChainImpl.invoke(OperationChainCompiler.java:215) ~[nuxeo-automation-core-10.10.jar:?]
		at org.nuxeo.ecm.automation.core.impl.OperationServiceImpl.run(OperationServiceImpl.java:115) ~[nuxeo-automation-core-10.10.jar:?]
		at org.nuxeo.ecm.automation.core.impl.OperationServiceImpl.lambda$run$0(OperationServiceImpl.java:105) ~[nuxeo-automation-core-10.10.jar:?]
		at org.nuxeo.ecm.automation.OperationContext.call(OperationContext.java:326) ~[nuxeo-automation-core-10.10.jar:?]
		at org.nuxeo.ecm.automation.OperationContext.callWithChainParameters(OperationContext.java:291) ~[nuxeo-automation-core-10.10.jar:?]
		at org.nuxeo.ecm.automation.core.impl.OperationServiceImpl.run(OperationServiceImpl.java:105) ~[nuxeo-automation-core-10.10.jar:?]
		at org.nuxeo.ecm.automation.server.jaxrs.OperationResource.execute(OperationResource.java:58) ~[nuxeo-automation-server-10.10.jar:?]
		at org.nuxeo.ecm.automation.server.jaxrs.ExecutableResource.doPost(ExecutableResource.java:70) ~[nuxeo-automation-server-10.10.jar:?]
		at sun.reflect.NativeMethodAccessorImpl.invoke0(Native Method) ~[?:1.8.0_302]
		at sun.reflect.NativeMethodAccessorImpl.invoke(NativeMethodAccessorImpl.java:62) ~[?:1.8.0_302]
		at sun.reflect.DelegatingMethodAccessorImpl.invoke(DelegatingMethodAccessorImpl.java:43) ~[?:1.8.0_302]
		at java.lang.reflect.Method.invoke(Method.java:498) ~[?:1.8.0_302]
		at com.sun.jersey.spi.container.JavaMethodInvokerFactory$1.invoke(JavaMethodInvokerFactory.java:60) ~[jersey-server-1.19.4.jar:1.19.4]
		at com.sun.jersey.server.impl.model.method.dispatch.AbstractResourceMethodDispatchProvider$ObjectOutInvoker._dispatch(AbstractResourceMethodDispatchProvider.java:258) ~[jersey-server-1.19.4.jar:1.19.4]
		at com.sun.jersey.server.impl.model.method.dispatch.ResourceJavaMethodDispatcher.dispatch(ResourceJavaMethodDispatcher.java:75) ~[jersey-server-1.19.4.jar:1.19.4]
		at com.sun.jersey.server.impl.uri.rules.HttpMethodRule.accept(HttpMethodRule.java:302) ~[jersey-server-1.19.4.jar:1.19.4]
		at com.sun.jersey.server.impl.uri.rules.SubLocatorRule.accept(SubLocatorRule.java:137) ~[jersey-server-1.19.4.jar:1.19.4]
		at com.sun.jersey.server.impl.uri.rules.RightHandPathRule.accept(RightHandPathRule.java:147) ~[jersey-server-1.19.4.jar:1.19.4]
		at com.sun.jersey.server.impl.uri.rules.SubLocatorRule.accept(SubLocatorRule.java:137) ~[jersey-server-1.19.4.jar:1.19.4]
		at com.sun.jersey.server.impl.uri.rules.RightHandPathRule.accept(RightHandPathRule.java:147) ~[jersey-server-1.19.4.jar:1.19.4]
		at com.sun.jersey.server.impl.uri.rules.ResourceClassRule.accept(ResourceClassRule.java:108) ~[jersey-server-1.19.4.jar:1.19.4]
		at com.sun.jersey.server.impl.uri.rules.RightHandPathRule.accept(RightHandPathRule.java:147) ~[jersey-server-1.19.4.jar:1.19.4]
		at com.sun.jersey.server.impl.uri.rules.RootResourceClassesRule.accept(RootResourceClassesRule.java:84) ~[jersey-server-1.19.4.jar:1.19.4]
		at com.sun.jersey.server.impl.application.WebApplicationImpl._handleRequest(WebApplicationImpl.java:1542) ~[jersey-server-1.19.4.jar:1.19.4]
		at com.sun.jersey.server.impl.application.WebApplicationImpl._handleRequest(WebApplicationImpl.java:1473) [jersey-server-1.19.4.jar:1.19.4]
		at com.sun.jersey.server.impl.application.WebApplicationImpl.handleRequest(WebApplicationImpl.java:1419) [jersey-server-1.19.4.jar:1.19.4]
		at com.sun.jersey.server.impl.application.WebApplicationImpl.handleRequest(WebApplicationImpl.java:1409) [jersey-server-1.19.4.jar:1.19.4]
		at com.sun.jersey.spi.container.servlet.WebComponent.service(WebComponent.java:409) [jersey-servlet-1.19.4.jar:1.19.4]
		at com.sun.jersey.spi.container.servlet.ServletContainer.service(ServletContainer.java:558) [jersey-servlet-1.19.4.jar:1.19.4]
		at com.sun.jersey.spi.container.servlet.ServletContainer.service(ServletContainer.java:733) [jersey-servlet-1.19.4.jar:1.19.4]
		at org.nuxeo.ecm.webengine.app.jersey.WebEngineServlet.containerService(WebEngineServlet.java:72) [nuxeo-webengine-core-10.10.jar:?]
		at org.nuxeo.ecm.webengine.app.jersey.WebEngineServlet.service(WebEngineServlet.java:56) [nuxeo-webengine-core-10.10.jar:?]
		at javax.servlet.http.HttpServlet.service(HttpServlet.java:741) [servlet-api.jar:?]
		at org.apache.catalina.core.ApplicationFilterChain.internalDoFilter(ApplicationFilterChain.java:231) [catalina.jar:9.0.14]
		at org.apache.catalina.core.ApplicationFilterChain.doFilter(ApplicationFilterChain.java:166) [catalina.jar:9.0.14]
		at org.apache.tomcat.websocket.server.WsFilter.doFilter(WsFilter.java:53) [tomcat-websocket.jar:9.0.14]
		at org.apache.catalina.core.ApplicationFilterChain.internalDoFilter(ApplicationFilterChain.java:193) [catalina.jar:9.0.14]
		at org.apache.catalina.core.ApplicationFilterChain.doFilter(ApplicationFilterChain.java:166) [catalina.jar:9.0.14]
		at org.nuxeo.elasticsearch.ElasticSearchFilter.doFilter(ElasticSearchFilter.java:55) [nuxeo-elasticsearch-core-10.10.jar:?]
		at org.apache.catalina.core.ApplicationFilterChain.internalDoFilter(ApplicationFilterChain.java:193) [catalina.jar:9.0.14]
		at org.apache.catalina.core.ApplicationFilterChain.doFilter(ApplicationFilterChain.java:166) [catalina.jar:9.0.14]
		at org.nuxeo.ecm.webengine.jaxrs.session.SessionCleanupFilter.run(SessionCleanupFilter.java:50) [nuxeo-webengine-jaxrs-10.10.jar:?]
		at org.nuxeo.ecm.webengine.jaxrs.HttpFilter.doFilter(HttpFilter.java:49) [nuxeo-webengine-jaxrs-10.10.jar:?]
		at org.apache.catalina.core.ApplicationFilterChain.internalDoFilter(ApplicationFilterChain.java:193) [catalina.jar:9.0.14]
		at org.apache.catalina.core.ApplicationFilterChain.doFilter(ApplicationFilterChain.java:166) [catalina.jar:9.0.14]
		at org.nuxeo.ecm.webengine.app.WebContextFilter.doFilter(WebContextFilter.java:56) [nuxeo-webengine-core-10.10.jar:?]
		at org.apache.catalina.core.ApplicationFilterChain.internalDoFilter(ApplicationFilterChain.java:193) [catalina.jar:9.0.14]
		at org.apache.catalina.core.ApplicationFilterChain.doFilter(ApplicationFilterChain.java:166) [catalina.jar:9.0.14]
		at org.nuxeo.ecm.webengine.jaxrs.context.RequestContextFilter.run(RequestContextFilter.java:48) [nuxeo-webengine-jaxrs-10.10.jar:?]
		at org.nuxeo.ecm.webengine.jaxrs.HttpFilter.doFilter(HttpFilter.java:49) [nuxeo-webengine-jaxrs-10.10.jar:?]
		at org.apache.catalina.core.ApplicationFilterChain.internalDoFilter(ApplicationFilterChain.java:193) [catalina.jar:9.0.14]
		at org.apache.catalina.core.ApplicationFilterChain.doFilter(ApplicationFilterChain.java:166) [catalina.jar:9.0.14]
		at org.nuxeo.ecm.webengine.app.HeaderFixFilter.run(HeaderFixFilter.java:62) [nuxeo-webengine-core-10.10.jar:?]
		at org.nuxeo.ecm.webengine.jaxrs.HttpFilter.doFilter(HttpFilter.java:49) [nuxeo-webengine-jaxrs-10.10.jar:?]
		at org.apache.catalina.core.ApplicationFilterChain.internalDoFilter(ApplicationFilterChain.java:193) [catalina.jar:9.0.14]
		at org.apache.catalina.core.ApplicationFilterChain.doFilter(ApplicationFilterChain.java:166) [catalina.jar:9.0.14]
		at org.nuxeo.ecm.core.management.jtajca.internal.Log4jWebFilter.doFilter(Log4jWebFilter.java:69) [nuxeo-core-management-jtajca-10.10.jar:?]
		at org.apache.catalina.core.ApplicationFilterChain.internalDoFilter(ApplicationFilterChain.java:193) [catalina.jar:9.0.14]
		at org.apache.catalina.core.ApplicationFilterChain.doFilter(ApplicationFilterChain.java:166) [catalina.jar:9.0.14]
		at org.nuxeo.ecm.platform.web.common.requestcontroller.filter.NuxeoRequestControllerFilter.doFilter(NuxeoRequestControllerFilter.java:134) [nuxeo-platform-web-common-10.10.jar:?]
		at org.apache.catalina.core.ApplicationFilterChain.internalDoFilter(ApplicationFilterChain.java:193) [catalina.jar:9.0.14]
		at org.apache.catalina.core.ApplicationFilterChain.doFilter(ApplicationFilterChain.java:166) [catalina.jar:9.0.14]
		at org.nuxeo.ecm.platform.ui.web.auth.NuxeoAuthenticationFilter.doFilterInternal(NuxeoAuthenticationFilter.java:633) [nuxeo-platform-web-common-10.10.jar:?]
		at org.nuxeo.ecm.platform.ui.web.auth.NuxeoAuthenticationFilter.doFilter(NuxeoAuthenticationFilter.java:429) [nuxeo-platform-web-common-10.10.jar:?]
		at org.apache.catalina.core.ApplicationFilterChain.internalDoFilter(ApplicationFilterChain.java:193) [catalina.jar:9.0.14]
		at org.apache.catalina.core.ApplicationFilterChain.doFilter(ApplicationFilterChain.java:166) [catalina.jar:9.0.14]
		at org.nuxeo.ecm.platform.web.common.exceptionhandling.NuxeoExceptionFilter.doFilter(NuxeoExceptionFilter.java:67) [nuxeo-platform-web-common-10.10.jar:?]
		at org.apache.catalina.core.ApplicationFilterChain.internalDoFilter(ApplicationFilterChain.java:193) [catalina.jar:9.0.14]
		at org.apache.catalina.core.ApplicationFilterChain.doFilter(ApplicationFilterChain.java:166) [catalina.jar:9.0.14]
		at org.nuxeo.ecm.platform.web.common.encoding.NuxeoEncodingFilter.doFilter(NuxeoEncodingFilter.java:64) [nuxeo-platform-web-common-10.10.jar:?]
		at org.apache.catalina.core.ApplicationFilterChain.internalDoFilter(ApplicationFilterChain.java:193) [catalina.jar:9.0.14]
		at org.apache.catalina.core.ApplicationFilterChain.doFilter(ApplicationFilterChain.java:166) [catalina.jar:9.0.14]
		at org.apache.catalina.core.ApplicationDispatcher.invoke(ApplicationDispatcher.java:712) [catalina.jar:9.0.14]
		at org.apache.catalina.core.ApplicationDispatcher.processRequest(ApplicationDispatcher.java:459) [catalina.jar:9.0.14]
		at org.apache.catalina.core.ApplicationDispatcher.doForward(ApplicationDispatcher.java:384) [catalina.jar:9.0.14]
		at org.apache.catalina.core.ApplicationDispatcher.forward(ApplicationDispatcher.java:312) [catalina.jar:9.0.14]
		at org.nuxeo.ecm.restapi.server.APIServlet.service(APIServlet.java:50) [nuxeo-rest-api-server-10.10.jar:?]
		at javax.servlet.http.HttpServlet.service(HttpServlet.java:741) [servlet-api.jar:?]
		at org.apache.catalina.core.ApplicationFilterChain.internalDoFilter(ApplicationFilterChain.java:231) [catalina.jar:9.0.14]
		at org.apache.catalina.core.ApplicationFilterChain.doFilter(ApplicationFilterChain.java:166) [catalina.jar:9.0.14]
		at org.apache.tomcat.websocket.server.WsFilter.doFilter(WsFilter.java:53) [tomcat-websocket.jar:9.0.14]
		at org.apache.catalina.core.ApplicationFilterChain.internalDoFilter(ApplicationFilterChain.java:193) [catalina.jar:9.0.14]
		at org.apache.catalina.core.ApplicationFilterChain.doFilter(ApplicationFilterChain.java:166) [catalina.jar:9.0.14]
		at org.nuxeo.elasticsearch.ElasticSearchFilter.doFilter(ElasticSearchFilter.java:55) [nuxeo-elasticsearch-core-10.10.jar:?]
		at org.apache.catalina.core.ApplicationFilterChain.internalDoFilter(ApplicationFilterChain.java:193) [catalina.jar:9.0.14]
		at org.apache.catalina.core.ApplicationFilterChain.doFilter(ApplicationFilterChain.java:166) [catalina.jar:9.0.14]
		at org.nuxeo.ecm.platform.web.common.requestcontroller.filter.NuxeoThreadTrackerFilter.doFilter(NuxeoThreadTrackerFilter.java:43) [nuxeo-platform-web-common-10.10.jar:?]
		at org.apache.catalina.core.ApplicationFilterChain.internalDoFilter(ApplicationFilterChain.java:193) [catalina.jar:9.0.14]
		at org.apache.catalina.core.ApplicationFilterChain.doFilter(ApplicationFilterChain.java:166) [catalina.jar:9.0.14]
		at org.nuxeo.ecm.platform.web.common.requestcontroller.filter.NuxeoStandbyFilter.doFilter(NuxeoStandbyFilter.java:67) [nuxeo-platform-web-common-10.10.jar:?]
		at org.apache.catalina.core.ApplicationFilterChain.internalDoFilter(ApplicationFilterChain.java:193) [catalina.jar:9.0.14]
		at org.apache.catalina.core.ApplicationFilterChain.doFilter(ApplicationFilterChain.java:166) [catalina.jar:9.0.14]
		at org.nuxeo.ecm.core.management.jtajca.internal.Log4jWebFilter.doFilter(Log4jWebFilter.java:69) [nuxeo-core-management-jtajca-10.10.jar:?]
		at org.apache.catalina.core.ApplicationFilterChain.internalDoFilter(ApplicationFilterChain.java:193) [catalina.jar:9.0.14]
		at org.apache.catalina.core.ApplicationFilterChain.doFilter(ApplicationFilterChain.java:166) [catalina.jar:9.0.14]
		at org.nuxeo.ecm.platform.ui.web.rest.FancyURLFilter.doFilter(FancyURLFilter.java:120) [nuxeo-platform-ui-web-10.10.jar:?]
		at org.apache.catalina.core.ApplicationFilterChain.internalDoFilter(ApplicationFilterChain.java:193) [catalina.jar:9.0.14]
		at org.apache.catalina.core.ApplicationFilterChain.doFilter(ApplicationFilterChain.java:166) [catalina.jar:9.0.14]
		at org.nuxeo.ecm.platform.web.common.requestcontroller.filter.NuxeoRequestControllerFilter.doFilter(NuxeoRequestControllerFilter.java:134) [nuxeo-platform-web-common-10.10.jar:?]
		at org.apache.catalina.core.ApplicationFilterChain.internalDoFilter(ApplicationFilterChain.java:193) [catalina.jar:9.0.14]
		at org.apache.catalina.core.ApplicationFilterChain.doFilter(ApplicationFilterChain.java:166) [catalina.jar:9.0.14]
		at com.thetransactioncompany.cors.CORSFilter.doFilter(CORSFilter.java:209) [cors-filter-2.6.jar:2.6]
		at com.thetransactioncompany.cors.CORSFilter.doFilter(CORSFilter.java:244) [cors-filter-2.6.jar:2.6]
		at org.nuxeo.ecm.platform.web.common.requestcontroller.filter.NuxeoCorsCsrfFilter.doFilter(NuxeoCorsCsrfFilter.java:258) [nuxeo-platform-web-common-10.10.jar:?]
		at org.apache.catalina.core.ApplicationFilterChain.internalDoFilter(ApplicationFilterChain.java:193) [catalina.jar:9.0.14]
		at org.apache.catalina.core.ApplicationFilterChain.doFilter(ApplicationFilterChain.java:166) [catalina.jar:9.0.14]
		at org.nuxeo.ecm.platform.web.common.exceptionhandling.NuxeoExceptionFilter.doFilter(NuxeoExceptionFilter.java:67) [nuxeo-platform-web-common-10.10.jar:?]
		at org.apache.catalina.core.ApplicationFilterChain.internalDoFilter(ApplicationFilterChain.java:193) [catalina.jar:9.0.14]
		at org.apache.catalina.core.ApplicationFilterChain.doFilter(ApplicationFilterChain.java:166) [catalina.jar:9.0.14]
		at org.nuxeo.ecm.platform.web.common.encoding.NuxeoEncodingFilter.doFilter(NuxeoEncodingFilter.java:64) [nuxeo-platform-web-common-10.10.jar:?]
		at org.apache.catalina.core.ApplicationFilterChain.internalDoFilter(ApplicationFilterChain.java:193) [catalina.jar:9.0.14]
		at org.apache.catalina.core.ApplicationFilterChain.doFilter(ApplicationFilterChain.java:166) [catalina.jar:9.0.14]
		at org.apache.catalina.core.StandardWrapperValve.invoke(StandardWrapperValve.java:199) [catalina.jar:9.0.14]
		at org.apache.catalina.core.StandardContextValve.invoke(StandardContextValve.java:96) [catalina.jar:9.0.14]
		at org.apache.catalina.authenticator.AuthenticatorBase.invoke(AuthenticatorBase.java:490) [catalina.jar:9.0.14]
		at org.apache.catalina.valves.rewrite.RewriteValve.invoke(RewriteValve.java:276) [catalina.jar:9.0.14]
		at org.apache.catalina.core.StandardHostValve.invoke(StandardHostValve.java:139) [catalina.jar:9.0.14]
		at org.apache.catalina.valves.ErrorReportValve.invoke(ErrorReportValve.java:92) [catalina.jar:9.0.14]
		at org.apache.catalina.valves.AbstractAccessLogValve.invoke(AbstractAccessLogValve.java:668) [catalina.jar:9.0.14]
		at org.apache.catalina.core.StandardEngineValve.invoke(StandardEngineValve.java:74) [catalina.jar:9.0.14]
		at org.apache.catalina.connector.CoyoteAdapter.service(CoyoteAdapter.java:343) [catalina.jar:9.0.14]
		at org.apache.coyote.http11.Http11Processor.service(Http11Processor.java:408) [tomcat-coyote.jar:9.0.14]
		at org.apache.coyote.AbstractProcessorLight.process(AbstractProcessorLight.java:66) [tomcat-coyote.jar:9.0.14]
		at org.apache.coyote.AbstractProtocol$ConnectionHandler.process(AbstractProtocol.java:834) [tomcat-coyote.jar:9.0.14]
		at org.apache.tomcat.util.net.NioEndpoint$SocketProcessor.doRun(NioEndpoint.java:1417) [tomcat-coyote.jar:9.0.14]
		at org.apache.tomcat.util.net.SocketProcessorBase.run(SocketProcessorBase.java:49) [tomcat-coyote.jar:9.0.14]
		at java.util.concurrent.ThreadPoolExecutor.runWorker(ThreadPoolExecutor.java:1149) [?:1.8.0_302]
		at java.util.concurrent.ThreadPoolExecutor$Worker.run(ThreadPoolExecutor.java:624) [?:1.8.0_302]
		at org.apache.tomcat.util.threads.TaskThread$WrappingRunnable.run(TaskThread.java:61) [tomcat-util.jar:9.0.14]
		at java.lang.Thread.run(Thread.java:748) [?:1.8.0_302]
Caused by: org.codehaus.groovy.control.MultipleCompilationErrorsException: startup failed:
script17600989438492086860178.groovy: 15: unable to resolve class org.nuxeo.connect.platform.PlatformId
 @ line 15, column 5.
       import org.nuxeo.connect.platform.PlatformId
       ^

1 error

	at org.codehaus.groovy.control.ErrorCollector.failIfErrors(ErrorCollector.java:310) ~[groovy-all-2.4.12.jar:2.4.12]
	at org.codehaus.groovy.control.CompilationUnit.applyToSourceUnits(CompilationUnit.java:958) ~[groovy-all-2.4.12.jar:2.4.12]
	at org.codehaus.groovy.control.CompilationUnit.doPhaseOperation(CompilationUnit.java:605) ~[groovy-all-2.4.12.jar:2.4.12]
	at org.codehaus.groovy.control.CompilationUnit.compile(CompilationUnit.java:554) ~[groovy-all-2.4.12.jar:2.4.12]
	at groovy.lang.GroovyClassLoader.doParseClass(GroovyClassLoader.java:298) ~[groovy-all-2.4.12.jar:2.4.12]
	at groovy.lang.GroovyClassLoader.parseClass(GroovyClassLoader.java:268) ~[groovy-all-2.4.12.jar:2.4.12]
	at groovy.lang.GroovyClassLoader.parseClass(GroovyClassLoader.java:254) ~[groovy-all-2.4.12.jar:2.4.12]
	at groovy.lang.GroovyClassLoader.parseClass(GroovyClassLoader.java:211) ~[groovy-all-2.4.12.jar:2.4.12]
	at groovy.lang.GroovyClassLoader.parseClass(GroovyClassLoader.java:221) ~[groovy-all-2.4.12.jar:2.4.12]
	at org.nuxeo.ecm.automation.core.scripting.GroovyScripting.getScript(GroovyScripting.java:129) ~[nuxeo-automation-core-10.10.jar:?]
	at org.nuxeo.ecm.automation.core.scripting.Scripting$GroovyScript.<init>(Scripting.java:159) ~[nuxeo-automation-core-10.10.jar:?]
	at org.nuxeo.ecm.automation.core.operations.RunInputScript.run(RunInputScript.java:61) ~[nuxeo-automation-core-10.10.jar:?]
	at sun.reflect.NativeMethodAccessorImpl.invoke0(Native Method) ~[?:1.8.0_302]
	at sun.reflect.NativeMethodAccessorImpl.invoke(NativeMethodAccessorImpl.java:62) ~[?:1.8.0_302]
	at sun.reflect.DelegatingMethodAccessorImpl.invoke(DelegatingMethodAccessorImpl.java:43) ~[?:1.8.0_302]
	at java.lang.reflect.Method.invoke(Method.java:498) ~[?:1.8.0_302]
	at org.nuxeo.ecm.automation.core.impl.InvokableMethod.doInvoke(InvokableMethod.java:174) ~[nuxeo-automation-core-10.10.jar:?]
	at org.nuxeo.ecm.automation.core.impl.InvokableMethod.invoke(InvokableMethod.java:179) ~[nuxeo-automation-core-10.10.jar:?]
	at org.nuxeo.ecm.automation.core.impl.OperationChainCompiler$OperationMethod.invoke(OperationChainCompiler.java:151) ~[nuxeo-automation-core-10.10.jar:?]
	at org.nuxeo.ecm.automation.core.impl.OperationChainCompiler$CompiledChainImpl.lambda$invoke$0(OperationChainCompiler.java:218) ~[nuxeo-automation-core-10.10.jar:?]
	at org.nuxeo.ecm.automation.OperationContext.call(OperationContext.java:326) ~[nuxeo-automation-core-10.10.jar:?]
	at org.nuxeo.ecm.automation.OperationContext.callWithChainParameters(OperationContext.java:291) ~[nuxeo-automation-core-10.10.jar:?]
	at org.nuxeo.ecm.automation.core.impl.OperationChainCompiler$CompiledChainImpl.invoke(OperationChainCompiler.java:215) ~[nuxeo-automation-core-10.10.jar:?]
	at org.nuxeo.ecm.automation.core.impl.OperationServiceImpl.run(OperationServiceImpl.java:115) ~[nuxeo-automation-core-10.10.jar:?]
	at org.nuxeo.ecm.automation.core.impl.OperationServiceImpl.lambda$run$0(OperationServiceImpl.java:105) ~[nuxeo-automation-core-10.10.jar:?]
	at org.nuxeo.ecm.automation.OperationContext.call(OperationContext.java:326) ~[nuxeo-automation-core-10.10.jar:?]
	at org.nuxeo.ecm.automation.OperationContext.callWithChainParameters(OperationContext.java:291) ~[nuxeo-automation-core-10.10.jar:?]
	at org.nuxeo.ecm.automation.core.impl.OperationServiceImpl.run(OperationServiceImpl.java:105) ~[nuxeo-automation-core-10.10.jar:?]
	at org.nuxeo.ecm.automation.server.jaxrs.OperationResource.execute(OperationResource.java:58) ~[nuxeo-automation-server-10.10.jar:?]
	at org.nuxeo.ecm.automation.server.jaxrs.ExecutableResource.doPost(ExecutableResource.java:70) ~[nuxeo-automation-server-10.10.jar:?]
	... 122 more
2025-10-10T12:22:25,276 WARN  [http-nio-0.0.0.0-8080-exec-9] [org.apache.http.client.protocol.ResponseProcessCookies] Invalid cookie header: "Set-Cookie: AWSALB=PYXBjAQhjefYBzknIwEXMLe2U8PT+s2oNYsh/9wlE52Gvy2CqY5ArACB2nWVYec3K3MdWIRI3quna0WjnrSCppm8JTaASfeXGZqwgGSDcES9t+7eMTasn8lWrNlm; Expires=Fri, 17 Oct 2025 12:22:25 GMT; Path=/". Invalid 'expires' attribute: Fri, 17 Oct 2025 12:22:25 GMT
2025-10-10T12:22:25,276 WARN  [http-nio-0.0.0.0-8080-exec-9] [org.apache.http.client.protocol.ResponseProcessCookies] Invalid cookie header: "Set-Cookie: AWSALBCORS=PYXBjAQhjefYBzknIwEXMLe2U8PT+s2oNYsh/9wlE52Gvy2CqY5ArACB2nWVYec3K3MdWIRI3quna0WjnrSCppm8JTaASfeXGZqwgGSDcES9t+7eMTasn8lWrNlm; Expires=Fri, 17 Oct 2025 12:22:25 GMT; Path=/; SameSite=None; Secure". Invalid 'expires' attribute: Fri, 17 Oct 2025 12:22:25 GMT
2025-10-10T12:37:30,677 INFO  [main] [org.nuxeo.osgi.application.loader.FrameworkLoader] 
======================================================================
= Starting Nuxeo Framework
======================================================================
  * Server home = /opt/nuxeo/server
  * Runtime home = /opt/nuxeo/server/nxserver
  * Data Directory = /var/lib/nuxeo/data
  * Log Directory = /var/log/nuxeo
  * Configuration Directory = /opt/nuxeo/server/nxserver/config
  * Temp Directory = /opt/nuxeo/server/tmp
======================================================================
2025-10-10T12:37:39,245 WARN  [main] [org.nuxeo.ecm.platform.commandline.executor.service.CommandLineExecutorComponent] Command not available: videoClosedCaptionsExtractor (command ccextractor not found in system path (descriptor CommandLineDescriptor[name=videoClosedCaptionsExtractor,enabled=true,available=false,command=ccextractor,parameterString=#{sourceFilePath} -out=#{outFormat} -trim -o #{outFilePath},testParameterString=,winParameterString=<null>,winTestParameterString=,winCommand=<null>,tester=<null>,readOutput=true,installationDirective=You need to install ccextractor.,installErrorMessage=<null>]). You need to install ccextractor.)
2025-10-10T12:37:39,252 WARN  [main] [org.nuxeo.ecm.platform.commandline.executor.service.CommandLineExecutorComponent] Command not available: videoPartClosedCaptionsExtractor (command ccextractor not found in system path (descriptor CommandLineDescriptor[name=videoPartClosedCaptionsExtractor,enabled=true,available=false,command=ccextractor,parameterString=#{sourceFilePath} -out=#{outFormat} -startat #{startAt} -endat #{endAt} -trim -o #{outFilePath},testParameterString=,winParameterString=<null>,winTestParameterString=,winCommand=<null>,tester=<null>,readOutput=true,installationDirective=You need to install ccextractor.,installErrorMessage=<null>]). You need to install ccextractor.)
2025-10-10T12:37:45,306 WARN  [main] [org.nuxeo.elasticsearch.core.ElasticSearchEmbeddedNode] Elasticsearch embedded configuration is ONLY for testing purpose. You need to create a dedicated Elasticsearch cluster for production.
2025-10-10T12:37:54,565 WARN  [main] [org.nuxeo.ecm.core.io.impl.AbstractDocumentModelWriter] The document Summer in the USA with id=2f33e13b-70e1-446c-a053-128bddc77af1 and type=BCContract contains the facet 'BCTrashMgt', which is not registered as available in the schemaManager. This facet will be ignored.
2025-10-10T12:37:54,567 WARN  [main] [org.nuxeo.ecm.core.io.impl.AbstractDocumentModelWriter] The document Summer in the USA with id=2f33e13b-70e1-446c-a053-128bddc77af1 and type=DocumentTypeImpl(BCContract) contains the schema 'bctrashmgt', which is not registered as available in the schemaManager. This schema will be ignored.
2025-10-10T12:37:54,615 WARN  [main] [org.nuxeo.ecm.core.io.impl.AbstractDocumentModelWriter] The document To the Moon and back with id=b0f3da9a-9b84-4b19-b7af-ccef24203c73 and type=BCContract contains the facet 'BCTrashMgt', which is not registered as available in the schemaManager. This facet will be ignored.
2025-10-10T12:37:54,616 WARN  [main] [org.nuxeo.ecm.core.io.impl.AbstractDocumentModelWriter] The document To the Moon and back with id=b0f3da9a-9b84-4b19-b7af-ccef24203c73 and type=DocumentTypeImpl(BCContract) contains the schema 'bctrashmgt', which is not registered as available in the schemaManager. This schema will be ignored.
2025-10-10T12:37:54,655 WARN  [main] [org.nuxeo.ecm.core.io.impl.AbstractDocumentModelWriter] The document Winter in the USA with id=12f574b8-39ff-4bfd-9e3f-b40da61423f4 and type=BCContract contains the facet 'BCTrashMgt', which is not registered as available in the schemaManager. This facet will be ignored.
2025-10-10T12:37:54,657 WARN  [main] [org.nuxeo.ecm.core.io.impl.AbstractDocumentModelWriter] The document Winter in the USA with id=12f574b8-39ff-4bfd-9e3f-b40da61423f4 and type=DocumentTypeImpl(BCContract) contains the schema 'bctrashmgt', which is not registered as available in the schemaManager. This schema will be ignored.
2025-10-10T12:37:54,851 WARN  [main] [org.nuxeo.ecm.core.io.impl.AbstractDocumentModelWriter] The document 2015 Annual Conference with id=d13018b2-0467-4d74-9536-cfa7c529b717 and type=BCContract contains the facet 'BCTrashMgt', which is not registered as available in the schemaManager. This facet will be ignored.
2025-10-10T12:37:54,852 WARN  [main] [org.nuxeo.ecm.core.io.impl.AbstractDocumentModelWriter] The document 2015 Annual Conference with id=d13018b2-0467-4d74-9536-cfa7c529b717 and type=DocumentTypeImpl(BCContract) contains the schema 'bctrashmgt', which is not registered as available in the schemaManager. This schema will be ignored.
2025-10-10T12:37:54,896 WARN  [main] [org.nuxeo.ecm.core.io.impl.AbstractDocumentModelWriter] The document 2016 Annual Conference with id=baf61ced-78e5-42d0-bef1-e6197b3e7ba2 and type=BCContract contains the facet 'BCTrashMgt', which is not registered as available in the schemaManager. This facet will be ignored.
2025-10-10T12:37:54,897 WARN  [main] [org.nuxeo.ecm.core.io.impl.AbstractDocumentModelWriter] The document 2016 Annual Conference with id=baf61ced-78e5-42d0-bef1-e6197b3e7ba2 and type=DocumentTypeImpl(BCContract) contains the schema 'bctrashmgt', which is not registered as available in the schemaManager. This schema will be ignored.
2025-10-10T12:37:54,953 WARN  [main] [org.nuxeo.ecm.core.io.impl.AbstractDocumentModelWriter] The document Geller-Bing Wedding with id=3605528e-1bd6-42ff-8f45-96be7ec91fd9 and type=BCContract contains the facet 'BCTrashMgt', which is not registered as available in the schemaManager. This facet will be ignored.
2025-10-10T12:37:54,954 WARN  [main] [org.nuxeo.ecm.core.io.impl.AbstractDocumentModelWriter] The document Geller-Bing Wedding with id=3605528e-1bd6-42ff-8f45-96be7ec91fd9 and type=DocumentTypeImpl(BCContract) contains the schema 'bctrashmgt', which is not registered as available in the schemaManager. This schema will be ignored.
2025-10-10T12:37:55,280 WARN  [main] [org.nuxeo.ecm.core.io.impl.AbstractDocumentModelWriter] The document Money Bank Auto Loan Con with id=50b4f04a-a028-43c8-b7b8-5e3b12b46cbc and type=BCContract contains the facet 'BCTrashMgt', which is not registered as available in the schemaManager. This facet will be ignored.
2025-10-10T12:37:55,281 WARN  [main] [org.nuxeo.ecm.core.io.impl.AbstractDocumentModelWriter] The document Money Bank Auto Loan Con with id=50b4f04a-a028-43c8-b7b8-5e3b12b46cbc and type=DocumentTypeImpl(BCContract) contains the schema 'bctrashmgt', which is not registered as available in the schemaManager. This schema will be ignored.
2025-10-10T12:37:55,331 WARN  [main] [org.nuxeo.ecm.core.io.impl.AbstractDocumentModelWriter] The document Money Bank Credit Card C with id=5ead2937-878d-4e7d-bcf9-ddc0989e3e1f and type=BCContract contains the facet 'BCTrashMgt', which is not registered as available in the schemaManager. This facet will be ignored.
2025-10-10T12:37:55,333 WARN  [main] [org.nuxeo.ecm.core.io.impl.AbstractDocumentModelWriter] The document Money Bank Credit Card C with id=5ead2937-878d-4e7d-bcf9-ddc0989e3e1f and type=DocumentTypeImpl(BCContract) contains the schema 'bctrashmgt', which is not registered as available in the schemaManager. This schema will be ignored.
2025-10-10T12:37:55,380 WARN  [main] [org.nuxeo.ecm.core.io.impl.AbstractDocumentModelWriter] The document Money Bank Mortgage Cont with id=2833aae9-4153-4d89-abb8-d3608decbf99 and type=BCContract contains the facet 'BCTrashMgt', which is not registered as available in the schemaManager. This facet will be ignored.
2025-10-10T12:37:55,381 WARN  [main] [org.nuxeo.ecm.core.io.impl.AbstractDocumentModelWriter] The document Money Bank Mortgage Cont with id=2833aae9-4153-4d89-abb8-d3608decbf99 and type=DocumentTypeImpl(BCContract) contains the schema 'bctrashmgt', which is not registered as available in the schemaManager. This schema will be ignored.
2025-10-10T12:37:55,421 WARN  [main] [org.nuxeo.ecm.core.io.impl.AbstractDocumentModelWriter] The document Money Bank Student Loan with id=a2e62823-c6c8-4eb3-9500-0b2ef392f9b7 and type=BCContract contains the facet 'BCTrashMgt', which is not registered as available in the schemaManager. This facet will be ignored.
2025-10-10T12:37:55,422 WARN  [main] [org.nuxeo.ecm.core.io.impl.AbstractDocumentModelWriter] The document Money Bank Student Loan with id=a2e62823-c6c8-4eb3-9500-0b2ef392f9b7 and type=DocumentTypeImpl(BCContract) contains the schema 'bctrashmgt', which is not registered as available in the schemaManager. This schema will be ignored.
2025-10-10T12:37:55,592 WARN  [main] [org.nuxeo.ecm.core.io.impl.AbstractDocumentModelWriter] The document Beyond Space - Website S with id=ce72e75e-9a67-4cd3-bdd5-dfb9a499735c and type=BCContract contains the facet 'BCTrashMgt', which is not registered as available in the schemaManager. This facet will be ignored.
2025-10-10T12:37:55,593 WARN  [main] [org.nuxeo.ecm.core.io.impl.AbstractDocumentModelWriter] The document Beyond Space - Website S with id=ce72e75e-9a67-4cd3-bdd5-dfb9a499735c and type=DocumentTypeImpl(BCContract) contains the schema 'bctrashmgt', which is not registered as available in the schemaManager. This schema will be ignored.
2025-10-10T12:37:55,649 WARN  [main] [org.nuxeo.ecm.core.io.impl.AbstractDocumentModelWriter] The document Beyond Space - Website c with id=51b4733f-fe56-4137-89da-92307043c73e and type=BCContract contains the facet 'BCTrashMgt', which is not registered as available in the schemaManager. This facet will be ignored.
2025-10-10T12:37:55,650 WARN  [main] [org.nuxeo.ecm.core.io.impl.AbstractDocumentModelWriter] The document Beyond Space - Website c with id=51b4733f-fe56-4137-89da-92307043c73e and type=DocumentTypeImpl(BCContract) contains the schema 'bctrashmgt', which is not registered as available in the schemaManager. This schema will be ignored.
2025-10-10T12:37:55,842 WARN  [main] [org.nuxeo.ecm.core.io.impl.AbstractDocumentModelWriter] The document Empty Venue Location with id=a884e3b6-1a5b-401a-b0c0-fca20ae5c74a and type=BCContract contains the facet 'BCTrashMgt', which is not registered as available in the schemaManager. This facet will be ignored.
2025-10-10T12:37:55,843 WARN  [main] [org.nuxeo.ecm.core.io.impl.AbstractDocumentModelWriter] The document Empty Venue Location with id=a884e3b6-1a5b-401a-b0c0-fca20ae5c74a and type=DocumentTypeImpl(BCContract) contains the schema 'bctrashmgt', which is not registered as available in the schemaManager. This schema will be ignored.
2025-10-10T12:37:55,900 WARN  [main] [org.nuxeo.ecm.core.io.impl.AbstractDocumentModelWriter] The document Venue, Equipment and Per with id=e8bf192a-1e30-4fe1-929e-e23894f43911 and type=BCContract contains the facet 'BCTrashMgt', which is not registered as available in the schemaManager. This facet will be ignored.
2025-10-10T12:37:55,901 WARN  [main] [org.nuxeo.ecm.core.io.impl.AbstractDocumentModelWriter] The document Venue, Equipment and Per with id=e8bf192a-1e30-4fe1-929e-e23894f43911 and type=DocumentTypeImpl(BCContract) contains the schema 'bctrashmgt', which is not registered as available in the schemaManager. This schema will be ignored.
2025-10-10T12:37:57,235 INFO  [main] [org.nuxeo.runtime.osgi.OSGiRuntimeService] Nuxeo Platform Started
======================================================================
= Component Loading Status: Pending: 0 / Missing: 0 / Unstarted: 0 / Total: 772
======================================================================
2025-10-10T12:38:05,142 INFO  [main] [javax.enterprise.resource.webcontainer.jsf.application] jsf.core.injection.provider_generic_web_configured
2025-10-10T12:39:28,114 WARN  [elasticsearch[nuxeoNode][scheduler][T#1]] [org.elasticsearch.monitor.jvm.JvmGcMonitorService] [gc][97] overhead, spent [872ms] collecting in the last [1s]
2025-10-10T12:39:38,111 WARN  [http-nio-0.0.0.0-8080-exec-1] [org.nuxeo.ecm.user.center.profile.localeProvider.UserLocaleSelectorListener] Locale Startup not available. Can't set locale
2025-10-10T12:39:48,491 WARN  [http-nio-0.0.0.0-8080-exec-7] [org.nuxeo.ecm.automation.core.trace.Trace] 

****** chain ******
Name: RunInputScript
Exception: OperationException
Caught error: Failed to invoke operation RunInputScript with aliases [Context.RunInputScript]
Caused by: org.nuxeo.ecm.automation.OperationException: Failed to invoke operation RunInputScript with aliases [Context.RunInputScript]
****** Hierarchy calls ******
	org.nuxeo.ecm.automation.core.operations.RunInputScript

2025-10-10T12:39:48,498 ERROR [http-nio-0.0.0.0-8080-exec-7] [org.nuxeo.ecm.webengine.app.WebEngineExceptionMapper] org.nuxeo.ecm.core.api.NuxeoException: Failed to invoke operation: RunInputScript
org.nuxeo.ecm.core.api.NuxeoException: Failed to invoke operation: RunInputScript
	at org.nuxeo.ecm.automation.server.jaxrs.ExecutableResource.doPost(ExecutableResource.java:87) ~[nuxeo-automation-server-10.10.jar:?]
	at sun.reflect.NativeMethodAccessorImpl.invoke0(Native Method) ~[?:1.8.0_302]
	at sun.reflect.NativeMethodAccessorImpl.invoke(NativeMethodAccessorImpl.java:62) ~[?:1.8.0_302]
	at sun.reflect.DelegatingMethodAccessorImpl.invoke(DelegatingMethodAccessorImpl.java:43) ~[?:1.8.0_302]
	at java.lang.reflect.Method.invoke(Method.java:498) ~[?:1.8.0_302]
	at com.sun.jersey.spi.container.JavaMethodInvokerFactory$1.invoke(JavaMethodInvokerFactory.java:60) ~[jersey-server-1.19.4.jar:1.19.4]
	at com.sun.jersey.server.impl.model.method.dispatch.AbstractResourceMethodDispatchProvider$ObjectOutInvoker._dispatch(AbstractResourceMethodDispatchProvider.java:258) ~[jersey-server-1.19.4.jar:1.19.4]
	at com.sun.jersey.server.impl.model.method.dispatch.ResourceJavaMethodDispatcher.dispatch(ResourceJavaMethodDispatcher.java:75) ~[jersey-server-1.19.4.jar:1.19.4]
	at com.sun.jersey.server.impl.uri.rules.HttpMethodRule.accept(HttpMethodRule.java:302) ~[jersey-server-1.19.4.jar:1.19.4]
	at com.sun.jersey.server.impl.uri.rules.SubLocatorRule.accept(SubLocatorRule.java:137) ~[jersey-server-1.19.4.jar:1.19.4]
	at com.sun.jersey.server.impl.uri.rules.RightHandPathRule.accept(RightHandPathRule.java:147) ~[jersey-server-1.19.4.jar:1.19.4]
	at com.sun.jersey.server.impl.uri.rules.SubLocatorRule.accept(SubLocatorRule.java:137) ~[jersey-server-1.19.4.jar:1.19.4]
	at com.sun.jersey.server.impl.uri.rules.RightHandPathRule.accept(RightHandPathRule.java:147) ~[jersey-server-1.19.4.jar:1.19.4]
	at com.sun.jersey.server.impl.uri.rules.ResourceClassRule.accept(ResourceClassRule.java:108) ~[jersey-server-1.19.4.jar:1.19.4]
	at com.sun.jersey.server.impl.uri.rules.RightHandPathRule.accept(RightHandPathRule.java:147) ~[jersey-server-1.19.4.jar:1.19.4]
	at com.sun.jersey.server.impl.uri.rules.RootResourceClassesRule.accept(RootResourceClassesRule.java:84) ~[jersey-server-1.19.4.jar:1.19.4]
	at com.sun.jersey.server.impl.application.WebApplicationImpl._handleRequest(WebApplicationImpl.java:1542) ~[jersey-server-1.19.4.jar:1.19.4]
	at com.sun.jersey.server.impl.application.WebApplicationImpl._handleRequest(WebApplicationImpl.java:1473) [jersey-server-1.19.4.jar:1.19.4]
	at com.sun.jersey.server.impl.application.WebApplicationImpl.handleRequest(WebApplicationImpl.java:1419) [jersey-server-1.19.4.jar:1.19.4]
	at com.sun.jersey.server.impl.application.WebApplicationImpl.handleRequest(WebApplicationImpl.java:1409) [jersey-server-1.19.4.jar:1.19.4]
	at com.sun.jersey.spi.container.servlet.WebComponent.service(WebComponent.java:409) [jersey-servlet-1.19.4.jar:1.19.4]
	at com.sun.jersey.spi.container.servlet.ServletContainer.service(ServletContainer.java:558) [jersey-servlet-1.19.4.jar:1.19.4]
	at com.sun.jersey.spi.container.servlet.ServletContainer.service(ServletContainer.java:733) [jersey-servlet-1.19.4.jar:1.19.4]
	at org.nuxeo.ecm.webengine.app.jersey.WebEngineServlet.containerService(WebEngineServlet.java:72) [nuxeo-webengine-core-10.10.jar:?]
	at org.nuxeo.ecm.webengine.app.jersey.WebEngineServlet.service(WebEngineServlet.java:56) [nuxeo-webengine-core-10.10.jar:?]
	at javax.servlet.http.HttpServlet.service(HttpServlet.java:741) [servlet-api.jar:?]
	at org.apache.catalina.core.ApplicationFilterChain.internalDoFilter(ApplicationFilterChain.java:231) [catalina.jar:9.0.14]
	at org.apache.catalina.core.ApplicationFilterChain.doFilter(ApplicationFilterChain.java:166) [catalina.jar:9.0.14]
	at org.apache.tomcat.websocket.server.WsFilter.doFilter(WsFilter.java:53) [tomcat-websocket.jar:9.0.14]
	at org.apache.catalina.core.ApplicationFilterChain.internalDoFilter(ApplicationFilterChain.java:193) [catalina.jar:9.0.14]
	at org.apache.catalina.core.ApplicationFilterChain.doFilter(ApplicationFilterChain.java:166) [catalina.jar:9.0.14]
	at org.nuxeo.elasticsearch.ElasticSearchFilter.doFilter(ElasticSearchFilter.java:55) [nuxeo-elasticsearch-core-10.10.jar:?]
	at org.apache.catalina.core.ApplicationFilterChain.internalDoFilter(ApplicationFilterChain.java:193) [catalina.jar:9.0.14]
	at org.apache.catalina.core.ApplicationFilterChain.doFilter(ApplicationFilterChain.java:166) [catalina.jar:9.0.14]
	at org.nuxeo.ecm.webengine.jaxrs.session.SessionCleanupFilter.run(SessionCleanupFilter.java:50) [nuxeo-webengine-jaxrs-10.10.jar:?]
	at org.nuxeo.ecm.webengine.jaxrs.HttpFilter.doFilter(HttpFilter.java:49) [nuxeo-webengine-jaxrs-10.10.jar:?]
	at org.apache.catalina.core.ApplicationFilterChain.internalDoFilter(ApplicationFilterChain.java:193) [catalina.jar:9.0.14]
	at org.apache.catalina.core.ApplicationFilterChain.doFilter(ApplicationFilterChain.java:166) [catalina.jar:9.0.14]
	at org.nuxeo.ecm.webengine.app.WebContextFilter.doFilter(WebContextFilter.java:56) [nuxeo-webengine-core-10.10.jar:?]
	at org.apache.catalina.core.ApplicationFilterChain.internalDoFilter(ApplicationFilterChain.java:193) [catalina.jar:9.0.14]
	at org.apache.catalina.core.ApplicationFilterChain.doFilter(ApplicationFilterChain.java:166) [catalina.jar:9.0.14]
	at org.nuxeo.ecm.webengine.jaxrs.context.RequestContextFilter.run(RequestContextFilter.java:48) [nuxeo-webengine-jaxrs-10.10.jar:?]
	at org.nuxeo.ecm.webengine.jaxrs.HttpFilter.doFilter(HttpFilter.java:49) [nuxeo-webengine-jaxrs-10.10.jar:?]
	at org.apache.catalina.core.ApplicationFilterChain.internalDoFilter(ApplicationFilterChain.java:193) [catalina.jar:9.0.14]
	at org.apache.catalina.core.ApplicationFilterChain.doFilter(ApplicationFilterChain.java:166) [catalina.jar:9.0.14]
	at org.nuxeo.ecm.webengine.app.HeaderFixFilter.run(HeaderFixFilter.java:62) [nuxeo-webengine-core-10.10.jar:?]
	at org.nuxeo.ecm.webengine.jaxrs.HttpFilter.doFilter(HttpFilter.java:49) [nuxeo-webengine-jaxrs-10.10.jar:?]
	at org.apache.catalina.core.ApplicationFilterChain.internalDoFilter(ApplicationFilterChain.java:193) [catalina.jar:9.0.14]
	at org.apache.catalina.core.ApplicationFilterChain.doFilter(ApplicationFilterChain.java:166) [catalina.jar:9.0.14]
	at org.nuxeo.ecm.core.management.jtajca.internal.Log4jWebFilter.doFilter(Log4jWebFilter.java:69) [nuxeo-core-management-jtajca-10.10.jar:?]
	at org.apache.catalina.core.ApplicationFilterChain.internalDoFilter(ApplicationFilterChain.java:193) [catalina.jar:9.0.14]
	at org.apache.catalina.core.ApplicationFilterChain.doFilter(ApplicationFilterChain.java:166) [catalina.jar:9.0.14]
	at org.nuxeo.ecm.platform.web.common.requestcontroller.filter.NuxeoRequestControllerFilter.doFilter(NuxeoRequestControllerFilter.java:134) [nuxeo-platform-web-common-10.10.jar:?]
	at org.apache.catalina.core.ApplicationFilterChain.internalDoFilter(ApplicationFilterChain.java:193) [catalina.jar:9.0.14]
	at org.apache.catalina.core.ApplicationFilterChain.doFilter(ApplicationFilterChain.java:166) [catalina.jar:9.0.14]
	at org.nuxeo.ecm.platform.ui.web.auth.NuxeoAuthenticationFilter.doFilterInternal(NuxeoAuthenticationFilter.java:633) [nuxeo-platform-web-common-10.10.jar:?]
	at org.nuxeo.ecm.platform.ui.web.auth.NuxeoAuthenticationFilter.doFilter(NuxeoAuthenticationFilter.java:429) [nuxeo-platform-web-common-10.10.jar:?]
	at org.apache.catalina.core.ApplicationFilterChain.internalDoFilter(ApplicationFilterChain.java:193) [catalina.jar:9.0.14]
	at org.apache.catalina.core.ApplicationFilterChain.doFilter(ApplicationFilterChain.java:166) [catalina.jar:9.0.14]
	at org.nuxeo.ecm.platform.web.common.exceptionhandling.NuxeoExceptionFilter.doFilter(NuxeoExceptionFilter.java:67) [nuxeo-platform-web-common-10.10.jar:?]
	at org.apache.catalina.core.ApplicationFilterChain.internalDoFilter(ApplicationFilterChain.java:193) [catalina.jar:9.0.14]
	at org.apache.catalina.core.ApplicationFilterChain.doFilter(ApplicationFilterChain.java:166) [catalina.jar:9.0.14]
	at org.nuxeo.ecm.platform.web.common.encoding.NuxeoEncodingFilter.doFilter(NuxeoEncodingFilter.java:64) [nuxeo-platform-web-common-10.10.jar:?]
	at org.apache.catalina.core.ApplicationFilterChain.internalDoFilter(ApplicationFilterChain.java:193) [catalina.jar:9.0.14]
	at org.apache.catalina.core.ApplicationFilterChain.doFilter(ApplicationFilterChain.java:166) [catalina.jar:9.0.14]
	at org.apache.catalina.core.ApplicationDispatcher.invoke(ApplicationDispatcher.java:712) [catalina.jar:9.0.14]
	at org.apache.catalina.core.ApplicationDispatcher.processRequest(ApplicationDispatcher.java:459) [catalina.jar:9.0.14]
	at org.apache.catalina.core.ApplicationDispatcher.doForward(ApplicationDispatcher.java:384) [catalina.jar:9.0.14]
	at org.apache.catalina.core.ApplicationDispatcher.forward(ApplicationDispatcher.java:312) [catalina.jar:9.0.14]
	at org.nuxeo.ecm.restapi.server.APIServlet.service(APIServlet.java:50) [nuxeo-rest-api-server-10.10.jar:?]
	at javax.servlet.http.HttpServlet.service(HttpServlet.java:741) [servlet-api.jar:?]
	at org.apache.catalina.core.ApplicationFilterChain.internalDoFilter(ApplicationFilterChain.java:231) [catalina.jar:9.0.14]
	at org.apache.catalina.core.ApplicationFilterChain.doFilter(ApplicationFilterChain.java:166) [catalina.jar:9.0.14]
	at org.apache.tomcat.websocket.server.WsFilter.doFilter(WsFilter.java:53) [tomcat-websocket.jar:9.0.14]
	at org.apache.catalina.core.ApplicationFilterChain.internalDoFilter(ApplicationFilterChain.java:193) [catalina.jar:9.0.14]
	at org.apache.catalina.core.ApplicationFilterChain.doFilter(ApplicationFilterChain.java:166) [catalina.jar:9.0.14]
	at org.nuxeo.elasticsearch.ElasticSearchFilter.doFilter(ElasticSearchFilter.java:55) [nuxeo-elasticsearch-core-10.10.jar:?]
	at org.apache.catalina.core.ApplicationFilterChain.internalDoFilter(ApplicationFilterChain.java:193) [catalina.jar:9.0.14]
	at org.apache.catalina.core.ApplicationFilterChain.doFilter(ApplicationFilterChain.java:166) [catalina.jar:9.0.14]
	at org.nuxeo.ecm.platform.web.common.requestcontroller.filter.NuxeoThreadTrackerFilter.doFilter(NuxeoThreadTrackerFilter.java:43) [nuxeo-platform-web-common-10.10.jar:?]
	at org.apache.catalina.core.ApplicationFilterChain.internalDoFilter(ApplicationFilterChain.java:193) [catalina.jar:9.0.14]
	at org.apache.catalina.core.ApplicationFilterChain.doFilter(ApplicationFilterChain.java:166) [catalina.jar:9.0.14]
	at org.nuxeo.ecm.platform.web.common.requestcontroller.filter.NuxeoStandbyFilter.doFilter(NuxeoStandbyFilter.java:67) [nuxeo-platform-web-common-10.10.jar:?]
	at org.apache.catalina.core.ApplicationFilterChain.internalDoFilter(ApplicationFilterChain.java:193) [catalina.jar:9.0.14]
	at org.apache.catalina.core.ApplicationFilterChain.doFilter(ApplicationFilterChain.java:166) [catalina.jar:9.0.14]
	at org.nuxeo.ecm.core.management.jtajca.internal.Log4jWebFilter.doFilter(Log4jWebFilter.java:69) [nuxeo-core-management-jtajca-10.10.jar:?]
	at org.apache.catalina.core.ApplicationFilterChain.internalDoFilter(ApplicationFilterChain.java:193) [catalina.jar:9.0.14]
	at org.apache.catalina.core.ApplicationFilterChain.doFilter(ApplicationFilterChain.java:166) [catalina.jar:9.0.14]
	at org.nuxeo.ecm.platform.ui.web.rest.FancyURLFilter.doFilter(FancyURLFilter.java:120) [nuxeo-platform-ui-web-10.10.jar:?]
	at org.apache.catalina.core.ApplicationFilterChain.internalDoFilter(ApplicationFilterChain.java:193) [catalina.jar:9.0.14]
	at org.apache.catalina.core.ApplicationFilterChain.doFilter(ApplicationFilterChain.java:166) [catalina.jar:9.0.14]
	at org.nuxeo.ecm.platform.web.common.requestcontroller.filter.NuxeoRequestControllerFilter.doFilter(NuxeoRequestControllerFilter.java:134) [nuxeo-platform-web-common-10.10.jar:?]
	at org.apache.catalina.core.ApplicationFilterChain.internalDoFilter(ApplicationFilterChain.java:193) [catalina.jar:9.0.14]
	at org.apache.catalina.core.ApplicationFilterChain.doFilter(ApplicationFilterChain.java:166) [catalina.jar:9.0.14]
	at com.thetransactioncompany.cors.CORSFilter.doFilter(CORSFilter.java:209) [cors-filter-2.6.jar:2.6]
	at com.thetransactioncompany.cors.CORSFilter.doFilter(CORSFilter.java:244) [cors-filter-2.6.jar:2.6]
	at org.nuxeo.ecm.platform.web.common.requestcontroller.filter.NuxeoCorsCsrfFilter.doFilter(NuxeoCorsCsrfFilter.java:258) [nuxeo-platform-web-common-10.10.jar:?]
	at org.apache.catalina.core.ApplicationFilterChain.internalDoFilter(ApplicationFilterChain.java:193) [catalina.jar:9.0.14]
	at org.apache.catalina.core.ApplicationFilterChain.doFilter(ApplicationFilterChain.java:166) [catalina.jar:9.0.14]
	at org.nuxeo.ecm.platform.web.common.exceptionhandling.NuxeoExceptionFilter.doFilter(NuxeoExceptionFilter.java:67) [nuxeo-platform-web-common-10.10.jar:?]
	at org.apache.catalina.core.ApplicationFilterChain.internalDoFilter(ApplicationFilterChain.java:193) [catalina.jar:9.0.14]
	at org.apache.catalina.core.ApplicationFilterChain.doFilter(ApplicationFilterChain.java:166) [catalina.jar:9.0.14]
	at org.nuxeo.ecm.platform.web.common.encoding.NuxeoEncodingFilter.doFilter(NuxeoEncodingFilter.java:64) [nuxeo-platform-web-common-10.10.jar:?]
	at org.apache.catalina.core.ApplicationFilterChain.internalDoFilter(ApplicationFilterChain.java:193) [catalina.jar:9.0.14]
	at org.apache.catalina.core.ApplicationFilterChain.doFilter(ApplicationFilterChain.java:166) [catalina.jar:9.0.14]
	at org.apache.catalina.core.StandardWrapperValve.invoke(StandardWrapperValve.java:199) [catalina.jar:9.0.14]
	at org.apache.catalina.core.StandardContextValve.invoke(StandardContextValve.java:96) [catalina.jar:9.0.14]
	at org.apache.catalina.authenticator.AuthenticatorBase.invoke(AuthenticatorBase.java:490) [catalina.jar:9.0.14]
	at org.apache.catalina.valves.rewrite.RewriteValve.invoke(RewriteValve.java:276) [catalina.jar:9.0.14]
	at org.apache.catalina.core.StandardHostValve.invoke(StandardHostValve.java:139) [catalina.jar:9.0.14]
	at org.apache.catalina.valves.ErrorReportValve.invoke(ErrorReportValve.java:92) [catalina.jar:9.0.14]
	at org.apache.catalina.valves.AbstractAccessLogValve.invoke(AbstractAccessLogValve.java:668) [catalina.jar:9.0.14]
	at org.apache.catalina.core.StandardEngineValve.invoke(StandardEngineValve.java:74) [catalina.jar:9.0.14]
	at org.apache.catalina.connector.CoyoteAdapter.service(CoyoteAdapter.java:343) [catalina.jar:9.0.14]
	at org.apache.coyote.http11.Http11Processor.service(Http11Processor.java:408) [tomcat-coyote.jar:9.0.14]
	at org.apache.coyote.AbstractProcessorLight.process(AbstractProcessorLight.java:66) [tomcat-coyote.jar:9.0.14]
	at org.apache.coyote.AbstractProtocol$ConnectionHandler.process(AbstractProtocol.java:834) [tomcat-coyote.jar:9.0.14]
	at org.apache.tomcat.util.net.NioEndpoint$SocketProcessor.doRun(NioEndpoint.java:1417) [tomcat-coyote.jar:9.0.14]
	at org.apache.tomcat.util.net.SocketProcessorBase.run(SocketProcessorBase.java:49) [tomcat-coyote.jar:9.0.14]
	at java.util.concurrent.ThreadPoolExecutor.runWorker(ThreadPoolExecutor.java:1149) [?:1.8.0_302]
	at java.util.concurrent.ThreadPoolExecutor$Worker.run(ThreadPoolExecutor.java:624) [?:1.8.0_302]
	at org.apache.tomcat.util.threads.TaskThread$WrappingRunnable.run(TaskThread.java:61) [tomcat-util.jar:9.0.14]
	at java.lang.Thread.run(Thread.java:748) [?:1.8.0_302]
Caused by: org.nuxeo.ecm.automation.OperationException: Failed to invoke operation RunInputScript with aliases [Context.RunInputScript]
	at org.nuxeo.ecm.automation.core.impl.InvokableMethod.invoke(InvokableMethod.java:189) ~[nuxeo-automation-core-10.10.jar:?]
	at org.nuxeo.ecm.automation.core.impl.OperationChainCompiler$OperationMethod.invoke(OperationChainCompiler.java:151) ~[nuxeo-automation-core-10.10.jar:?]
	at org.nuxeo.ecm.automation.core.impl.OperationChainCompiler$CompiledChainImpl.lambda$invoke$0(OperationChainCompiler.java:218) ~[nuxeo-automation-core-10.10.jar:?]
	at org.nuxeo.ecm.automation.OperationContext.call(OperationContext.java:326) ~[nuxeo-automation-core-10.10.jar:?]
	at org.nuxeo.ecm.automation.OperationContext.callWithChainParameters(OperationContext.java:291) ~[nuxeo-automation-core-10.10.jar:?]
	at org.nuxeo.ecm.automation.core.impl.OperationChainCompiler$CompiledChainImpl.invoke(OperationChainCompiler.java:215) ~[nuxeo-automation-core-10.10.jar:?]
	at org.nuxeo.ecm.automation.core.impl.OperationServiceImpl.run(OperationServiceImpl.java:115) ~[nuxeo-automation-core-10.10.jar:?]
	at org.nuxeo.ecm.automation.core.impl.OperationServiceImpl.lambda$run$0(OperationServiceImpl.java:105) ~[nuxeo-automation-core-10.10.jar:?]
	at org.nuxeo.ecm.automation.OperationContext.call(OperationContext.java:326) ~[nuxeo-automation-core-10.10.jar:?]
	at org.nuxeo.ecm.automation.OperationContext.callWithChainParameters(OperationContext.java:291) ~[nuxeo-automation-core-10.10.jar:?]
	at org.nuxeo.ecm.automation.core.impl.OperationServiceImpl.run(OperationServiceImpl.java:105) ~[nuxeo-automation-core-10.10.jar:?]
	at org.nuxeo.ecm.automation.server.jaxrs.OperationResource.execute(OperationResource.java:58) ~[nuxeo-automation-server-10.10.jar:?]
	at org.nuxeo.ecm.automation.server.jaxrs.ExecutableResource.doPost(ExecutableResource.java:70) ~[nuxeo-automation-server-10.10.jar:?]
	... 122 more
	Suppressed: java.lang.Throwable: 

****** chain ******
Name: RunInputScript
Exception: OperationException
Caught error: Failed to invoke operation RunInputScript with aliases [Context.RunInputScript]
Caused by: org.nuxeo.ecm.automation.OperationException: Failed to invoke operation RunInputScript with aliases [Context.RunInputScript]
****** Hierarchy calls ******
	org.nuxeo.ecm.automation.core.operations.RunInputScript

		at org.nuxeo.ecm.automation.core.trace.TracerFactory.onTrace(TracerFactory.java:198) ~[nuxeo-automation-core-10.10.jar:?]
		at org.nuxeo.ecm.automation.core.trace.Tracer.popContext(Tracer.java:73) ~[nuxeo-automation-core-10.10.jar:?]
		at org.nuxeo.ecm.automation.core.trace.Tracer.onChainExit(Tracer.java:86) ~[nuxeo-automation-core-10.10.jar:?]
		at org.nuxeo.ecm.automation.core.impl.OperationChainCompiler$CompiledChainImpl.lambda$invoke$0(OperationChainCompiler.java:227) ~[nuxeo-automation-core-10.10.jar:?]
		at org.nuxeo.ecm.automation.OperationContext.call(OperationContext.java:326) ~[nuxeo-automation-core-10.10.jar:?]
		at org.nuxeo.ecm.automation.OperationContext.callWithChainParameters(OperationContext.java:291) ~[nuxeo-automation-core-10.10.jar:?]
		at org.nuxeo.ecm.automation.core.impl.OperationChainCompiler$CompiledChainImpl.invoke(OperationChainCompiler.java:215) ~[nuxeo-automation-core-10.10.jar:?]
		at org.nuxeo.ecm.automation.core.impl.OperationServiceImpl.run(OperationServiceImpl.java:115) ~[nuxeo-automation-core-10.10.jar:?]
		at org.nuxeo.ecm.automation.core.impl.OperationServiceImpl.lambda$run$0(OperationServiceImpl.java:105) ~[nuxeo-automation-core-10.10.jar:?]
		at org.nuxeo.ecm.automation.OperationContext.call(OperationContext.java:326) ~[nuxeo-automation-core-10.10.jar:?]
		at org.nuxeo.ecm.automation.OperationContext.callWithChainParameters(OperationContext.java:291) ~[nuxeo-automation-core-10.10.jar:?]
		at org.nuxeo.ecm.automation.core.impl.OperationServiceImpl.run(OperationServiceImpl.java:105) ~[nuxeo-automation-core-10.10.jar:?]
		at org.nuxeo.ecm.automation.server.jaxrs.OperationResource.execute(OperationResource.java:58) ~[nuxeo-automation-server-10.10.jar:?]
		at org.nuxeo.ecm.automation.server.jaxrs.ExecutableResource.doPost(ExecutableResource.java:70) ~[nuxeo-automation-server-10.10.jar:?]
		at sun.reflect.NativeMethodAccessorImpl.invoke0(Native Method) ~[?:1.8.0_302]
		at sun.reflect.NativeMethodAccessorImpl.invoke(NativeMethodAccessorImpl.java:62) ~[?:1.8.0_302]
		at sun.reflect.DelegatingMethodAccessorImpl.invoke(DelegatingMethodAccessorImpl.java:43) ~[?:1.8.0_302]
		at java.lang.reflect.Method.invoke(Method.java:498) ~[?:1.8.0_302]
		at com.sun.jersey.spi.container.JavaMethodInvokerFactory$1.invoke(JavaMethodInvokerFactory.java:60) ~[jersey-server-1.19.4.jar:1.19.4]
		at com.sun.jersey.server.impl.model.method.dispatch.AbstractResourceMethodDispatchProvider$ObjectOutInvoker._dispatch(AbstractResourceMethodDispatchProvider.java:258) ~[jersey-server-1.19.4.jar:1.19.4]
		at com.sun.jersey.server.impl.model.method.dispatch.ResourceJavaMethodDispatcher.dispatch(ResourceJavaMethodDispatcher.java:75) ~[jersey-server-1.19.4.jar:1.19.4]
		at com.sun.jersey.server.impl.uri.rules.HttpMethodRule.accept(HttpMethodRule.java:302) ~[jersey-server-1.19.4.jar:1.19.4]
		at com.sun.jersey.server.impl.uri.rules.SubLocatorRule.accept(SubLocatorRule.java:137) ~[jersey-server-1.19.4.jar:1.19.4]
		at com.sun.jersey.server.impl.uri.rules.RightHandPathRule.accept(RightHandPathRule.java:147) ~[jersey-server-1.19.4.jar:1.19.4]
		at com.sun.jersey.server.impl.uri.rules.SubLocatorRule.accept(SubLocatorRule.java:137) ~[jersey-server-1.19.4.jar:1.19.4]
		at com.sun.jersey.server.impl.uri.rules.RightHandPathRule.accept(RightHandPathRule.java:147) ~[jersey-server-1.19.4.jar:1.19.4]
		at com.sun.jersey.server.impl.uri.rules.ResourceClassRule.accept(ResourceClassRule.java:108) ~[jersey-server-1.19.4.jar:1.19.4]
		at com.sun.jersey.server.impl.uri.rules.RightHandPathRule.accept(RightHandPathRule.java:147) ~[jersey-server-1.19.4.jar:1.19.4]
		at com.sun.jersey.server.impl.uri.rules.RootResourceClassesRule.accept(RootResourceClassesRule.java:84) ~[jersey-server-1.19.4.jar:1.19.4]
		at com.sun.jersey.server.impl.application.WebApplicationImpl._handleRequest(WebApplicationImpl.java:1542) ~[jersey-server-1.19.4.jar:1.19.4]
		at com.sun.jersey.server.impl.application.WebApplicationImpl._handleRequest(WebApplicationImpl.java:1473) [jersey-server-1.19.4.jar:1.19.4]
		at com.sun.jersey.server.impl.application.WebApplicationImpl.handleRequest(WebApplicationImpl.java:1419) [jersey-server-1.19.4.jar:1.19.4]
		at com.sun.jersey.server.impl.application.WebApplicationImpl.handleRequest(WebApplicationImpl.java:1409) [jersey-server-1.19.4.jar:1.19.4]
		at com.sun.jersey.spi.container.servlet.WebComponent.service(WebComponent.java:409) [jersey-servlet-1.19.4.jar:1.19.4]
		at com.sun.jersey.spi.container.servlet.ServletContainer.service(ServletContainer.java:558) [jersey-servlet-1.19.4.jar:1.19.4]
		at com.sun.jersey.spi.container.servlet.ServletContainer.service(ServletContainer.java:733) [jersey-servlet-1.19.4.jar:1.19.4]
		at org.nuxeo.ecm.webengine.app.jersey.WebEngineServlet.containerService(WebEngineServlet.java:72) [nuxeo-webengine-core-10.10.jar:?]
		at org.nuxeo.ecm.webengine.app.jersey.WebEngineServlet.service(WebEngineServlet.java:56) [nuxeo-webengine-core-10.10.jar:?]
		at javax.servlet.http.HttpServlet.service(HttpServlet.java:741) [servlet-api.jar:?]
		at org.apache.catalina.core.ApplicationFilterChain.internalDoFilter(ApplicationFilterChain.java:231) [catalina.jar:9.0.14]
		at org.apache.catalina.core.ApplicationFilterChain.doFilter(ApplicationFilterChain.java:166) [catalina.jar:9.0.14]
		at org.apache.tomcat.websocket.server.WsFilter.doFilter(WsFilter.java:53) [tomcat-websocket.jar:9.0.14]
		at org.apache.catalina.core.ApplicationFilterChain.internalDoFilter(ApplicationFilterChain.java:193) [catalina.jar:9.0.14]
		at org.apache.catalina.core.ApplicationFilterChain.doFilter(ApplicationFilterChain.java:166) [catalina.jar:9.0.14]
		at org.nuxeo.elasticsearch.ElasticSearchFilter.doFilter(ElasticSearchFilter.java:55) [nuxeo-elasticsearch-core-10.10.jar:?]
		at org.apache.catalina.core.ApplicationFilterChain.internalDoFilter(ApplicationFilterChain.java:193) [catalina.jar:9.0.14]
		at org.apache.catalina.core.ApplicationFilterChain.doFilter(ApplicationFilterChain.java:166) [catalina.jar:9.0.14]
		at org.nuxeo.ecm.webengine.jaxrs.session.SessionCleanupFilter.run(SessionCleanupFilter.java:50) [nuxeo-webengine-jaxrs-10.10.jar:?]
		at org.nuxeo.ecm.webengine.jaxrs.HttpFilter.doFilter(HttpFilter.java:49) [nuxeo-webengine-jaxrs-10.10.jar:?]
		at org.apache.catalina.core.ApplicationFilterChain.internalDoFilter(ApplicationFilterChain.java:193) [catalina.jar:9.0.14]
		at org.apache.catalina.core.ApplicationFilterChain.doFilter(ApplicationFilterChain.java:166) [catalina.jar:9.0.14]
		at org.nuxeo.ecm.webengine.app.WebContextFilter.doFilter(WebContextFilter.java:56) [nuxeo-webengine-core-10.10.jar:?]
		at org.apache.catalina.core.ApplicationFilterChain.internalDoFilter(ApplicationFilterChain.java:193) [catalina.jar:9.0.14]
		at org.apache.catalina.core.ApplicationFilterChain.doFilter(ApplicationFilterChain.java:166) [catalina.jar:9.0.14]
		at org.nuxeo.ecm.webengine.jaxrs.context.RequestContextFilter.run(RequestContextFilter.java:48) [nuxeo-webengine-jaxrs-10.10.jar:?]
		at org.nuxeo.ecm.webengine.jaxrs.HttpFilter.doFilter(HttpFilter.java:49) [nuxeo-webengine-jaxrs-10.10.jar:?]
		at org.apache.catalina.core.ApplicationFilterChain.internalDoFilter(ApplicationFilterChain.java:193) [catalina.jar:9.0.14]
		at org.apache.catalina.core.ApplicationFilterChain.doFilter(ApplicationFilterChain.java:166) [catalina.jar:9.0.14]
		at org.nuxeo.ecm.webengine.app.HeaderFixFilter.run(HeaderFixFilter.java:62) [nuxeo-webengine-core-10.10.jar:?]
		at org.nuxeo.ecm.webengine.jaxrs.HttpFilter.doFilter(HttpFilter.java:49) [nuxeo-webengine-jaxrs-10.10.jar:?]
		at org.apache.catalina.core.ApplicationFilterChain.internalDoFilter(ApplicationFilterChain.java:193) [catalina.jar:9.0.14]
		at org.apache.catalina.core.ApplicationFilterChain.doFilter(ApplicationFilterChain.java:166) [catalina.jar:9.0.14]
		at org.nuxeo.ecm.core.management.jtajca.internal.Log4jWebFilter.doFilter(Log4jWebFilter.java:69) [nuxeo-core-management-jtajca-10.10.jar:?]
		at org.apache.catalina.core.ApplicationFilterChain.internalDoFilter(ApplicationFilterChain.java:193) [catalina.jar:9.0.14]
		at org.apache.catalina.core.ApplicationFilterChain.doFilter(ApplicationFilterChain.java:166) [catalina.jar:9.0.14]
		at org.nuxeo.ecm.platform.web.common.requestcontroller.filter.NuxeoRequestControllerFilter.doFilter(NuxeoRequestControllerFilter.java:134) [nuxeo-platform-web-common-10.10.jar:?]
		at org.apache.catalina.core.ApplicationFilterChain.internalDoFilter(ApplicationFilterChain.java:193) [catalina.jar:9.0.14]
		at org.apache.catalina.core.ApplicationFilterChain.doFilter(ApplicationFilterChain.java:166) [catalina.jar:9.0.14]
		at org.nuxeo.ecm.platform.ui.web.auth.NuxeoAuthenticationFilter.doFilterInternal(NuxeoAuthenticationFilter.java:633) [nuxeo-platform-web-common-10.10.jar:?]
		at org.nuxeo.ecm.platform.ui.web.auth.NuxeoAuthenticationFilter.doFilter(NuxeoAuthenticationFilter.java:429) [nuxeo-platform-web-common-10.10.jar:?]
		at org.apache.catalina.core.ApplicationFilterChain.internalDoFilter(ApplicationFilterChain.java:193) [catalina.jar:9.0.14]
		at org.apache.catalina.core.ApplicationFilterChain.doFilter(ApplicationFilterChain.java:166) [catalina.jar:9.0.14]
		at org.nuxeo.ecm.platform.web.common.exceptionhandling.NuxeoExceptionFilter.doFilter(NuxeoExceptionFilter.java:67) [nuxeo-platform-web-common-10.10.jar:?]
		at org.apache.catalina.core.ApplicationFilterChain.internalDoFilter(ApplicationFilterChain.java:193) [catalina.jar:9.0.14]
		at org.apache.catalina.core.ApplicationFilterChain.doFilter(ApplicationFilterChain.java:166) [catalina.jar:9.0.14]
		at org.nuxeo.ecm.platform.web.common.encoding.NuxeoEncodingFilter.doFilter(NuxeoEncodingFilter.java:64) [nuxeo-platform-web-common-10.10.jar:?]
		at org.apache.catalina.core.ApplicationFilterChain.internalDoFilter(ApplicationFilterChain.java:193) [catalina.jar:9.0.14]
		at org.apache.catalina.core.ApplicationFilterChain.doFilter(ApplicationFilterChain.java:166) [catalina.jar:9.0.14]
		at org.apache.catalina.core.ApplicationDispatcher.invoke(ApplicationDispatcher.java:712) [catalina.jar:9.0.14]
		at org.apache.catalina.core.ApplicationDispatcher.processRequest(ApplicationDispatcher.java:459) [catalina.jar:9.0.14]
		at org.apache.catalina.core.ApplicationDispatcher.doForward(ApplicationDispatcher.java:384) [catalina.jar:9.0.14]
		at org.apache.catalina.core.ApplicationDispatcher.forward(ApplicationDispatcher.java:312) [catalina.jar:9.0.14]
		at org.nuxeo.ecm.restapi.server.APIServlet.service(APIServlet.java:50) [nuxeo-rest-api-server-10.10.jar:?]
		at javax.servlet.http.HttpServlet.service(HttpServlet.java:741) [servlet-api.jar:?]
		at org.apache.catalina.core.ApplicationFilterChain.internalDoFilter(ApplicationFilterChain.java:231) [catalina.jar:9.0.14]
		at org.apache.catalina.core.ApplicationFilterChain.doFilter(ApplicationFilterChain.java:166) [catalina.jar:9.0.14]
		at org.apache.tomcat.websocket.server.WsFilter.doFilter(WsFilter.java:53) [tomcat-websocket.jar:9.0.14]
		at org.apache.catalina.core.ApplicationFilterChain.internalDoFilter(ApplicationFilterChain.java:193) [catalina.jar:9.0.14]
		at org.apache.catalina.core.ApplicationFilterChain.doFilter(ApplicationFilterChain.java:166) [catalina.jar:9.0.14]
		at org.nuxeo.elasticsearch.ElasticSearchFilter.doFilter(ElasticSearchFilter.java:55) [nuxeo-elasticsearch-core-10.10.jar:?]
		at org.apache.catalina.core.ApplicationFilterChain.internalDoFilter(ApplicationFilterChain.java:193) [catalina.jar:9.0.14]
		at org.apache.catalina.core.ApplicationFilterChain.doFilter(ApplicationFilterChain.java:166) [catalina.jar:9.0.14]
		at org.nuxeo.ecm.platform.web.common.requestcontroller.filter.NuxeoThreadTrackerFilter.doFilter(NuxeoThreadTrackerFilter.java:43) [nuxeo-platform-web-common-10.10.jar:?]
		at org.apache.catalina.core.ApplicationFilterChain.internalDoFilter(ApplicationFilterChain.java:193) [catalina.jar:9.0.14]
		at org.apache.catalina.core.ApplicationFilterChain.doFilter(ApplicationFilterChain.java:166) [catalina.jar:9.0.14]
		at org.nuxeo.ecm.platform.web.common.requestcontroller.filter.NuxeoStandbyFilter.doFilter(NuxeoStandbyFilter.java:67) [nuxeo-platform-web-common-10.10.jar:?]
		at org.apache.catalina.core.ApplicationFilterChain.internalDoFilter(ApplicationFilterChain.java:193) [catalina.jar:9.0.14]
		at org.apache.catalina.core.ApplicationFilterChain.doFilter(ApplicationFilterChain.java:166) [catalina.jar:9.0.14]
		at org.nuxeo.ecm.core.management.jtajca.internal.Log4jWebFilter.doFilter(Log4jWebFilter.java:69) [nuxeo-core-management-jtajca-10.10.jar:?]
		at org.apache.catalina.core.ApplicationFilterChain.internalDoFilter(ApplicationFilterChain.java:193) [catalina.jar:9.0.14]
		at org.apache.catalina.core.ApplicationFilterChain.doFilter(ApplicationFilterChain.java:166) [catalina.jar:9.0.14]
		at org.nuxeo.ecm.platform.ui.web.rest.FancyURLFilter.doFilter(FancyURLFilter.java:120) [nuxeo-platform-ui-web-10.10.jar:?]
		at org.apache.catalina.core.ApplicationFilterChain.internalDoFilter(ApplicationFilterChain.java:193) [catalina.jar:9.0.14]
		at org.apache.catalina.core.ApplicationFilterChain.doFilter(ApplicationFilterChain.java:166) [catalina.jar:9.0.14]
		at org.nuxeo.ecm.platform.web.common.requestcontroller.filter.NuxeoRequestControllerFilter.doFilter(NuxeoRequestControllerFilter.java:134) [nuxeo-platform-web-common-10.10.jar:?]
		at org.apache.catalina.core.ApplicationFilterChain.internalDoFilter(ApplicationFilterChain.java:193) [catalina.jar:9.0.14]
		at org.apache.catalina.core.ApplicationFilterChain.doFilter(ApplicationFilterChain.java:166) [catalina.jar:9.0.14]
		at com.thetransactioncompany.cors.CORSFilter.doFilter(CORSFilter.java:209) [cors-filter-2.6.jar:2.6]
		at com.thetransactioncompany.cors.CORSFilter.doFilter(CORSFilter.java:244) [cors-filter-2.6.jar:2.6]
		at org.nuxeo.ecm.platform.web.common.requestcontroller.filter.NuxeoCorsCsrfFilter.doFilter(NuxeoCorsCsrfFilter.java:258) [nuxeo-platform-web-common-10.10.jar:?]
		at org.apache.catalina.core.ApplicationFilterChain.internalDoFilter(ApplicationFilterChain.java:193) [catalina.jar:9.0.14]
		at org.apache.catalina.core.ApplicationFilterChain.doFilter(ApplicationFilterChain.java:166) [catalina.jar:9.0.14]
		at org.nuxeo.ecm.platform.web.common.exceptionhandling.NuxeoExceptionFilter.doFilter(NuxeoExceptionFilter.java:67) [nuxeo-platform-web-common-10.10.jar:?]
		at org.apache.catalina.core.ApplicationFilterChain.internalDoFilter(ApplicationFilterChain.java:193) [catalina.jar:9.0.14]
		at org.apache.catalina.core.ApplicationFilterChain.doFilter(ApplicationFilterChain.java:166) [catalina.jar:9.0.14]
		at org.nuxeo.ecm.platform.web.common.encoding.NuxeoEncodingFilter.doFilter(NuxeoEncodingFilter.java:64) [nuxeo-platform-web-common-10.10.jar:?]
		at org.apache.catalina.core.ApplicationFilterChain.internalDoFilter(ApplicationFilterChain.java:193) [catalina.jar:9.0.14]
		at org.apache.catalina.core.ApplicationFilterChain.doFilter(ApplicationFilterChain.java:166) [catalina.jar:9.0.14]
		at org.apache.catalina.core.StandardWrapperValve.invoke(StandardWrapperValve.java:199) [catalina.jar:9.0.14]
		at org.apache.catalina.core.StandardContextValve.invoke(StandardContextValve.java:96) [catalina.jar:9.0.14]
		at org.apache.catalina.authenticator.AuthenticatorBase.invoke(AuthenticatorBase.java:490) [catalina.jar:9.0.14]
		at org.apache.catalina.valves.rewrite.RewriteValve.invoke(RewriteValve.java:276) [catalina.jar:9.0.14]
		at org.apache.catalina.core.StandardHostValve.invoke(StandardHostValve.java:139) [catalina.jar:9.0.14]
		at org.apache.catalina.valves.ErrorReportValve.invoke(ErrorReportValve.java:92) [catalina.jar:9.0.14]
		at org.apache.catalina.valves.AbstractAccessLogValve.invoke(AbstractAccessLogValve.java:668) [catalina.jar:9.0.14]
		at org.apache.catalina.core.StandardEngineValve.invoke(StandardEngineValve.java:74) [catalina.jar:9.0.14]
		at org.apache.catalina.connector.CoyoteAdapter.service(CoyoteAdapter.java:343) [catalina.jar:9.0.14]
		at org.apache.coyote.http11.Http11Processor.service(Http11Processor.java:408) [tomcat-coyote.jar:9.0.14]
		at org.apache.coyote.AbstractProcessorLight.process(AbstractProcessorLight.java:66) [tomcat-coyote.jar:9.0.14]
		at org.apache.coyote.AbstractProtocol$ConnectionHandler.process(AbstractProtocol.java:834) [tomcat-coyote.jar:9.0.14]
		at org.apache.tomcat.util.net.NioEndpoint$SocketProcessor.doRun(NioEndpoint.java:1417) [tomcat-coyote.jar:9.0.14]
		at org.apache.tomcat.util.net.SocketProcessorBase.run(SocketProcessorBase.java:49) [tomcat-coyote.jar:9.0.14]
		at java.util.concurrent.ThreadPoolExecutor.runWorker(ThreadPoolExecutor.java:1149) [?:1.8.0_302]
		at java.util.concurrent.ThreadPoolExecutor$Worker.run(ThreadPoolExecutor.java:624) [?:1.8.0_302]
		at org.apache.tomcat.util.threads.TaskThread$WrappingRunnable.run(TaskThread.java:61) [tomcat-util.jar:9.0.14]
		at java.lang.Thread.run(Thread.java:748) [?:1.8.0_302]
Caused by: org.codehaus.groovy.control.MultipleCompilationErrorsException: startup failed:
script17600999879392086860178.groovy: 15: unable to resolve class org.nuxeo.connect.platform.PlatformId
 @ line 15, column 5.
       import org.nuxeo.connect.platform.PlatformId
       ^

1 error

	at org.codehaus.groovy.control.ErrorCollector.failIfErrors(ErrorCollector.java:310) ~[groovy-all-2.4.12.jar:2.4.12]
	at org.codehaus.groovy.control.CompilationUnit.applyToSourceUnits(CompilationUnit.java:958) ~[groovy-all-2.4.12.jar:2.4.12]
	at org.codehaus.groovy.control.CompilationUnit.doPhaseOperation(CompilationUnit.java:605) ~[groovy-all-2.4.12.jar:2.4.12]
	at org.codehaus.groovy.control.CompilationUnit.compile(CompilationUnit.java:554) ~[groovy-all-2.4.12.jar:2.4.12]
	at groovy.lang.GroovyClassLoader.doParseClass(GroovyClassLoader.java:298) ~[groovy-all-2.4.12.jar:2.4.12]
	at groovy.lang.GroovyClassLoader.parseClass(GroovyClassLoader.java:268) ~[groovy-all-2.4.12.jar:2.4.12]
	at groovy.lang.GroovyClassLoader.parseClass(GroovyClassLoader.java:254) ~[groovy-all-2.4.12.jar:2.4.12]
	at groovy.lang.GroovyClassLoader.parseClass(GroovyClassLoader.java:211) ~[groovy-all-2.4.12.jar:2.4.12]
	at groovy.lang.GroovyClassLoader.parseClass(GroovyClassLoader.java:221) ~[groovy-all-2.4.12.jar:2.4.12]
	at org.nuxeo.ecm.automation.core.scripting.GroovyScripting.getScript(GroovyScripting.java:129) ~[nuxeo-automation-core-10.10.jar:?]
	at org.nuxeo.ecm.automation.core.scripting.Scripting$GroovyScript.<init>(Scripting.java:159) ~[nuxeo-automation-core-10.10.jar:?]
	at org.nuxeo.ecm.automation.core.operations.RunInputScript.run(RunInputScript.java:61) ~[nuxeo-automation-core-10.10.jar:?]
	at sun.reflect.NativeMethodAccessorImpl.invoke0(Native Method) ~[?:1.8.0_302]
	at sun.reflect.NativeMethodAccessorImpl.invoke(NativeMethodAccessorImpl.java:62) ~[?:1.8.0_302]
	at sun.reflect.DelegatingMethodAccessorImpl.invoke(DelegatingMethodAccessorImpl.java:43) ~[?:1.8.0_302]
	at java.lang.reflect.Method.invoke(Method.java:498) ~[?:1.8.0_302]
	at org.nuxeo.ecm.automation.core.impl.InvokableMethod.doInvoke(InvokableMethod.java:174) ~[nuxeo-automation-core-10.10.jar:?]
	at org.nuxeo.ecm.automation.core.impl.InvokableMethod.invoke(InvokableMethod.java:179) ~[nuxeo-automation-core-10.10.jar:?]
	at org.nuxeo.ecm.automation.core.impl.OperationChainCompiler$OperationMethod.invoke(OperationChainCompiler.java:151) ~[nuxeo-automation-core-10.10.jar:?]
	at org.nuxeo.ecm.automation.core.impl.OperationChainCompiler$CompiledChainImpl.lambda$invoke$0(OperationChainCompiler.java:218) ~[nuxeo-automation-core-10.10.jar:?]
	at org.nuxeo.ecm.automation.OperationContext.call(OperationContext.java:326) ~[nuxeo-automation-core-10.10.jar:?]
	at org.nuxeo.ecm.automation.OperationContext.callWithChainParameters(OperationContext.java:291) ~[nuxeo-automation-core-10.10.jar:?]
	at org.nuxeo.ecm.automation.core.impl.OperationChainCompiler$CompiledChainImpl.invoke(OperationChainCompiler.java:215) ~[nuxeo-automation-core-10.10.jar:?]
	at org.nuxeo.ecm.automation.core.impl.OperationServiceImpl.run(OperationServiceImpl.java:115) ~[nuxeo-automation-core-10.10.jar:?]
	at org.nuxeo.ecm.automation.core.impl.OperationServiceImpl.lambda$run$0(OperationServiceImpl.java:105) ~[nuxeo-automation-core-10.10.jar:?]
	at org.nuxeo.ecm.automation.OperationContext.call(OperationContext.java:326) ~[nuxeo-automation-core-10.10.jar:?]
	at org.nuxeo.ecm.automation.OperationContext.callWithChainParameters(OperationContext.java:291) ~[nuxeo-automation-core-10.10.jar:?]
	at org.nuxeo.ecm.automation.core.impl.OperationServiceImpl.run(OperationServiceImpl.java:105) ~[nuxeo-automation-core-10.10.jar:?]
	at org.nuxeo.ecm.automation.server.jaxrs.OperationResource.execute(OperationResource.java:58) ~[nuxeo-automation-server-10.10.jar:?]
	at org.nuxeo.ecm.automation.server.jaxrs.ExecutableResource.doPost(ExecutableResource.java:70) ~[nuxeo-automation-server-10.10.jar:?]
	... 122 more
2025-10-10T12:39:49,021 WARN  [http-nio-0.0.0.0-8080-exec-8] [org.nuxeo.ecm.automation.core.trace.Trace] 

****** chain ******
Name: RunInputScript
Exception: OperationException
Caught error: Failed to invoke operation RunInputScript with aliases [Context.RunInputScript]
Caused by: org.nuxeo.ecm.automation.OperationException: Failed to invoke operation RunInputScript with aliases [Context.RunInputScript]
****** Hierarchy calls ******
	org.nuxeo.ecm.automation.core.operations.RunInputScript

2025-10-10T12:39:49,022 ERROR [http-nio-0.0.0.0-8080-exec-8] [org.nuxeo.ecm.webengine.app.WebEngineExceptionMapper] org.nuxeo.ecm.core.api.NuxeoException: Failed to invoke operation: RunInputScript
org.nuxeo.ecm.core.api.NuxeoException: Failed to invoke operation: RunInputScript
	at org.nuxeo.ecm.automation.server.jaxrs.ExecutableResource.doPost(ExecutableResource.java:87) ~[nuxeo-automation-server-10.10.jar:?]
	at sun.reflect.NativeMethodAccessorImpl.invoke0(Native Method) ~[?:1.8.0_302]
	at sun.reflect.NativeMethodAccessorImpl.invoke(NativeMethodAccessorImpl.java:62) ~[?:1.8.0_302]
	at sun.reflect.DelegatingMethodAccessorImpl.invoke(DelegatingMethodAccessorImpl.java:43) ~[?:1.8.0_302]
	at java.lang.reflect.Method.invoke(Method.java:498) ~[?:1.8.0_302]
	at com.sun.jersey.spi.container.JavaMethodInvokerFactory$1.invoke(JavaMethodInvokerFactory.java:60) ~[jersey-server-1.19.4.jar:1.19.4]
	at com.sun.jersey.server.impl.model.method.dispatch.AbstractResourceMethodDispatchProvider$ObjectOutInvoker._dispatch(AbstractResourceMethodDispatchProvider.java:258) ~[jersey-server-1.19.4.jar:1.19.4]
	at com.sun.jersey.server.impl.model.method.dispatch.ResourceJavaMethodDispatcher.dispatch(ResourceJavaMethodDispatcher.java:75) ~[jersey-server-1.19.4.jar:1.19.4]
	at com.sun.jersey.server.impl.uri.rules.HttpMethodRule.accept(HttpMethodRule.java:302) ~[jersey-server-1.19.4.jar:1.19.4]
	at com.sun.jersey.server.impl.uri.rules.SubLocatorRule.accept(SubLocatorRule.java:137) ~[jersey-server-1.19.4.jar:1.19.4]
	at com.sun.jersey.server.impl.uri.rules.RightHandPathRule.accept(RightHandPathRule.java:147) ~[jersey-server-1.19.4.jar:1.19.4]
	at com.sun.jersey.server.impl.uri.rules.SubLocatorRule.accept(SubLocatorRule.java:137) ~[jersey-server-1.19.4.jar:1.19.4]
	at com.sun.jersey.server.impl.uri.rules.RightHandPathRule.accept(RightHandPathRule.java:147) ~[jersey-server-1.19.4.jar:1.19.4]
	at com.sun.jersey.server.impl.uri.rules.ResourceClassRule.accept(ResourceClassRule.java:108) ~[jersey-server-1.19.4.jar:1.19.4]
	at com.sun.jersey.server.impl.uri.rules.RightHandPathRule.accept(RightHandPathRule.java:147) ~[jersey-server-1.19.4.jar:1.19.4]
	at com.sun.jersey.server.impl.uri.rules.RootResourceClassesRule.accept(RootResourceClassesRule.java:84) ~[jersey-server-1.19.4.jar:1.19.4]
	at com.sun.jersey.server.impl.application.WebApplicationImpl._handleRequest(WebApplicationImpl.java:1542) ~[jersey-server-1.19.4.jar:1.19.4]
	at com.sun.jersey.server.impl.application.WebApplicationImpl._handleRequest(WebApplicationImpl.java:1473) [jersey-server-1.19.4.jar:1.19.4]
	at com.sun.jersey.server.impl.application.WebApplicationImpl.handleRequest(WebApplicationImpl.java:1419) [jersey-server-1.19.4.jar:1.19.4]
	at com.sun.jersey.server.impl.application.WebApplicationImpl.handleRequest(WebApplicationImpl.java:1409) [jersey-server-1.19.4.jar:1.19.4]
	at com.sun.jersey.spi.container.servlet.WebComponent.service(WebComponent.java:409) [jersey-servlet-1.19.4.jar:1.19.4]
	at com.sun.jersey.spi.container.servlet.ServletContainer.service(ServletContainer.java:558) [jersey-servlet-1.19.4.jar:1.19.4]
	at com.sun.jersey.spi.container.servlet.ServletContainer.service(ServletContainer.java:733) [jersey-servlet-1.19.4.jar:1.19.4]
	at org.nuxeo.ecm.webengine.app.jersey.WebEngineServlet.containerService(WebEngineServlet.java:72) [nuxeo-webengine-core-10.10.jar:?]
	at org.nuxeo.ecm.webengine.app.jersey.WebEngineServlet.service(WebEngineServlet.java:56) [nuxeo-webengine-core-10.10.jar:?]
	at javax.servlet.http.HttpServlet.service(HttpServlet.java:741) [servlet-api.jar:?]
	at org.apache.catalina.core.ApplicationFilterChain.internalDoFilter(ApplicationFilterChain.java:231) [catalina.jar:9.0.14]
	at org.apache.catalina.core.ApplicationFilterChain.doFilter(ApplicationFilterChain.java:166) [catalina.jar:9.0.14]
	at org.apache.tomcat.websocket.server.WsFilter.doFilter(WsFilter.java:53) [tomcat-websocket.jar:9.0.14]
	at org.apache.catalina.core.ApplicationFilterChain.internalDoFilter(ApplicationFilterChain.java:193) [catalina.jar:9.0.14]
	at org.apache.catalina.core.ApplicationFilterChain.doFilter(ApplicationFilterChain.java:166) [catalina.jar:9.0.14]
	at org.nuxeo.elasticsearch.ElasticSearchFilter.doFilter(ElasticSearchFilter.java:55) [nuxeo-elasticsearch-core-10.10.jar:?]
	at org.apache.catalina.core.ApplicationFilterChain.internalDoFilter(ApplicationFilterChain.java:193) [catalina.jar:9.0.14]
	at org.apache.catalina.core.ApplicationFilterChain.doFilter(ApplicationFilterChain.java:166) [catalina.jar:9.0.14]
	at org.nuxeo.ecm.webengine.jaxrs.session.SessionCleanupFilter.run(SessionCleanupFilter.java:50) [nuxeo-webengine-jaxrs-10.10.jar:?]
	at org.nuxeo.ecm.webengine.jaxrs.HttpFilter.doFilter(HttpFilter.java:49) [nuxeo-webengine-jaxrs-10.10.jar:?]
	at org.apache.catalina.core.ApplicationFilterChain.internalDoFilter(ApplicationFilterChain.java:193) [catalina.jar:9.0.14]
	at org.apache.catalina.core.ApplicationFilterChain.doFilter(ApplicationFilterChain.java:166) [catalina.jar:9.0.14]
	at org.nuxeo.ecm.webengine.app.WebContextFilter.doFilter(WebContextFilter.java:56) [nuxeo-webengine-core-10.10.jar:?]
	at org.apache.catalina.core.ApplicationFilterChain.internalDoFilter(ApplicationFilterChain.java:193) [catalina.jar:9.0.14]
	at org.apache.catalina.core.ApplicationFilterChain.doFilter(ApplicationFilterChain.java:166) [catalina.jar:9.0.14]
	at org.nuxeo.ecm.webengine.jaxrs.context.RequestContextFilter.run(RequestContextFilter.java:48) [nuxeo-webengine-jaxrs-10.10.jar:?]
	at org.nuxeo.ecm.webengine.jaxrs.HttpFilter.doFilter(HttpFilter.java:49) [nuxeo-webengine-jaxrs-10.10.jar:?]
	at org.apache.catalina.core.ApplicationFilterChain.internalDoFilter(ApplicationFilterChain.java:193) [catalina.jar:9.0.14]
	at org.apache.catalina.core.ApplicationFilterChain.doFilter(ApplicationFilterChain.java:166) [catalina.jar:9.0.14]
	at org.nuxeo.ecm.webengine.app.HeaderFixFilter.run(HeaderFixFilter.java:62) [nuxeo-webengine-core-10.10.jar:?]
	at org.nuxeo.ecm.webengine.jaxrs.HttpFilter.doFilter(HttpFilter.java:49) [nuxeo-webengine-jaxrs-10.10.jar:?]
	at org.apache.catalina.core.ApplicationFilterChain.internalDoFilter(ApplicationFilterChain.java:193) [catalina.jar:9.0.14]
	at org.apache.catalina.core.ApplicationFilterChain.doFilter(ApplicationFilterChain.java:166) [catalina.jar:9.0.14]
	at org.nuxeo.ecm.core.management.jtajca.internal.Log4jWebFilter.doFilter(Log4jWebFilter.java:69) [nuxeo-core-management-jtajca-10.10.jar:?]
	at org.apache.catalina.core.ApplicationFilterChain.internalDoFilter(ApplicationFilterChain.java:193) [catalina.jar:9.0.14]
	at org.apache.catalina.core.ApplicationFilterChain.doFilter(ApplicationFilterChain.java:166) [catalina.jar:9.0.14]
	at org.nuxeo.ecm.platform.web.common.requestcontroller.filter.NuxeoRequestControllerFilter.doFilter(NuxeoRequestControllerFilter.java:134) [nuxeo-platform-web-common-10.10.jar:?]
	at org.apache.catalina.core.ApplicationFilterChain.internalDoFilter(ApplicationFilterChain.java:193) [catalina.jar:9.0.14]
	at org.apache.catalina.core.ApplicationFilterChain.doFilter(ApplicationFilterChain.java:166) [catalina.jar:9.0.14]
	at org.nuxeo.ecm.platform.ui.web.auth.NuxeoAuthenticationFilter.doFilterInternal(NuxeoAuthenticationFilter.java:633) [nuxeo-platform-web-common-10.10.jar:?]
	at org.nuxeo.ecm.platform.ui.web.auth.NuxeoAuthenticationFilter.doFilter(NuxeoAuthenticationFilter.java:429) [nuxeo-platform-web-common-10.10.jar:?]
	at org.apache.catalina.core.ApplicationFilterChain.internalDoFilter(ApplicationFilterChain.java:193) [catalina.jar:9.0.14]
	at org.apache.catalina.core.ApplicationFilterChain.doFilter(ApplicationFilterChain.java:166) [catalina.jar:9.0.14]
	at org.nuxeo.ecm.platform.web.common.exceptionhandling.NuxeoExceptionFilter.doFilter(NuxeoExceptionFilter.java:67) [nuxeo-platform-web-common-10.10.jar:?]
	at org.apache.catalina.core.ApplicationFilterChain.internalDoFilter(ApplicationFilterChain.java:193) [catalina.jar:9.0.14]
	at org.apache.catalina.core.ApplicationFilterChain.doFilter(ApplicationFilterChain.java:166) [catalina.jar:9.0.14]
	at org.nuxeo.ecm.platform.web.common.encoding.NuxeoEncodingFilter.doFilter(NuxeoEncodingFilter.java:64) [nuxeo-platform-web-common-10.10.jar:?]
	at org.apache.catalina.core.ApplicationFilterChain.internalDoFilter(ApplicationFilterChain.java:193) [catalina.jar:9.0.14]
	at org.apache.catalina.core.ApplicationFilterChain.doFilter(ApplicationFilterChain.java:166) [catalina.jar:9.0.14]
	at org.apache.catalina.core.ApplicationDispatcher.invoke(ApplicationDispatcher.java:712) [catalina.jar:9.0.14]
	at org.apache.catalina.core.ApplicationDispatcher.processRequest(ApplicationDispatcher.java:459) [catalina.jar:9.0.14]
	at org.apache.catalina.core.ApplicationDispatcher.doForward(ApplicationDispatcher.java:384) [catalina.jar:9.0.14]
	at org.apache.catalina.core.ApplicationDispatcher.forward(ApplicationDispatcher.java:312) [catalina.jar:9.0.14]
	at org.nuxeo.ecm.restapi.server.APIServlet.service(APIServlet.java:50) [nuxeo-rest-api-server-10.10.jar:?]
	at javax.servlet.http.HttpServlet.service(HttpServlet.java:741) [servlet-api.jar:?]
	at org.apache.catalina.core.ApplicationFilterChain.internalDoFilter(ApplicationFilterChain.java:231) [catalina.jar:9.0.14]
	at org.apache.catalina.core.ApplicationFilterChain.doFilter(ApplicationFilterChain.java:166) [catalina.jar:9.0.14]
	at org.apache.tomcat.websocket.server.WsFilter.doFilter(WsFilter.java:53) [tomcat-websocket.jar:9.0.14]
	at org.apache.catalina.core.ApplicationFilterChain.internalDoFilter(ApplicationFilterChain.java:193) [catalina.jar:9.0.14]
	at org.apache.catalina.core.ApplicationFilterChain.doFilter(ApplicationFilterChain.java:166) [catalina.jar:9.0.14]
	at org.nuxeo.elasticsearch.ElasticSearchFilter.doFilter(ElasticSearchFilter.java:55) [nuxeo-elasticsearch-core-10.10.jar:?]
	at org.apache.catalina.core.ApplicationFilterChain.internalDoFilter(ApplicationFilterChain.java:193) [catalina.jar:9.0.14]
	at org.apache.catalina.core.ApplicationFilterChain.doFilter(ApplicationFilterChain.java:166) [catalina.jar:9.0.14]
	at org.nuxeo.ecm.platform.web.common.requestcontroller.filter.NuxeoThreadTrackerFilter.doFilter(NuxeoThreadTrackerFilter.java:43) [nuxeo-platform-web-common-10.10.jar:?]
	at org.apache.catalina.core.ApplicationFilterChain.internalDoFilter(ApplicationFilterChain.java:193) [catalina.jar:9.0.14]
	at org.apache.catalina.core.ApplicationFilterChain.doFilter(ApplicationFilterChain.java:166) [catalina.jar:9.0.14]
	at org.nuxeo.ecm.platform.web.common.requestcontroller.filter.NuxeoStandbyFilter.doFilter(NuxeoStandbyFilter.java:67) [nuxeo-platform-web-common-10.10.jar:?]
	at org.apache.catalina.core.ApplicationFilterChain.internalDoFilter(ApplicationFilterChain.java:193) [catalina.jar:9.0.14]
	at org.apache.catalina.core.ApplicationFilterChain.doFilter(ApplicationFilterChain.java:166) [catalina.jar:9.0.14]
	at org.nuxeo.ecm.core.management.jtajca.internal.Log4jWebFilter.doFilter(Log4jWebFilter.java:69) [nuxeo-core-management-jtajca-10.10.jar:?]
	at org.apache.catalina.core.ApplicationFilterChain.internalDoFilter(ApplicationFilterChain.java:193) [catalina.jar:9.0.14]
	at org.apache.catalina.core.ApplicationFilterChain.doFilter(ApplicationFilterChain.java:166) [catalina.jar:9.0.14]
	at org.nuxeo.ecm.platform.ui.web.rest.FancyURLFilter.doFilter(FancyURLFilter.java:120) [nuxeo-platform-ui-web-10.10.jar:?]
	at org.apache.catalina.core.ApplicationFilterChain.internalDoFilter(ApplicationFilterChain.java:193) [catalina.jar:9.0.14]
	at org.apache.catalina.core.ApplicationFilterChain.doFilter(ApplicationFilterChain.java:166) [catalina.jar:9.0.14]
	at org.nuxeo.ecm.platform.web.common.requestcontroller.filter.NuxeoRequestControllerFilter.doFilter(NuxeoRequestControllerFilter.java:134) [nuxeo-platform-web-common-10.10.jar:?]
	at org.apache.catalina.core.ApplicationFilterChain.internalDoFilter(ApplicationFilterChain.java:193) [catalina.jar:9.0.14]
	at org.apache.catalina.core.ApplicationFilterChain.doFilter(ApplicationFilterChain.java:166) [catalina.jar:9.0.14]
	at com.thetransactioncompany.cors.CORSFilter.doFilter(CORSFilter.java:209) [cors-filter-2.6.jar:2.6]
	at com.thetransactioncompany.cors.CORSFilter.doFilter(CORSFilter.java:244) [cors-filter-2.6.jar:2.6]
	at org.nuxeo.ecm.platform.web.common.requestcontroller.filter.NuxeoCorsCsrfFilter.doFilter(NuxeoCorsCsrfFilter.java:258) [nuxeo-platform-web-common-10.10.jar:?]
	at org.apache.catalina.core.ApplicationFilterChain.internalDoFilter(ApplicationFilterChain.java:193) [catalina.jar:9.0.14]
	at org.apache.catalina.core.ApplicationFilterChain.doFilter(ApplicationFilterChain.java:166) [catalina.jar:9.0.14]
	at org.nuxeo.ecm.platform.web.common.exceptionhandling.NuxeoExceptionFilter.doFilter(NuxeoExceptionFilter.java:67) [nuxeo-platform-web-common-10.10.jar:?]
	at org.apache.catalina.core.ApplicationFilterChain.internalDoFilter(ApplicationFilterChain.java:193) [catalina.jar:9.0.14]
	at org.apache.catalina.core.ApplicationFilterChain.doFilter(ApplicationFilterChain.java:166) [catalina.jar:9.0.14]
	at org.nuxeo.ecm.platform.web.common.encoding.NuxeoEncodingFilter.doFilter(NuxeoEncodingFilter.java:64) [nuxeo-platform-web-common-10.10.jar:?]
	at org.apache.catalina.core.ApplicationFilterChain.internalDoFilter(ApplicationFilterChain.java:193) [catalina.jar:9.0.14]
	at org.apache.catalina.core.ApplicationFilterChain.doFilter(ApplicationFilterChain.java:166) [catalina.jar:9.0.14]
	at org.apache.catalina.core.StandardWrapperValve.invoke(StandardWrapperValve.java:199) [catalina.jar:9.0.14]
	at org.apache.catalina.core.StandardContextValve.invoke(StandardContextValve.java:96) [catalina.jar:9.0.14]
	at org.apache.catalina.authenticator.AuthenticatorBase.invoke(AuthenticatorBase.java:490) [catalina.jar:9.0.14]
	at org.apache.catalina.valves.rewrite.RewriteValve.invoke(RewriteValve.java:276) [catalina.jar:9.0.14]
	at org.apache.catalina.core.StandardHostValve.invoke(StandardHostValve.java:139) [catalina.jar:9.0.14]
	at org.apache.catalina.valves.ErrorReportValve.invoke(ErrorReportValve.java:92) [catalina.jar:9.0.14]
	at org.apache.catalina.valves.AbstractAccessLogValve.invoke(AbstractAccessLogValve.java:668) [catalina.jar:9.0.14]
	at org.apache.catalina.core.StandardEngineValve.invoke(StandardEngineValve.java:74) [catalina.jar:9.0.14]
	at org.apache.catalina.connector.CoyoteAdapter.service(CoyoteAdapter.java:343) [catalina.jar:9.0.14]
	at org.apache.coyote.http11.Http11Processor.service(Http11Processor.java:408) [tomcat-coyote.jar:9.0.14]
	at org.apache.coyote.AbstractProcessorLight.process(AbstractProcessorLight.java:66) [tomcat-coyote.jar:9.0.14]
	at org.apache.coyote.AbstractProtocol$ConnectionHandler.process(AbstractProtocol.java:834) [tomcat-coyote.jar:9.0.14]
	at org.apache.tomcat.util.net.NioEndpoint$SocketProcessor.doRun(NioEndpoint.java:1417) [tomcat-coyote.jar:9.0.14]
	at org.apache.tomcat.util.net.SocketProcessorBase.run(SocketProcessorBase.java:49) [tomcat-coyote.jar:9.0.14]
	at java.util.concurrent.ThreadPoolExecutor.runWorker(ThreadPoolExecutor.java:1149) [?:1.8.0_302]
	at java.util.concurrent.ThreadPoolExecutor$Worker.run(ThreadPoolExecutor.java:624) [?:1.8.0_302]
	at org.apache.tomcat.util.threads.TaskThread$WrappingRunnable.run(TaskThread.java:61) [tomcat-util.jar:9.0.14]
	at java.lang.Thread.run(Thread.java:748) [?:1.8.0_302]
Caused by: org.nuxeo.ecm.automation.OperationException: Failed to invoke operation RunInputScript with aliases [Context.RunInputScript]
	at org.nuxeo.ecm.automation.core.impl.InvokableMethod.invoke(InvokableMethod.java:189) ~[nuxeo-automation-core-10.10.jar:?]
	at org.nuxeo.ecm.automation.core.impl.OperationChainCompiler$OperationMethod.invoke(OperationChainCompiler.java:151) ~[nuxeo-automation-core-10.10.jar:?]
	at org.nuxeo.ecm.automation.core.impl.OperationChainCompiler$CompiledChainImpl.lambda$invoke$0(OperationChainCompiler.java:218) ~[nuxeo-automation-core-10.10.jar:?]
	at org.nuxeo.ecm.automation.OperationContext.call(OperationContext.java:326) ~[nuxeo-automation-core-10.10.jar:?]
	at org.nuxeo.ecm.automation.OperationContext.callWithChainParameters(OperationContext.java:291) ~[nuxeo-automation-core-10.10.jar:?]
	at org.nuxeo.ecm.automation.core.impl.OperationChainCompiler$CompiledChainImpl.invoke(OperationChainCompiler.java:215) ~[nuxeo-automation-core-10.10.jar:?]
	at org.nuxeo.ecm.automation.core.impl.OperationServiceImpl.run(OperationServiceImpl.java:115) ~[nuxeo-automation-core-10.10.jar:?]
	at org.nuxeo.ecm.automation.core.impl.OperationServiceImpl.lambda$run$0(OperationServiceImpl.java:105) ~[nuxeo-automation-core-10.10.jar:?]
	at org.nuxeo.ecm.automation.OperationContext.call(OperationContext.java:326) ~[nuxeo-automation-core-10.10.jar:?]
	at org.nuxeo.ecm.automation.OperationContext.callWithChainParameters(OperationContext.java:291) ~[nuxeo-automation-core-10.10.jar:?]
	at org.nuxeo.ecm.automation.core.impl.OperationServiceImpl.run(OperationServiceImpl.java:105) ~[nuxeo-automation-core-10.10.jar:?]
	at org.nuxeo.ecm.automation.server.jaxrs.OperationResource.execute(OperationResource.java:58) ~[nuxeo-automation-server-10.10.jar:?]
	at org.nuxeo.ecm.automation.server.jaxrs.ExecutableResource.doPost(ExecutableResource.java:70) ~[nuxeo-automation-server-10.10.jar:?]
	... 122 more
	Suppressed: java.lang.Throwable: 

****** chain ******
Name: RunInputScript
Exception: OperationException
Caught error: Failed to invoke operation RunInputScript with aliases [Context.RunInputScript]
Caused by: org.nuxeo.ecm.automation.OperationException: Failed to invoke operation RunInputScript with aliases [Context.RunInputScript]
****** Hierarchy calls ******
	org.nuxeo.ecm.automation.core.operations.RunInputScript

		at org.nuxeo.ecm.automation.core.trace.TracerFactory.onTrace(TracerFactory.java:198) ~[nuxeo-automation-core-10.10.jar:?]
		at org.nuxeo.ecm.automation.core.trace.Tracer.popContext(Tracer.java:73) ~[nuxeo-automation-core-10.10.jar:?]
		at org.nuxeo.ecm.automation.core.trace.Tracer.onChainExit(Tracer.java:86) ~[nuxeo-automation-core-10.10.jar:?]
		at org.nuxeo.ecm.automation.core.impl.OperationChainCompiler$CompiledChainImpl.lambda$invoke$0(OperationChainCompiler.java:227) ~[nuxeo-automation-core-10.10.jar:?]
		at org.nuxeo.ecm.automation.OperationContext.call(OperationContext.java:326) ~[nuxeo-automation-core-10.10.jar:?]
		at org.nuxeo.ecm.automation.OperationContext.callWithChainParameters(OperationContext.java:291) ~[nuxeo-automation-core-10.10.jar:?]
		at org.nuxeo.ecm.automation.core.impl.OperationChainCompiler$CompiledChainImpl.invoke(OperationChainCompiler.java:215) ~[nuxeo-automation-core-10.10.jar:?]
		at org.nuxeo.ecm.automation.core.impl.OperationServiceImpl.run(OperationServiceImpl.java:115) ~[nuxeo-automation-core-10.10.jar:?]
		at org.nuxeo.ecm.automation.core.impl.OperationServiceImpl.lambda$run$0(OperationServiceImpl.java:105) ~[nuxeo-automation-core-10.10.jar:?]
		at org.nuxeo.ecm.automation.OperationContext.call(OperationContext.java:326) ~[nuxeo-automation-core-10.10.jar:?]
		at org.nuxeo.ecm.automation.OperationContext.callWithChainParameters(OperationContext.java:291) ~[nuxeo-automation-core-10.10.jar:?]
		at org.nuxeo.ecm.automation.core.impl.OperationServiceImpl.run(OperationServiceImpl.java:105) ~[nuxeo-automation-core-10.10.jar:?]
		at org.nuxeo.ecm.automation.server.jaxrs.OperationResource.execute(OperationResource.java:58) ~[nuxeo-automation-server-10.10.jar:?]
		at org.nuxeo.ecm.automation.server.jaxrs.ExecutableResource.doPost(ExecutableResource.java:70) ~[nuxeo-automation-server-10.10.jar:?]
		at sun.reflect.NativeMethodAccessorImpl.invoke0(Native Method) ~[?:1.8.0_302]
		at sun.reflect.NativeMethodAccessorImpl.invoke(NativeMethodAccessorImpl.java:62) ~[?:1.8.0_302]
		at sun.reflect.DelegatingMethodAccessorImpl.invoke(DelegatingMethodAccessorImpl.java:43) ~[?:1.8.0_302]
		at java.lang.reflect.Method.invoke(Method.java:498) ~[?:1.8.0_302]
		at com.sun.jersey.spi.container.JavaMethodInvokerFactory$1.invoke(JavaMethodInvokerFactory.java:60) ~[jersey-server-1.19.4.jar:1.19.4]
		at com.sun.jersey.server.impl.model.method.dispatch.AbstractResourceMethodDispatchProvider$ObjectOutInvoker._dispatch(AbstractResourceMethodDispatchProvider.java:258) ~[jersey-server-1.19.4.jar:1.19.4]
		at com.sun.jersey.server.impl.model.method.dispatch.ResourceJavaMethodDispatcher.dispatch(ResourceJavaMethodDispatcher.java:75) ~[jersey-server-1.19.4.jar:1.19.4]
		at com.sun.jersey.server.impl.uri.rules.HttpMethodRule.accept(HttpMethodRule.java:302) ~[jersey-server-1.19.4.jar:1.19.4]
		at com.sun.jersey.server.impl.uri.rules.SubLocatorRule.accept(SubLocatorRule.java:137) ~[jersey-server-1.19.4.jar:1.19.4]
		at com.sun.jersey.server.impl.uri.rules.RightHandPathRule.accept(RightHandPathRule.java:147) ~[jersey-server-1.19.4.jar:1.19.4]
		at com.sun.jersey.server.impl.uri.rules.SubLocatorRule.accept(SubLocatorRule.java:137) ~[jersey-server-1.19.4.jar:1.19.4]
		at com.sun.jersey.server.impl.uri.rules.RightHandPathRule.accept(RightHandPathRule.java:147) ~[jersey-server-1.19.4.jar:1.19.4]
		at com.sun.jersey.server.impl.uri.rules.ResourceClassRule.accept(ResourceClassRule.java:108) ~[jersey-server-1.19.4.jar:1.19.4]
		at com.sun.jersey.server.impl.uri.rules.RightHandPathRule.accept(RightHandPathRule.java:147) ~[jersey-server-1.19.4.jar:1.19.4]
		at com.sun.jersey.server.impl.uri.rules.RootResourceClassesRule.accept(RootResourceClassesRule.java:84) ~[jersey-server-1.19.4.jar:1.19.4]
		at com.sun.jersey.server.impl.application.WebApplicationImpl._handleRequest(WebApplicationImpl.java:1542) ~[jersey-server-1.19.4.jar:1.19.4]
		at com.sun.jersey.server.impl.application.WebApplicationImpl._handleRequest(WebApplicationImpl.java:1473) [jersey-server-1.19.4.jar:1.19.4]
		at com.sun.jersey.server.impl.application.WebApplicationImpl.handleRequest(WebApplicationImpl.java:1419) [jersey-server-1.19.4.jar:1.19.4]
		at com.sun.jersey.server.impl.application.WebApplicationImpl.handleRequest(WebApplicationImpl.java:1409) [jersey-server-1.19.4.jar:1.19.4]
		at com.sun.jersey.spi.container.servlet.WebComponent.service(WebComponent.java:409) [jersey-servlet-1.19.4.jar:1.19.4]
		at com.sun.jersey.spi.container.servlet.ServletContainer.service(ServletContainer.java:558) [jersey-servlet-1.19.4.jar:1.19.4]
		at com.sun.jersey.spi.container.servlet.ServletContainer.service(ServletContainer.java:733) [jersey-servlet-1.19.4.jar:1.19.4]
		at org.nuxeo.ecm.webengine.app.jersey.WebEngineServlet.containerService(WebEngineServlet.java:72) [nuxeo-webengine-core-10.10.jar:?]
		at org.nuxeo.ecm.webengine.app.jersey.WebEngineServlet.service(WebEngineServlet.java:56) [nuxeo-webengine-core-10.10.jar:?]
		at javax.servlet.http.HttpServlet.service(HttpServlet.java:741) [servlet-api.jar:?]
		at org.apache.catalina.core.ApplicationFilterChain.internalDoFilter(ApplicationFilterChain.java:231) [catalina.jar:9.0.14]
		at org.apache.catalina.core.ApplicationFilterChain.doFilter(ApplicationFilterChain.java:166) [catalina.jar:9.0.14]
		at org.apache.tomcat.websocket.server.WsFilter.doFilter(WsFilter.java:53) [tomcat-websocket.jar:9.0.14]
		at org.apache.catalina.core.ApplicationFilterChain.internalDoFilter(ApplicationFilterChain.java:193) [catalina.jar:9.0.14]
		at org.apache.catalina.core.ApplicationFilterChain.doFilter(ApplicationFilterChain.java:166) [catalina.jar:9.0.14]
		at org.nuxeo.elasticsearch.ElasticSearchFilter.doFilter(ElasticSearchFilter.java:55) [nuxeo-elasticsearch-core-10.10.jar:?]
		at org.apache.catalina.core.ApplicationFilterChain.internalDoFilter(ApplicationFilterChain.java:193) [catalina.jar:9.0.14]
		at org.apache.catalina.core.ApplicationFilterChain.doFilter(ApplicationFilterChain.java:166) [catalina.jar:9.0.14]
		at org.nuxeo.ecm.webengine.jaxrs.session.SessionCleanupFilter.run(SessionCleanupFilter.java:50) [nuxeo-webengine-jaxrs-10.10.jar:?]
		at org.nuxeo.ecm.webengine.jaxrs.HttpFilter.doFilter(HttpFilter.java:49) [nuxeo-webengine-jaxrs-10.10.jar:?]
		at org.apache.catalina.core.ApplicationFilterChain.internalDoFilter(ApplicationFilterChain.java:193) [catalina.jar:9.0.14]
		at org.apache.catalina.core.ApplicationFilterChain.doFilter(ApplicationFilterChain.java:166) [catalina.jar:9.0.14]
		at org.nuxeo.ecm.webengine.app.WebContextFilter.doFilter(WebContextFilter.java:56) [nuxeo-webengine-core-10.10.jar:?]
		at org.apache.catalina.core.ApplicationFilterChain.internalDoFilter(ApplicationFilterChain.java:193) [catalina.jar:9.0.14]
		at org.apache.catalina.core.ApplicationFilterChain.doFilter(ApplicationFilterChain.java:166) [catalina.jar:9.0.14]
		at org.nuxeo.ecm.webengine.jaxrs.context.RequestContextFilter.run(RequestContextFilter.java:48) [nuxeo-webengine-jaxrs-10.10.jar:?]
		at org.nuxeo.ecm.webengine.jaxrs.HttpFilter.doFilter(HttpFilter.java:49) [nuxeo-webengine-jaxrs-10.10.jar:?]
		at org.apache.catalina.core.ApplicationFilterChain.internalDoFilter(ApplicationFilterChain.java:193) [catalina.jar:9.0.14]
		at org.apache.catalina.core.ApplicationFilterChain.doFilter(ApplicationFilterChain.java:166) [catalina.jar:9.0.14]
		at org.nuxeo.ecm.webengine.app.HeaderFixFilter.run(HeaderFixFilter.java:62) [nuxeo-webengine-core-10.10.jar:?]
		at org.nuxeo.ecm.webengine.jaxrs.HttpFilter.doFilter(HttpFilter.java:49) [nuxeo-webengine-jaxrs-10.10.jar:?]
		at org.apache.catalina.core.ApplicationFilterChain.internalDoFilter(ApplicationFilterChain.java:193) [catalina.jar:9.0.14]
		at org.apache.catalina.core.ApplicationFilterChain.doFilter(ApplicationFilterChain.java:166) [catalina.jar:9.0.14]
		at org.nuxeo.ecm.core.management.jtajca.internal.Log4jWebFilter.doFilter(Log4jWebFilter.java:69) [nuxeo-core-management-jtajca-10.10.jar:?]
		at org.apache.catalina.core.ApplicationFilterChain.internalDoFilter(ApplicationFilterChain.java:193) [catalina.jar:9.0.14]
		at org.apache.catalina.core.ApplicationFilterChain.doFilter(ApplicationFilterChain.java:166) [catalina.jar:9.0.14]
		at org.nuxeo.ecm.platform.web.common.requestcontroller.filter.NuxeoRequestControllerFilter.doFilter(NuxeoRequestControllerFilter.java:134) [nuxeo-platform-web-common-10.10.jar:?]
		at org.apache.catalina.core.ApplicationFilterChain.internalDoFilter(ApplicationFilterChain.java:193) [catalina.jar:9.0.14]
		at org.apache.catalina.core.ApplicationFilterChain.doFilter(ApplicationFilterChain.java:166) [catalina.jar:9.0.14]
		at org.nuxeo.ecm.platform.ui.web.auth.NuxeoAuthenticationFilter.doFilterInternal(NuxeoAuthenticationFilter.java:633) [nuxeo-platform-web-common-10.10.jar:?]
		at org.nuxeo.ecm.platform.ui.web.auth.NuxeoAuthenticationFilter.doFilter(NuxeoAuthenticationFilter.java:429) [nuxeo-platform-web-common-10.10.jar:?]
		at org.apache.catalina.core.ApplicationFilterChain.internalDoFilter(ApplicationFilterChain.java:193) [catalina.jar:9.0.14]
		at org.apache.catalina.core.ApplicationFilterChain.doFilter(ApplicationFilterChain.java:166) [catalina.jar:9.0.14]
		at org.nuxeo.ecm.platform.web.common.exceptionhandling.NuxeoExceptionFilter.doFilter(NuxeoExceptionFilter.java:67) [nuxeo-platform-web-common-10.10.jar:?]
		at org.apache.catalina.core.ApplicationFilterChain.internalDoFilter(ApplicationFilterChain.java:193) [catalina.jar:9.0.14]
		at org.apache.catalina.core.ApplicationFilterChain.doFilter(ApplicationFilterChain.java:166) [catalina.jar:9.0.14]
		at org.nuxeo.ecm.platform.web.common.encoding.NuxeoEncodingFilter.doFilter(NuxeoEncodingFilter.java:64) [nuxeo-platform-web-common-10.10.jar:?]
		at org.apache.catalina.core.ApplicationFilterChain.internalDoFilter(ApplicationFilterChain.java:193) [catalina.jar:9.0.14]
		at org.apache.catalina.core.ApplicationFilterChain.doFilter(ApplicationFilterChain.java:166) [catalina.jar:9.0.14]
		at org.apache.catalina.core.ApplicationDispatcher.invoke(ApplicationDispatcher.java:712) [catalina.jar:9.0.14]
		at org.apache.catalina.core.ApplicationDispatcher.processRequest(ApplicationDispatcher.java:459) [catalina.jar:9.0.14]
		at org.apache.catalina.core.ApplicationDispatcher.doForward(ApplicationDispatcher.java:384) [catalina.jar:9.0.14]
		at org.apache.catalina.core.ApplicationDispatcher.forward(ApplicationDispatcher.java:312) [catalina.jar:9.0.14]
		at org.nuxeo.ecm.restapi.server.APIServlet.service(APIServlet.java:50) [nuxeo-rest-api-server-10.10.jar:?]
		at javax.servlet.http.HttpServlet.service(HttpServlet.java:741) [servlet-api.jar:?]
		at org.apache.catalina.core.ApplicationFilterChain.internalDoFilter(ApplicationFilterChain.java:231) [catalina.jar:9.0.14]
		at org.apache.catalina.core.ApplicationFilterChain.doFilter(ApplicationFilterChain.java:166) [catalina.jar:9.0.14]
		at org.apache.tomcat.websocket.server.WsFilter.doFilter(WsFilter.java:53) [tomcat-websocket.jar:9.0.14]
		at org.apache.catalina.core.ApplicationFilterChain.internalDoFilter(ApplicationFilterChain.java:193) [catalina.jar:9.0.14]
		at org.apache.catalina.core.ApplicationFilterChain.doFilter(ApplicationFilterChain.java:166) [catalina.jar:9.0.14]
		at org.nuxeo.elasticsearch.ElasticSearchFilter.doFilter(ElasticSearchFilter.java:55) [nuxeo-elasticsearch-core-10.10.jar:?]
		at org.apache.catalina.core.ApplicationFilterChain.internalDoFilter(ApplicationFilterChain.java:193) [catalina.jar:9.0.14]
		at org.apache.catalina.core.ApplicationFilterChain.doFilter(ApplicationFilterChain.java:166) [catalina.jar:9.0.14]
		at org.nuxeo.ecm.platform.web.common.requestcontroller.filter.NuxeoThreadTrackerFilter.doFilter(NuxeoThreadTrackerFilter.java:43) [nuxeo-platform-web-common-10.10.jar:?]
		at org.apache.catalina.core.ApplicationFilterChain.internalDoFilter(ApplicationFilterChain.java:193) [catalina.jar:9.0.14]
		at org.apache.catalina.core.ApplicationFilterChain.doFilter(ApplicationFilterChain.java:166) [catalina.jar:9.0.14]
		at org.nuxeo.ecm.platform.web.common.requestcontroller.filter.NuxeoStandbyFilter.doFilter(NuxeoStandbyFilter.java:67) [nuxeo-platform-web-common-10.10.jar:?]
		at org.apache.catalina.core.ApplicationFilterChain.internalDoFilter(ApplicationFilterChain.java:193) [catalina.jar:9.0.14]
		at org.apache.catalina.core.ApplicationFilterChain.doFilter(ApplicationFilterChain.java:166) [catalina.jar:9.0.14]
		at org.nuxeo.ecm.core.management.jtajca.internal.Log4jWebFilter.doFilter(Log4jWebFilter.java:69) [nuxeo-core-management-jtajca-10.10.jar:?]
		at org.apache.catalina.core.ApplicationFilterChain.internalDoFilter(ApplicationFilterChain.java:193) [catalina.jar:9.0.14]
		at org.apache.catalina.core.ApplicationFilterChain.doFilter(ApplicationFilterChain.java:166) [catalina.jar:9.0.14]
		at org.nuxeo.ecm.platform.ui.web.rest.FancyURLFilter.doFilter(FancyURLFilter.java:120) [nuxeo-platform-ui-web-10.10.jar:?]
		at org.apache.catalina.core.ApplicationFilterChain.internalDoFilter(ApplicationFilterChain.java:193) [catalina.jar:9.0.14]
		at org.apache.catalina.core.ApplicationFilterChain.doFilter(ApplicationFilterChain.java:166) [catalina.jar:9.0.14]
		at org.nuxeo.ecm.platform.web.common.requestcontroller.filter.NuxeoRequestControllerFilter.doFilter(NuxeoRequestControllerFilter.java:134) [nuxeo-platform-web-common-10.10.jar:?]
		at org.apache.catalina.core.ApplicationFilterChain.internalDoFilter(ApplicationFilterChain.java:193) [catalina.jar:9.0.14]
		at org.apache.catalina.core.ApplicationFilterChain.doFilter(ApplicationFilterChain.java:166) [catalina.jar:9.0.14]
		at com.thetransactioncompany.cors.CORSFilter.doFilter(CORSFilter.java:209) [cors-filter-2.6.jar:2.6]
		at com.thetransactioncompany.cors.CORSFilter.doFilter(CORSFilter.java:244) [cors-filter-2.6.jar:2.6]
		at org.nuxeo.ecm.platform.web.common.requestcontroller.filter.NuxeoCorsCsrfFilter.doFilter(NuxeoCorsCsrfFilter.java:258) [nuxeo-platform-web-common-10.10.jar:?]
		at org.apache.catalina.core.ApplicationFilterChain.internalDoFilter(ApplicationFilterChain.java:193) [catalina.jar:9.0.14]
		at org.apache.catalina.core.ApplicationFilterChain.doFilter(ApplicationFilterChain.java:166) [catalina.jar:9.0.14]
		at org.nuxeo.ecm.platform.web.common.exceptionhandling.NuxeoExceptionFilter.doFilter(NuxeoExceptionFilter.java:67) [nuxeo-platform-web-common-10.10.jar:?]
		at org.apache.catalina.core.ApplicationFilterChain.internalDoFilter(ApplicationFilterChain.java:193) [catalina.jar:9.0.14]
		at org.apache.catalina.core.ApplicationFilterChain.doFilter(ApplicationFilterChain.java:166) [catalina.jar:9.0.14]
		at org.nuxeo.ecm.platform.web.common.encoding.NuxeoEncodingFilter.doFilter(NuxeoEncodingFilter.java:64) [nuxeo-platform-web-common-10.10.jar:?]
		at org.apache.catalina.core.ApplicationFilterChain.internalDoFilter(ApplicationFilterChain.java:193) [catalina.jar:9.0.14]
		at org.apache.catalina.core.ApplicationFilterChain.doFilter(ApplicationFilterChain.java:166) [catalina.jar:9.0.14]
		at org.apache.catalina.core.StandardWrapperValve.invoke(StandardWrapperValve.java:199) [catalina.jar:9.0.14]
		at org.apache.catalina.core.StandardContextValve.invoke(StandardContextValve.java:96) [catalina.jar:9.0.14]
		at org.apache.catalina.authenticator.AuthenticatorBase.invoke(AuthenticatorBase.java:490) [catalina.jar:9.0.14]
		at org.apache.catalina.valves.rewrite.RewriteValve.invoke(RewriteValve.java:276) [catalina.jar:9.0.14]
		at org.apache.catalina.core.StandardHostValve.invoke(StandardHostValve.java:139) [catalina.jar:9.0.14]
		at org.apache.catalina.valves.ErrorReportValve.invoke(ErrorReportValve.java:92) [catalina.jar:9.0.14]
		at org.apache.catalina.valves.AbstractAccessLogValve.invoke(AbstractAccessLogValve.java:668) [catalina.jar:9.0.14]
		at org.apache.catalina.core.StandardEngineValve.invoke(StandardEngineValve.java:74) [catalina.jar:9.0.14]
		at org.apache.catalina.connector.CoyoteAdapter.service(CoyoteAdapter.java:343) [catalina.jar:9.0.14]
		at org.apache.coyote.http11.Http11Processor.service(Http11Processor.java:408) [tomcat-coyote.jar:9.0.14]
		at org.apache.coyote.AbstractProcessorLight.process(AbstractProcessorLight.java:66) [tomcat-coyote.jar:9.0.14]
		at org.apache.coyote.AbstractProtocol$ConnectionHandler.process(AbstractProtocol.java:834) [tomcat-coyote.jar:9.0.14]
		at org.apache.tomcat.util.net.NioEndpoint$SocketProcessor.doRun(NioEndpoint.java:1417) [tomcat-coyote.jar:9.0.14]
		at org.apache.tomcat.util.net.SocketProcessorBase.run(SocketProcessorBase.java:49) [tomcat-coyote.jar:9.0.14]
		at java.util.concurrent.ThreadPoolExecutor.runWorker(ThreadPoolExecutor.java:1149) [?:1.8.0_302]
		at java.util.concurrent.ThreadPoolExecutor$Worker.run(ThreadPoolExecutor.java:624) [?:1.8.0_302]
		at org.apache.tomcat.util.threads.TaskThread$WrappingRunnable.run(TaskThread.java:61) [tomcat-util.jar:9.0.14]
		at java.lang.Thread.run(Thread.java:748) [?:1.8.0_302]
Caused by: org.codehaus.groovy.control.MultipleCompilationErrorsException: startup failed:
script17600999886602086860178.groovy: 15: unable to resolve class org.nuxeo.connect.platform.PlatformId
 @ line 15, column 5.
       import org.nuxeo.connect.platform.PlatformId
       ^

1 error

	at org.codehaus.groovy.control.ErrorCollector.failIfErrors(ErrorCollector.java:310) ~[groovy-all-2.4.12.jar:2.4.12]
	at org.codehaus.groovy.control.CompilationUnit.applyToSourceUnits(CompilationUnit.java:958) ~[groovy-all-2.4.12.jar:2.4.12]
	at org.codehaus.groovy.control.CompilationUnit.doPhaseOperation(CompilationUnit.java:605) ~[groovy-all-2.4.12.jar:2.4.12]
	at org.codehaus.groovy.control.CompilationUnit.compile(CompilationUnit.java:554) ~[groovy-all-2.4.12.jar:2.4.12]
	at groovy.lang.GroovyClassLoader.doParseClass(GroovyClassLoader.java:298) ~[groovy-all-2.4.12.jar:2.4.12]
	at groovy.lang.GroovyClassLoader.parseClass(GroovyClassLoader.java:268) ~[groovy-all-2.4.12.jar:2.4.12]
	at groovy.lang.GroovyClassLoader.parseClass(GroovyClassLoader.java:254) ~[groovy-all-2.4.12.jar:2.4.12]
	at groovy.lang.GroovyClassLoader.parseClass(GroovyClassLoader.java:211) ~[groovy-all-2.4.12.jar:2.4.12]
	at groovy.lang.GroovyClassLoader.parseClass(GroovyClassLoader.java:221) ~[groovy-all-2.4.12.jar:2.4.12]
	at org.nuxeo.ecm.automation.core.scripting.GroovyScripting.getScript(GroovyScripting.java:129) ~[nuxeo-automation-core-10.10.jar:?]
	at org.nuxeo.ecm.automation.core.scripting.Scripting$GroovyScript.<init>(Scripting.java:159) ~[nuxeo-automation-core-10.10.jar:?]
	at org.nuxeo.ecm.automation.core.operations.RunInputScript.run(RunInputScript.java:61) ~[nuxeo-automation-core-10.10.jar:?]
	at sun.reflect.NativeMethodAccessorImpl.invoke0(Native Method) ~[?:1.8.0_302]
	at sun.reflect.NativeMethodAccessorImpl.invoke(NativeMethodAccessorImpl.java:62) ~[?:1.8.0_302]
	at sun.reflect.DelegatingMethodAccessorImpl.invoke(DelegatingMethodAccessorImpl.java:43) ~[?:1.8.0_302]
	at java.lang.reflect.Method.invoke(Method.java:498) ~[?:1.8.0_302]
	at org.nuxeo.ecm.automation.core.impl.InvokableMethod.doInvoke(InvokableMethod.java:174) ~[nuxeo-automation-core-10.10.jar:?]
	at org.nuxeo.ecm.automation.core.impl.InvokableMethod.invoke(InvokableMethod.java:179) ~[nuxeo-automation-core-10.10.jar:?]
	at org.nuxeo.ecm.automation.core.impl.OperationChainCompiler$OperationMethod.invoke(OperationChainCompiler.java:151) ~[nuxeo-automation-core-10.10.jar:?]
	at org.nuxeo.ecm.automation.core.impl.OperationChainCompiler$CompiledChainImpl.lambda$invoke$0(OperationChainCompiler.java:218) ~[nuxeo-automation-core-10.10.jar:?]
	at org.nuxeo.ecm.automation.OperationContext.call(OperationContext.java:326) ~[nuxeo-automation-core-10.10.jar:?]
	at org.nuxeo.ecm.automation.OperationContext.callWithChainParameters(OperationContext.java:291) ~[nuxeo-automation-core-10.10.jar:?]
	at org.nuxeo.ecm.automation.core.impl.OperationChainCompiler$CompiledChainImpl.invoke(OperationChainCompiler.java:215) ~[nuxeo-automation-core-10.10.jar:?]
	at org.nuxeo.ecm.automation.core.impl.OperationServiceImpl.run(OperationServiceImpl.java:115) ~[nuxeo-automation-core-10.10.jar:?]
	at org.nuxeo.ecm.automation.core.impl.OperationServiceImpl.lambda$run$0(OperationServiceImpl.java:105) ~[nuxeo-automation-core-10.10.jar:?]
	at org.nuxeo.ecm.automation.OperationContext.call(OperationContext.java:326) ~[nuxeo-automation-core-10.10.jar:?]
	at org.nuxeo.ecm.automation.OperationContext.callWithChainParameters(OperationContext.java:291) ~[nuxeo-automation-core-10.10.jar:?]
	at org.nuxeo.ecm.automation.core.impl.OperationServiceImpl.run(OperationServiceImpl.java:105) ~[nuxeo-automation-core-10.10.jar:?]
	at org.nuxeo.ecm.automation.server.jaxrs.OperationResource.execute(OperationResource.java:58) ~[nuxeo-automation-server-10.10.jar:?]
	at org.nuxeo.ecm.automation.server.jaxrs.ExecutableResource.doPost(ExecutableResource.java:70) ~[nuxeo-automation-server-10.10.jar:?]
	... 122 more
2025-10-10T12:39:51,171 WARN  [http-nio-0.0.0.0-8080-exec-5] [org.apache.http.client.protocol.ResponseProcessCookies] Invalid cookie header: "Set-Cookie: AWSALB=mo2U+t2hBLzBh8olTYDbzEpMgqVisERdoVwO6YXDMvKkmFUpPzV1wh8um8Tp8TKV6SbtXrGPwRxeeTT2uiOxIoR+A3PggSL4a1LD5+IadMRmCkNch/3iH/Xes20R; Expires=Fri, 17 Oct 2025 12:39:51 GMT; Path=/". Invalid 'expires' attribute: Fri, 17 Oct 2025 12:39:51 GMT
2025-10-10T12:39:51,172 WARN  [http-nio-0.0.0.0-8080-exec-5] [org.apache.http.client.protocol.ResponseProcessCookies] Invalid cookie header: "Set-Cookie: AWSALBCORS=mo2U+t2hBLzBh8olTYDbzEpMgqVisERdoVwO6YXDMvKkmFUpPzV1wh8um8Tp8TKV6SbtXrGPwRxeeTT2uiOxIoR+A3PggSL4a1LD5+IadMRmCkNch/3iH/Xes20R; Expires=Fri, 17 Oct 2025 12:39:51 GMT; Path=/; SameSite=None; Secure". Invalid 'expires' attribute: Fri, 17 Oct 2025 12:39:51 GMT
